rank,domain,echoes,field,sound_note,checked_at
1,"plafet.com",planet,astro,"echoes ""planet"" (astro); 2-syllable, crisp -et ending",2026-07-24T04:54:03.355Z
2,"spigor.com",spinor,physics,"echoes ""spinor"" (physics); 2-syllable, crisp -or ending",2026-07-24T04:58:57.567Z
3,"plapar.com",planar,math,"echoes ""planar"" (math); 2-syllable, crisp -ar ending",2026-07-24T04:58:57.566Z
4,"secank.com",secant,math,"echoes ""secant"" (math); 2-syllable, crisp -nk ending",2026-07-24T04:54:03.354Z
5,"sulfut.com",sulfur,chem,"echoes ""sulfur"" (chem); 2-syllable, crisp -ut ending",2026-07-24T04:58:57.567Z
6,"vemtex.com",vertex,math,"echoes ""vertex"" (math); 2-syllable, crisp -ex ending",2026-07-24T04:54:03.353Z
7,"vuctor.com",vector,physics,"echoes ""vector"" (physics); 2-syllable, crisp -or ending",2026-07-24T04:54:03.353Z
8,"facmor.com",factor,math,"echoes ""factor"" (math); 2-syllable, crisp -or ending",2026-07-24T04:54:03.353Z
9,"masrix.com",matrix,math,"echoes ""matrix"" (math); 2-syllable, crisp -ix ending",2026-07-24T04:54:03.355Z
10,"mofent.com",moment,physics,"echoes ""moment"" (physics); 2-syllable, crisp -nt ending",2026-07-24T04:58:57.566Z
11,"nebulk.com",nebula,astro,"echoes ""nebula"" (astro); 2-syllable, crisp -lk ending",2026-07-24T04:54:03.352Z
12,"niskel.com",nickel,chem,"echoes ""nickel"" (chem); 2-syllable, crisp -el ending",2026-07-24T04:54:03.354Z
13,"slalar.com",scalar,physics,"echoes ""scalar"" (physics); 2-syllable, crisp -ar ending",2026-07-24T04:54:03.354Z
14,"plamid.com",plasmid,bio,"echoes ""plasmid"" (bio); 2-syllable, crisp -id ending",2026-07-24T04:54:03.352Z
15,"silvep.com",silver,chem,"echoes ""silver"" (chem); 2-syllable, crisp -ep ending",2026-07-24T04:58:57.567Z
16,"crysak.com",crystal,chem,"echoes ""crystal"" (chem); 2-syllable, crisp -ak ending",2026-07-24T04:54:03.353Z
17,"fracak.com",fractal,math,"echoes ""fractal"" (math); 2-syllable, crisp -ak ending",2026-07-24T04:54:03.354Z
18,"glucok.com",glucose,bio,"echoes ""glucose"" (bio); 2-syllable, crisp -ok ending",2026-07-24T04:58:57.566Z
19,"plasok.com",plasmon,physics,"echoes ""plasmon"" (physics); 2-syllable, crisp -ok ending",2026-07-24T04:58:57.567Z
20,"pratok.com",proton,physics,"echoes ""proton"" (physics); 2-syllable, crisp -ok ending",2026-07-24T04:54:03.355Z
21,"prigek.com",perigee,astro,"echoes ""perigee"" (astro); 2-syllable, crisp -ek ending",2026-07-24T04:58:57.567Z
22,"slicok.com",silicon,chem,"echoes ""silicon"" (chem); 2-syllable, crisp -ok ending",2026-07-24T04:58:57.566Z
23,"slitot.com",soliton,physics,"echoes ""soliton"" (physics); 2-syllable, crisp -ot ending",2026-07-24T04:58:57.567Z
24,"licand.com",ligand,bio,"echoes ""ligand"" (bio); 2-syllable, crisp -nd ending",2026-07-24T04:58:57.567Z
25,"butanx.com",butane,chem,"echoes ""butane"" (chem); 2-syllable, crisp -nx ending",2026-07-24T04:58:57.567Z
26,"cebalt.com",cobalt,chem,"echoes ""cobalt"" (chem); 2-syllable, crisp -lt ending",2026-07-24T04:54:03.355Z
27,"cunvex.com",convex,math,"echoes ""convex"" (math); 2-syllable, crisp -ex ending",2026-07-24T04:58:57.566Z
28,"dipolk.com",dipole,physics,"echoes ""dipole"" (physics); 2-syllable, crisp -lk ending",2026-07-24T04:54:03.355Z
29,"ketonk.com",ketone,chem,"echoes ""ketone"" (chem); 2-syllable, crisp -nk ending",2026-07-24T04:54:03.355Z
30,"phebol.com",phenol,chem,"echoes ""phenol"" (chem); 2-syllable, crisp -ol ending",2026-07-24T04:54:03.354Z
31,"tensok.com",tensor,physics,"echoes ""tensor"" (physics); 2-syllable, crisp -ok ending",2026-07-24T04:54:03.353Z
32,"torquk.com",torque,physics,"echoes ""torque"" (physics); 2-syllable, crisp -uk ending",2026-07-24T04:54:03.354Z
33,"cranuk.com",cranium,bio,"echoes ""cranium"" (bio); 2-syllable, crisp -uk ending",2026-07-24T04:58:57.567Z
34,"lactot.com",lactose,bio,"echoes ""lactose"" (bio); 2-syllable, crisp -ot ending",2026-07-24T04:58:57.567Z
35,"rabost.com",ribose,bio,"echoes ""ribose"" (bio); 2-syllable, crisp -st ending",2026-07-24T04:54:03.354Z
36,"sigmik.com",sigma,math,"echoes ""sigma"" (math); 2-syllable, crisp -ik ending",2026-07-24T04:54:03.352Z
37,"sovenk.com",solvent,chem,"echoes ""solvent"" (chem); 2-syllable, crisp -nk ending",2026-07-24T04:54:03.355Z
38,"sucrok.com",sucrose,bio,"echoes ""sucrose"" (bio); 2-syllable, crisp -ok ending",2026-07-24T04:58:57.567Z
39,"sulfik.com",sulfide,chem,"echoes ""sulfide"" (chem); 2-syllable, crisp -ik ending",2026-07-24T04:54:03.355Z
40,"vortat.com",vortex,physics,"echoes ""vortex"" (physics); 2-syllable, crisp -at ending",2026-07-24T04:58:57.567Z
41,"plonon.com",phonon,physics,"echoes ""phonon"" (physics); 2-syllable, crisp -on ending",2026-07-24T04:58:57.567Z
42,"coprer.com",copper,chem,"echoes ""copper"" (chem); 2-syllable, crisp -er ending",2026-07-24T04:58:57.566Z
43,"coronk.com",corona,astro,"echoes ""corona"" (astro); 2-syllable, crisp -nk ending",2026-07-24T04:54:03.355Z
44,"kebnel.com",kernel,math,"echoes ""kernel"" (math); 2-syllable, crisp -el ending",2026-07-24T04:58:57.567Z
45,"kelvil.com",kelvin,physics,"echoes ""kelvin"" (physics); 2-syllable, crisp -il ending",2026-07-24T04:54:03.354Z
46,"paslal.com",pascal,physics,"echoes ""pascal"" (physics); 2-syllable, crisp -al ending",2026-07-24T04:54:03.355Z
47,"pulfar.com",pulsar,astro,"echoes ""pulsar"" (astro); 2-syllable, crisp -ar ending",2026-07-24T04:54:03.355Z
48,"fermok.com",fermion,physics,"echoes ""fermion"" (physics); 2-syllable, crisp -ok ending",2026-07-24T04:54:03.354Z
49,"fermuk.com",fermi,physics,"echoes ""fermi"" (physics); 2-syllable, crisp -uk ending",2026-07-24T04:58:57.567Z
50,"madulk.com",modulo,math,"echoes ""modulo"" (math); 2-syllable, crisp -lk ending",2026-07-24T04:54:03.355Z
51,"magnuk.com",magnet,physics,"echoes ""magnet"" (physics); 2-syllable, crisp -uk ending",2026-07-24T04:54:03.355Z
52,"megnok.com",magnon,physics,"echoes ""magnon"" (physics); 2-syllable, crisp -ok ending",2026-07-24T04:58:57.566Z
53,"mehant.com",methane,chem,"echoes ""methane"" (chem); 2-syllable, crisp -nt ending",2026-07-24T04:58:57.567Z
54,"modlut.com",modulus,math,"echoes ""modulus"" (math); 2-syllable, crisp -ut ending",2026-07-24T04:54:03.355Z
55,"nuclek.com",nucleus,physics,"echoes ""nucleus"" (physics); 2-syllable, crisp -ek ending",2026-07-24T04:54:03.353Z
56,"radanx.com",radiant,astro,"echoes ""radiant"" (astro); 2-syllable, crisp -nx ending",2026-07-24T04:58:57.567Z
57,"ragenk.com",reagent,chem,"echoes ""reagent"" (chem); 2-syllable, crisp -nk ending",2026-07-24T04:54:03.355Z
58,"valenk.com",valence,chem,"echoes ""valence"" (chem); 2-syllable, crisp -nk ending",2026-07-24T04:54:03.355Z
59,"leplon.com",lepton,physics,"echoes ""lepton"" (physics); 2-syllable, crisp -on ending",2026-07-24T04:54:03.354Z
60,"newnon.com",newton,physics,"echoes ""newton"" (physics); 2-syllable, crisp -on ending",2026-07-24T04:54:03.354Z
61,"cocmic.com",cosmic,astro,"echoes ""cosmic"" (astro); 2-syllable, crisp -ic ending",2026-07-24T04:54:03.355Z
62,"cokmos.com",cosmos,astro,"echoes ""cosmos"" (astro); 2-syllable, crisp -os ending",2026-07-24T04:54:03.352Z
63,"hadrod.com",hadron,physics,"echoes ""hadron"" (physics); 2-syllable, crisp -od ending",2026-07-24T04:54:03.353Z
64,"parcec.com",parsec,astro,"echoes ""parsec"" (astro); 2-syllable, crisp -ec ending",2026-07-24T04:54:03.353Z
65,"phofon.com",photon,physics,"echoes ""photon"" (physics); 2-syllable, crisp -on ending",2026-07-24T04:54:03.355Z
66,"tendod.com",tendon,bio,"echoes ""tendon"" (bio); 2-syllable, crisp -od ending",2026-07-24T04:58:57.567Z
67,"bromip.com",bromine,chem,"echoes ""bromine"" (chem); 2-syllable, crisp -ip ending",2026-07-24T04:58:57.567Z
68,"plymep.com",polymer,chem,"echoes ""polymer"" (chem); 2-syllable, crisp -ep ending",2026-07-24T04:54:03.352Z
69,"lemmek.com",lemma,math,"echoes ""lemma"" (math); 2-syllable, crisp -ek ending",2026-07-24T04:54:03.355Z
70,"melank.com",melanin,bio,"echoes ""melanin"" (bio); 2-syllable, crisp -nk ending",2026-07-24T04:58:57.566Z
71,"nitrir.com",nitride,chem,"echoes ""nitride"" (chem); 2-syllable, crisp -ir ending",2026-07-24T04:54:03.354Z
72,"bezenk.com",benzene,chem,"echoes ""benzene"" (chem); 2-syllable, crisp -nk ending",2026-07-24T04:54:03.355Z
73,"cerbok.com",carbon,chem,"echoes ""carbon"" (chem); 2-syllable, crisp -ok ending",2026-07-24T04:54:03.355Z
74,"cesink.com",cosine,math,"echoes ""cosine"" (math); 2-syllable, crisp -nk ending",2026-07-24T04:54:03.354Z
75,"cirtet.com",cortex,bio,"echoes ""cortex"" (bio); 2-syllable, crisp -et ending",2026-07-24T04:54:03.354Z
76,"concak.com",concave,math,"echoes ""concave"" (math); 2-syllable, crisp -ak ending",2026-07-24T04:58:57.567Z
77,"deltet.com",delta,math,"echoes ""delta"" (math); 2-syllable, crisp -et ending",2026-07-24T04:54:03.355Z
78,"popank.com",propane,chem,"echoes ""propane"" (chem); 2-syllable, crisp -nk ending",2026-07-24T04:58:57.567Z
79,"qantuk.com",quantum,physics,"echoes ""quantum"" (physics); 2-syllable, crisp -uk ending",2026-07-24T04:54:03.355Z
80,"tagenk.com",tangent,math,"echoes ""tangent"" (math); 2-syllable, crisp -nk ending",2026-07-24T04:54:03.355Z
81,"torsok.com",torsion,physics,"echoes ""torsion"" (physics); 2-syllable, crisp -ok ending",2026-07-24T04:58:57.566Z
82,"binerk.com",binary,math,"echoes ""binary"" (math); 2-syllable, crisp -rk ending",2026-07-24T04:54:03.353Z
83,"calcir.com",calcium,chem,"echoes ""calcium"" (chem); 2-syllable, crisp -ir ending",2026-07-24T04:58:57.566Z
84,"gammok.com",gamma,physics,"echoes ""gamma"" (physics); 2-syllable, crisp -ok ending",2026-07-24T04:54:03.353Z
85,"homonx.com",hormone,bio,"echoes ""hormone"" (bio); 2-syllable, crisp -nx ending",2026-07-24T04:58:57.567Z
86,"kertir.com",keratin,bio,"echoes ""keratin"" (bio); 2-syllable, crisp -ir ending",2026-07-24T04:58:57.567Z
87,"teslil.com",tesla,physics,"echoes ""tesla"" (physics); 2-syllable, crisp -il ending",2026-07-24T04:54:03.355Z
88,"plaget.com",planet,astro,"echoes ""planet"" (astro); 2-syllable, crisp -et ending",2026-07-24T04:54:03.354Z
89,"spipor.com",spinor,physics,"echoes ""spinor"" (physics); 2-syllable, crisp -or ending",2026-07-24T04:58:57.567Z
90,"plavar.com",planar,math,"echoes ""planar"" (math); 2-syllable, crisp -ar ending",2026-07-24T04:58:57.567Z
91,"sefant.com",secant,math,"echoes ""secant"" (math); 2-syllable, crisp -nt ending",2026-07-24T04:54:03.355Z
92,"sulbur.com",sulfur,chem,"echoes ""sulfur"" (chem); 2-syllable, crisp -ur ending",2026-07-24T04:58:57.566Z
93,"vartet.com",vertex,math,"echoes ""vertex"" (math); 2-syllable, crisp -et ending",2026-07-24T04:54:03.355Z
94,"veclor.com",vector,physics,"echoes ""vector"" (physics); 2-syllable, crisp -or ending",2026-07-24T04:54:03.354Z
95,"facror.com",factor,math,"echoes ""factor"" (math); 2-syllable, crisp -or ending",2026-07-24T04:54:03.354Z
96,"mazrix.com",matrix,math,"echoes ""matrix"" (math); 2-syllable, crisp -ix ending",2026-07-24T04:54:03.354Z
97,"mamenk.com",moment,physics,"echoes ""moment"" (physics); 2-syllable, crisp -nk ending",2026-07-24T04:58:57.567Z
98,"nebult.com",nebula,astro,"echoes ""nebula"" (astro); 2-syllable, crisp -lt ending",2026-07-24T04:54:03.353Z
99,"niclel.com",nickel,chem,"echoes ""nickel"" (chem); 2-syllable, crisp -el ending",2026-07-24T04:54:03.355Z
100,"snalar.com",scalar,physics,"echoes ""scalar"" (physics); 2-syllable, crisp -ar ending",2026-07-24T04:54:03.355Z
101,"plamik.com",plasmid,bio,"echoes ""plasmid"" (bio); 2-syllable, crisp -ik ending",2026-07-24T04:54:03.352Z
102,"silrer.com",silver,chem,"echoes ""silver"" (chem); 2-syllable, crisp -er ending",2026-07-24T04:58:57.567Z
103,"crysax.com",crystal,chem,"echoes ""crystal"" (chem); 2-syllable, crisp -ax ending",2026-07-24T04:54:03.352Z
104,"fracax.com",fractal,math,"echoes ""fractal"" (math); 2-syllable, crisp -ax ending",2026-07-24T04:54:03.354Z
105,"glucot.com",glucose,bio,"echoes ""glucose"" (bio); 2-syllable, crisp -ot ending",2026-07-24T04:58:57.566Z
106,"plasot.com",plasmon,physics,"echoes ""plasmon"" (physics); 2-syllable, crisp -ot ending",2026-07-24T04:58:57.567Z
107,"pratot.com",proton,physics,"echoes ""proton"" (physics); 2-syllable, crisp -ot ending",2026-07-24T04:54:03.355Z
108,"priged.com",perigee,astro,"echoes ""perigee"" (astro); 2-syllable, crisp -ed ending",2026-07-24T04:58:57.567Z
109,"slicox.com",silicon,chem,"echoes ""silicon"" (chem); 2-syllable, crisp -ox ending",2026-07-24T04:58:57.566Z
110,"slitox.com",soliton,physics,"echoes ""soliton"" (physics); 2-syllable, crisp -ox ending",2026-07-24T04:58:57.567Z
111,"lidand.com",ligand,bio,"echoes ""ligand"" (bio); 2-syllable, crisp -nd ending",2026-07-24T04:58:57.567Z
112,"butans.com",butane,chem,"echoes ""butane"" (chem); 2-syllable, crisp -ns ending",2026-07-24T04:58:57.567Z
113,"cibalt.com",cobalt,chem,"echoes ""cobalt"" (chem); 2-syllable, crisp -lt ending",2026-07-24T04:54:03.353Z
114,"cinvek.com",convex,math,"echoes ""convex"" (math); 2-syllable, crisp -ek ending",2026-07-24T04:58:57.567Z
115,"dipolt.com",dipole,physics,"echoes ""dipole"" (physics); 2-syllable, crisp -lt ending",2026-07-24T04:54:03.355Z
116,"ketont.com",ketone,chem,"echoes ""ketone"" (chem); 2-syllable, crisp -nt ending",2026-07-24T04:54:03.355Z
117,"phecol.com",phenol,chem,"echoes ""phenol"" (chem); 2-syllable, crisp -ol ending",2026-07-24T04:54:03.355Z
118,"tensot.com",tensor,physics,"echoes ""tensor"" (physics); 2-syllable, crisp -ot ending",2026-07-24T04:54:03.353Z
119,"torqut.com",torque,physics,"echoes ""torque"" (physics); 2-syllable, crisp -ut ending",2026-07-24T04:54:03.354Z
120,"cranux.com",cranium,bio,"echoes ""cranium"" (bio); 2-syllable, crisp -ux ending",2026-07-24T04:58:57.567Z
121,"lactox.com",lactose,bio,"echoes ""lactose"" (bio); 2-syllable, crisp -ox ending",2026-07-24T04:58:57.567Z
122,"ribist.com",ribose,bio,"echoes ""ribose"" (bio); 2-syllable, crisp -st ending",2026-07-24T04:54:03.355Z
123,"sigmok.com",sigma,math,"echoes ""sigma"" (math); 2-syllable, crisp -ok ending",2026-07-24T04:54:03.352Z
124,"sucrot.com",sucrose,bio,"echoes ""sucrose"" (bio); 2-syllable, crisp -ot ending",2026-07-24T04:58:57.567Z
125,"sulfip.com",sulfide,chem,"echoes ""sulfide"" (chem); 2-syllable, crisp -ip ending",2026-07-24T04:54:03.355Z
126,"vortot.com",vortex,physics,"echoes ""vortex"" (physics); 2-syllable, crisp -ot ending",2026-07-24T04:58:57.567Z
127,"phonan.com",phonon,physics,"echoes ""phonon"" (physics); 2-syllable, crisp -an ending",2026-07-24T04:58:57.567Z
128,"caronk.com",corona,astro,"echoes ""corona"" (astro); 2-syllable, crisp -nk ending",2026-07-24T04:54:03.354Z
129,"kecnel.com",kernel,math,"echoes ""kernel"" (math); 2-syllable, crisp -el ending",2026-07-24T04:58:57.567Z
130,"kelcin.com",kelvin,physics,"echoes ""kelvin"" (physics); 2-syllable, crisp -in ending",2026-07-24T04:54:03.353Z
131,"pasnal.com",pascal,physics,"echoes ""pascal"" (physics); 2-syllable, crisp -al ending",2026-07-24T04:54:03.355Z
132,"pumsar.com",pulsar,astro,"echoes ""pulsar"" (astro); 2-syllable, crisp -ar ending",2026-07-24T04:54:03.355Z
133,"fermip.com",fermion,physics,"echoes ""fermion"" (physics); 2-syllable, crisp -ip ending",2026-07-24T04:54:03.355Z
134,"fermux.com",fermi,physics,"echoes ""fermi"" (physics); 2-syllable, crisp -ux ending",2026-07-24T04:58:57.567Z
135,"medulk.com",modulo,math,"echoes ""modulo"" (math); 2-syllable, crisp -lk ending",2026-07-24T04:54:03.354Z
136,"megnek.com",magnet,physics,"echoes ""magnet"" (physics); 2-syllable, crisp -ek ending",2026-07-24T04:54:03.352Z
137,"mignok.com",magnon,physics,"echoes ""magnon"" (physics); 2-syllable, crisp -ok ending",2026-07-24T04:58:57.567Z
138,"mehanx.com",methane,chem,"echoes ""methane"" (chem); 2-syllable, crisp -nx ending",2026-07-24T04:58:57.567Z
139,"modlul.com",modulus,math,"echoes ""modulus"" (math); 2-syllable, crisp -ul ending",2026-07-24T04:54:03.355Z
140,"nucluk.com",nucleus,physics,"echoes ""nucleus"" (physics); 2-syllable, crisp -uk ending",2026-07-24T04:54:03.352Z
141,"ragenx.com",reagent,chem,"echoes ""reagent"" (chem); 2-syllable, crisp -nx ending",2026-07-24T04:54:03.352Z
142,"lepmon.com",lepton,physics,"echoes ""lepton"" (physics); 2-syllable, crisp -on ending",2026-07-24T04:54:03.355Z
143,"cofmic.com",cosmic,astro,"echoes ""cosmic"" (astro); 2-syllable, crisp -ic ending",2026-07-24T04:54:03.354Z
144,"copmos.com",cosmos,astro,"echoes ""cosmos"" (astro); 2-syllable, crisp -os ending",2026-07-24T04:54:03.355Z
145,"hadroz.com",hadron,physics,"echoes ""hadron"" (physics); 2-syllable, crisp -oz ending",2026-07-24T04:54:03.355Z
146,"pargec.com",parsec,astro,"echoes ""parsec"" (astro); 2-syllable, crisp -ec ending",2026-07-24T04:54:03.355Z
147,"phovon.com",photon,physics,"echoes ""photon"" (physics); 2-syllable, crisp -on ending",2026-07-24T04:54:03.353Z
148,"tandok.com",tendon,bio,"echoes ""tendon"" (bio); 2-syllable, crisp -ok ending",2026-07-24T04:58:57.566Z
149,"bromiz.com",bromine,chem,"echoes ""bromine"" (chem); 2-syllable, crisp -iz ending",2026-07-24T04:58:57.567Z
150,"plymes.com",polymer,chem,"echoes ""polymer"" (chem); 2-syllable, crisp -es ending",2026-07-24T04:54:03.352Z
151,"lemmil.com",lemma,math,"echoes ""lemma"" (math); 2-syllable, crisp -il ending",2026-07-24T04:54:03.355Z
152,"melnil.com",melanin,bio,"echoes ""melanin"" (bio); 2-syllable, crisp -il ending",2026-07-24T04:58:57.566Z
153,"nitriz.com",nitride,chem,"echoes ""nitride"" (chem); 2-syllable, crisp -iz ending",2026-07-24T04:54:03.354Z
154,"benenk.com",benzene,chem,"echoes ""benzene"" (chem); 2-syllable, crisp -nk ending",2026-07-24T04:54:03.354Z
155,"cirbok.com",carbon,chem,"echoes ""carbon"" (chem); 2-syllable, crisp -ok ending",2026-07-24T04:54:03.355Z
156,"cesinx.com",cosine,math,"echoes ""cosine"" (math); 2-syllable, crisp -nx ending",2026-07-24T04:54:03.354Z
157,"cortok.com",cortex,bio,"echoes ""cortex"" (bio); 2-syllable, crisp -ok ending",2026-07-24T04:54:03.354Z
158,"concaz.com",concave,math,"echoes ""concave"" (math); 2-syllable, crisp -az ending",2026-07-24T04:58:57.567Z
159,"deltot.com",delta,math,"echoes ""delta"" (math); 2-syllable, crisp -ot ending",2026-07-24T04:54:03.355Z
160,"popanx.com",propane,chem,"echoes ""propane"" (chem); 2-syllable, crisp -nx ending",2026-07-24T04:58:57.567Z
161,"qantut.com",quantum,physics,"echoes ""quantum"" (physics); 2-syllable, crisp -ut ending",2026-07-24T04:54:03.355Z
162,"tagenx.com",tangent,math,"echoes ""tangent"" (math); 2-syllable, crisp -nx ending",2026-07-24T04:54:03.355Z
163,"torsox.com",torsion,physics,"echoes ""torsion"" (physics); 2-syllable, crisp -ox ending",2026-07-24T04:58:57.567Z
164,"binirk.com",binary,math,"echoes ""binary"" (math); 2-syllable, crisp -rk ending",2026-07-24T04:54:03.354Z
165,"gammux.com",gamma,physics,"echoes ""gamma"" (physics); 2-syllable, crisp -ux ending",2026-07-24T04:54:03.354Z
166,"hormot.com",hormone,bio,"echoes ""hormone"" (bio); 2-syllable, crisp -ot ending",2026-07-24T04:58:57.567Z
167,"kertid.com",keratin,bio,"echoes ""keratin"" (bio); 2-syllable, crisp -id ending",2026-07-24T04:58:57.567Z
168,"teslul.com",tesla,physics,"echoes ""tesla"" (physics); 2-syllable, crisp -ul ending",2026-07-24T04:54:03.355Z
169,"plalet.com",planet,astro,"echoes ""planet"" (astro); 2-syllable, crisp -et ending",2026-07-24T04:54:03.355Z
170,"spisor.com",spinor,physics,"echoes ""spinor"" (physics); 2-syllable, crisp -or ending",2026-07-24T04:58:57.567Z
171,"plalar.com",planar,math,"echoes ""planar"" (math); 2-syllable, crisp -ar ending",2026-07-24T04:58:57.567Z
172,"sucant.com",secant,math,"echoes ""secant"" (math); 2-syllable, crisp -nt ending",2026-07-24T04:54:03.354Z
173,"sulcur.com",sulfur,chem,"echoes ""sulfur"" (chem); 2-syllable, crisp -ur ending",2026-07-24T04:58:57.567Z
174,"vortet.com",vertex,math,"echoes ""vertex"" (math); 2-syllable, crisp -et ending",2026-07-24T04:54:03.355Z
175,"vecmor.com",vector,physics,"echoes ""vector"" (physics); 2-syllable, crisp -or ending",2026-07-24T04:54:03.355Z
176,"fectol.com",factor,math,"echoes ""factor"" (math); 2-syllable, crisp -ol ending",2026-07-24T04:54:03.354Z
177,"mamrix.com",matrix,math,"echoes ""matrix"" (math); 2-syllable, crisp -ix ending",2026-07-24T04:54:03.355Z
178,"mamenx.com",moment,physics,"echoes ""moment"" (physics); 2-syllable, crisp -nx ending",2026-07-24T04:58:57.567Z
179,"nebuld.com",nebula,astro,"echoes ""nebula"" (astro); 2-syllable, crisp -ld ending",2026-07-24T04:54:03.355Z
180,"nicrel.com",nickel,chem,"echoes ""nickel"" (chem); 2-syllable, crisp -el ending",2026-07-24T04:54:03.355Z
181,"plasip.com",plasmid,bio,"echoes ""plasmid"" (bio); 2-syllable, crisp -ip ending",2026-07-24T04:54:03.354Z
182,"silvem.com",silver,chem,"echoes ""silver"" (chem); 2-syllable, crisp -em ending",2026-07-24T04:58:57.567Z
183,"crytat.com",crystal,chem,"echoes ""crystal"" (chem); 2-syllable, crisp -at ending",2026-07-24T04:54:03.355Z
184,"fratat.com",fractal,math,"echoes ""fractal"" (math); 2-syllable, crisp -at ending",2026-07-24T04:54:03.355Z
185,"plasox.com",plasmon,physics,"echoes ""plasmon"" (physics); 2-syllable, crisp -ox ending",2026-07-24T04:58:57.567Z
186,"pritot.com",proton,physics,"echoes ""proton"" (physics); 2-syllable, crisp -ot ending",2026-07-24T04:54:03.352Z
187,"prigep.com",perigee,astro,"echoes ""perigee"" (astro); 2-syllable, crisp -ep ending",2026-07-24T04:58:57.567Z
188,"silcok.com",silicon,chem,"echoes ""silicon"" (chem); 2-syllable, crisp -ok ending",2026-07-24T04:58:57.566Z
189,"slitol.com",soliton,physics,"echoes ""soliton"" (physics); 2-syllable, crisp -ol ending",2026-07-24T04:58:57.567Z
190,"ligald.com",ligand,bio,"echoes ""ligand"" (bio); 2-syllable, crisp -ld ending",2026-07-24T04:58:57.566Z
191,"batanx.com",butane,chem,"echoes ""butane"" (chem); 2-syllable, crisp -nx ending",2026-07-24T04:58:57.567Z
192,"cobalk.com",cobalt,chem,"echoes ""cobalt"" (chem); 2-syllable, crisp -lk ending",2026-07-24T04:54:03.354Z
193,"convuk.com",convex,math,"echoes ""convex"" (math); 2-syllable, crisp -uk ending",2026-07-24T04:58:57.567Z
194,"dapolk.com",dipole,physics,"echoes ""dipole"" (physics); 2-syllable, crisp -lk ending",2026-07-24T04:54:03.354Z
195,"katont.com",ketone,chem,"echoes ""ketone"" (chem); 2-syllable, crisp -nt ending",2026-07-24T04:54:03.355Z
196,"phedol.com",phenol,chem,"echoes ""phenol"" (chem); 2-syllable, crisp -ol ending",2026-07-24T04:54:03.353Z
197,"tunsor.com",tensor,physics,"echoes ""tensor"" (physics); 2-syllable, crisp -or ending",2026-07-24T04:54:03.355Z
198,"torqul.com",torque,physics,"echoes ""torque"" (physics); 2-syllable, crisp -ul ending",2026-07-24T04:54:03.354Z
199,"cranir.com",cranium,bio,"echoes ""cranium"" (bio); 2-syllable, crisp -ir ending",2026-07-24T04:58:57.567Z
200,"lactod.com",lactose,bio,"echoes ""lactose"" (bio); 2-syllable, crisp -od ending",2026-07-24T04:58:57.567Z
201,"ribust.com",ribose,bio,"echoes ""ribose"" (bio); 2-syllable, crisp -st ending",2026-07-24T04:54:03.355Z
202,"sigmuk.com",sigma,math,"echoes ""sigma"" (math); 2-syllable, crisp -uk ending",2026-07-24T04:54:03.355Z
203,"surost.com",sucrose,bio,"echoes ""sucrose"" (bio); 2-syllable, crisp -st ending",2026-07-24T04:58:57.567Z
204,"sulfiz.com",sulfide,chem,"echoes ""sulfide"" (chem); 2-syllable, crisp -iz ending",2026-07-24T04:54:03.355Z
205,"vortut.com",vortex,physics,"echoes ""vortex"" (physics); 2-syllable, crisp -ut ending",2026-07-24T04:58:57.567Z
206,"phonun.com",phonon,physics,"echoes ""phonon"" (physics); 2-syllable, crisp -un ending",2026-07-24T04:58:57.567Z
207,"ceronk.com",corona,astro,"echoes ""corona"" (astro); 2-syllable, crisp -nk ending",2026-07-24T04:54:03.353Z
208,"kednel.com",kernel,math,"echoes ""kernel"" (math); 2-syllable, crisp -el ending",2026-07-24T04:58:57.567Z
209,"kelvun.com",kelvin,physics,"echoes ""kelvin"" (physics); 2-syllable, crisp -un ending",2026-07-24T04:54:03.353Z
210,"pasral.com",pascal,physics,"echoes ""pascal"" (physics); 2-syllable, crisp -al ending",2026-07-24T04:54:03.355Z
211,"pulsaz.com",pulsar,astro,"echoes ""pulsar"" (astro); 2-syllable, crisp -az ending",2026-07-24T04:54:03.355Z
212,"fermiz.com",fermion,physics,"echoes ""fermion"" (physics); 2-syllable, crisp -iz ending",2026-07-24T04:54:03.355Z
213,"fermep.com",fermi,physics,"echoes ""fermi"" (physics); 2-syllable, crisp -ep ending",2026-07-24T04:58:57.567Z
214,"midulk.com",modulo,math,"echoes ""modulo"" (math); 2-syllable, crisp -lk ending",2026-07-24T04:54:03.354Z
215,"mignek.com",magnet,physics,"echoes ""magnet"" (physics); 2-syllable, crisp -ek ending",2026-07-24T04:54:03.355Z
216,"mignox.com",magnon,physics,"echoes ""magnon"" (physics); 2-syllable, crisp -ox ending",2026-07-24T04:58:57.567Z
217,"modlud.com",modulus,math,"echoes ""modulus"" (math); 2-syllable, crisp -ud ending",2026-07-24T04:54:03.355Z
218,"nuclut.com",nucleus,physics,"echoes ""nucleus"" (physics); 2-syllable, crisp -ut ending",2026-07-24T04:54:03.353Z
219,"ragend.com",reagent,chem,"echoes ""reagent"" (chem); 2-syllable, crisp -nd ending",2026-07-24T04:54:03.355Z
220,"lepnon.com",lepton,physics,"echoes ""lepton"" (physics); 2-syllable, crisp -on ending",2026-07-24T04:54:03.355Z
221,"cosmuc.com",cosmic,astro,"echoes ""cosmic"" (astro); 2-syllable, crisp -uc ending",2026-07-24T04:54:03.355Z
222,"coslos.com",cosmos,astro,"echoes ""cosmos"" (astro); 2-syllable, crisp -os ending",2026-07-24T04:54:03.355Z
223,"hadnon.com",hadron,physics,"echoes ""hadron"" (physics); 2-syllable, crisp -on ending",2026-07-24T04:54:03.355Z
224,"parpec.com",parsec,astro,"echoes ""parsec"" (astro); 2-syllable, crisp -ec ending",2026-07-24T04:54:03.355Z
225,"phatol.com",photon,physics,"echoes ""photon"" (physics); 2-syllable, crisp -ol ending",2026-07-24T04:54:03.355Z
226,"tendet.com",tendon,bio,"echoes ""tendon"" (bio); 2-syllable, crisp -et ending",2026-07-24T04:58:57.567Z
227,"bromim.com",bromine,chem,"echoes ""bromine"" (chem); 2-syllable, crisp -im ending",2026-07-24T04:58:57.567Z
228,"plymez.com",polymer,chem,"echoes ""polymer"" (chem); 2-syllable, crisp -ez ending",2026-07-24T04:54:03.352Z
229,"lemmok.com",lemma,math,"echoes ""lemma"" (math); 2-syllable, crisp -ok ending",2026-07-24T04:54:03.355Z
230,"melnit.com",melanin,bio,"echoes ""melanin"" (bio); 2-syllable, crisp -it ending",2026-07-24T04:58:57.567Z
231,"benenx.com",benzene,chem,"echoes ""benzene"" (chem); 2-syllable, crisp -nx ending",2026-07-24T04:54:03.354Z
232,"corbok.com",carbon,chem,"echoes ""carbon"" (chem); 2-syllable, crisp -ok ending",2026-07-24T04:54:03.354Z
233,"cisinx.com",cosine,math,"echoes ""cosine"" (math); 2-syllable, crisp -nx ending",2026-07-24T04:54:03.355Z
234,"cortut.com",cortex,bio,"echoes ""cortex"" (bio); 2-syllable, crisp -ut ending",2026-07-24T04:54:03.354Z
235,"deltuk.com",delta,math,"echoes ""delta"" (math); 2-syllable, crisp -uk ending",2026-07-24T04:54:03.355Z
236,"qantux.com",quantum,physics,"echoes ""quantum"" (physics); 2-syllable, crisp -ux ending",2026-07-24T04:54:03.355Z
237,"tanenk.com",tangent,math,"echoes ""tangent"" (math); 2-syllable, crisp -nk ending",2026-07-24T04:54:03.355Z
238,"torsil.com",torsion,physics,"echoes ""torsion"" (physics); 2-syllable, crisp -il ending",2026-07-24T04:58:57.567Z
239,"binirt.com",binary,math,"echoes ""binary"" (math); 2-syllable, crisp -rt ending",2026-07-24T04:54:03.354Z
240,"horonk.com",hormone,bio,"echoes ""hormone"" (bio); 2-syllable, crisp -nk ending",2026-07-24T04:58:57.567Z
241,"plenek.com",planet,astro,"echoes ""planet"" (astro); 2-syllable, crisp -ek ending",2026-07-24T04:54:03.354Z
242,"spivor.com",spinor,physics,"echoes ""spinor"" (physics); 2-syllable, crisp -or ending",2026-07-24T04:58:57.566Z
243,"plarar.com",planar,math,"echoes ""planar"" (math); 2-syllable, crisp -ar ending",2026-07-24T04:58:57.566Z
244,"sacank.com",secant,math,"echoes ""secant"" (math); 2-syllable, crisp -nk ending",2026-07-24T04:54:03.352Z
245,"sulgur.com",sulfur,chem,"echoes ""sulfur"" (chem); 2-syllable, crisp -ur ending",2026-07-24T04:58:57.566Z
246,"vurtet.com",vertex,math,"echoes ""vertex"" (math); 2-syllable, crisp -et ending",2026-07-24T04:54:03.355Z
247,"vecror.com",vector,physics,"echoes ""vector"" (physics); 2-syllable, crisp -or ending",2026-07-24T04:54:03.354Z
248,"fictol.com",factor,math,"echoes ""factor"" (math); 2-syllable, crisp -ol ending",2026-07-24T04:54:03.354Z
249,"matrir.com",matrix,math,"echoes ""matrix"" (math); 2-syllable, crisp -ir ending",2026-07-24T04:54:03.353Z
250,"memenk.com",moment,physics,"echoes ""moment"" (physics); 2-syllable, crisp -nk ending",2026-07-24T04:58:57.567Z
251,"nabulk.com",nebula,astro,"echoes ""nebula"" (astro); 2-syllable, crisp -lk ending",2026-07-24T04:54:03.354Z
252,"nilkel.com",nickel,chem,"echoes ""nickel"" (chem); 2-syllable, crisp -el ending",2026-07-24T04:54:03.354Z
253,"pasmid.com",plasmid,bio,"echoes ""plasmid"" (bio); 2-syllable, crisp -id ending",2026-07-24T04:54:03.354Z
254,"silvot.com",silver,chem,"echoes ""silver"" (chem); 2-syllable, crisp -ot ending",2026-07-24T04:58:57.567Z
255,"crysap.com",crystal,chem,"echoes ""crystal"" (chem); 2-syllable, crisp -ap ending",2026-07-24T04:54:03.353Z
256,"fracaz.com",fractal,math,"echoes ""fractal"" (math); 2-syllable, crisp -az ending",2026-07-24T04:54:03.354Z
257,"plamok.com",plasmon,physics,"echoes ""plasmon"" (physics); 2-syllable, crisp -ok ending",2026-07-24T04:58:57.566Z
258,"prutox.com",proton,physics,"echoes ""proton"" (physics); 2-syllable, crisp -ox ending",2026-07-24T04:54:03.354Z
259,"priges.com",perigee,astro,"echoes ""perigee"" (astro); 2-syllable, crisp -es ending",2026-07-24T04:58:57.567Z
260,"slicol.com",silicon,chem,"echoes ""silicon"" (chem); 2-syllable, crisp -ol ending",2026-07-24T04:58:57.566Z
261,"soltot.com",soliton,physics,"echoes ""soliton"" (physics); 2-syllable, crisp -ot ending",2026-07-24T04:58:57.566Z
262,"ligind.com",ligand,bio,"echoes ""ligand"" (bio); 2-syllable, crisp -nd ending",2026-07-24T04:58:57.567Z
263,"butenx.com",butane,chem,"echoes ""butane"" (chem); 2-syllable, crisp -nx ending",2026-07-24T04:58:57.567Z
264,"cocalt.com",cobalt,chem,"echoes ""cobalt"" (chem); 2-syllable, crisp -lt ending",2026-07-24T04:54:03.355Z
265,"cunvek.com",convex,math,"echoes ""convex"" (math); 2-syllable, crisp -ek ending",2026-07-24T04:58:57.567Z
266,"dapolt.com",dipole,physics,"echoes ""dipole"" (physics); 2-syllable, crisp -lt ending",2026-07-24T04:54:03.354Z
267,"ketenk.com",ketone,chem,"echoes ""ketone"" (chem); 2-syllable, crisp -nk ending",2026-07-24T04:54:03.353Z
268,"phefol.com",phenol,chem,"echoes ""phenol"" (chem); 2-syllable, crisp -ol ending",2026-07-24T04:54:03.355Z
269,"tensod.com",tensor,physics,"echoes ""tensor"" (physics); 2-syllable, crisp -od ending",2026-07-24T04:54:03.353Z
270,"torquz.com",torque,physics,"echoes ""torque"" (physics); 2-syllable, crisp -uz ending",2026-07-24T04:54:03.354Z
271,"cranul.com",cranium,bio,"echoes ""cranium"" (bio); 2-syllable, crisp -ul ending",2026-07-24T04:58:57.567Z
272,"rubost.com",ribose,bio,"echoes ""ribose"" (bio); 2-syllable, crisp -st ending",2026-07-24T04:54:03.354Z
273,"sigmur.com",sigma,math,"echoes ""sigma"" (math); 2-syllable, crisp -ur ending",2026-07-24T04:54:03.355Z
274,"sucrod.com",sucrose,bio,"echoes ""sucrose"" (bio); 2-syllable, crisp -od ending",2026-07-24T04:58:57.567Z
275,"vortid.com",vortex,physics,"echoes ""vortex"" (physics); 2-syllable, crisp -id ending",2026-07-24T04:58:57.567Z
276,"phonuk.com",phonon,physics,"echoes ""phonon"" (physics); 2-syllable, crisp -uk ending",2026-07-24T04:58:57.567Z
277,"ceront.com",corona,astro,"echoes ""corona"" (astro); 2-syllable, crisp -nt ending",2026-07-24T04:54:03.352Z
278,"kefnel.com",kernel,math,"echoes ""kernel"" (math); 2-syllable, crisp -el ending",2026-07-24T04:58:57.566Z
279,"kelvat.com",kelvin,physics,"echoes ""kelvin"" (physics); 2-syllable, crisp -at ending",2026-07-24T04:54:03.354Z
280,"pulnar.com",pulsar,astro,"echoes ""pulsar"" (astro); 2-syllable, crisp -ar ending",2026-07-24T04:54:03.354Z
281,"fermop.com",fermion,physics,"echoes ""fermion"" (physics); 2-syllable, crisp -op ending",2026-07-24T04:54:03.354Z
282,"fermud.com",fermi,physics,"echoes ""fermi"" (physics); 2-syllable, crisp -ud ending",2026-07-24T04:58:57.567Z
283,"modilk.com",modulo,math,"echoes ""modulo"" (math); 2-syllable, crisp -lk ending",2026-07-24T04:54:03.355Z
284,"mognek.com",magnet,physics,"echoes ""magnet"" (physics); 2-syllable, crisp -ek ending",2026-07-24T04:54:03.354Z
285,"mognok.com",magnon,physics,"echoes ""magnon"" (physics); 2-syllable, crisp -ok ending",2026-07-24T04:58:57.566Z
286,"modlup.com",modulus,math,"echoes ""modulus"" (math); 2-syllable, crisp -up ending",2026-07-24T04:54:03.355Z
287,"nuclel.com",nucleus,physics,"echoes ""nucleus"" (physics); 2-syllable, crisp -el ending",2026-07-24T04:54:03.353Z
288,"cosric.com",cosmic,astro,"echoes ""cosmic"" (astro); 2-syllable, crisp -ic ending",2026-07-24T04:54:03.355Z
289,"covmos.com",cosmos,astro,"echoes ""cosmos"" (astro); 2-syllable, crisp -os ending",2026-07-24T04:54:03.354Z
290,"hadrun.com",hadron,physics,"echoes ""hadron"" (physics); 2-syllable, crisp -un ending",2026-07-24T04:54:03.355Z
291,"parsez.com",parsec,astro,"echoes ""parsec"" (astro); 2-syllable, crisp -ez ending",2026-07-24T04:54:03.355Z
292,"phetor.com",photon,physics,"echoes ""photon"" (physics); 2-syllable, crisp -or ending",2026-07-24T04:54:03.355Z
293,"tenduk.com",tendon,bio,"echoes ""tendon"" (bio); 2-syllable, crisp -uk ending",2026-07-24T04:58:57.567Z
294,"plymem.com",polymer,chem,"echoes ""polymer"" (chem); 2-syllable, crisp -em ending",2026-07-24T04:54:03.353Z
295,"lemmol.com",lemma,math,"echoes ""lemma"" (math); 2-syllable, crisp -ol ending",2026-07-24T04:54:03.355Z
296,"melnid.com",melanin,bio,"echoes ""melanin"" (bio); 2-syllable, crisp -id ending",2026-07-24T04:58:57.566Z
297,"curbok.com",carbon,chem,"echoes ""carbon"" (chem); 2-syllable, crisp -ok ending",2026-07-24T04:54:03.353Z
298,"cosank.com",cosine,math,"echoes ""cosine"" (math); 2-syllable, crisp -nk ending",2026-07-24T04:54:03.355Z
299,"cortul.com",cortex,bio,"echoes ""cortex"" (bio); 2-syllable, crisp -ul ending",2026-07-24T04:54:03.354Z
300,"deltut.com",delta,math,"echoes ""delta"" (math); 2-syllable, crisp -ut ending",2026-07-24T04:54:03.355Z
301,"quntuk.com",quantum,physics,"echoes ""quantum"" (physics); 2-syllable, crisp -uk ending",2026-07-24T04:54:03.355Z
302,"tanenx.com",tangent,math,"echoes ""tangent"" (math); 2-syllable, crisp -nx ending",2026-07-24T04:54:03.355Z
303,"binort.com",binary,math,"echoes ""binary"" (math); 2-syllable, crisp -rt ending",2026-07-24T04:54:03.355Z
304,"horont.com",hormone,bio,"echoes ""hormone"" (bio); 2-syllable, crisp -nt ending",2026-07-24T04:58:57.567Z
305,"plinek.com",planet,astro,"echoes ""planet"" (astro); 2-syllable, crisp -ek ending",2026-07-24T04:54:03.355Z
306,"spilor.com",spinor,physics,"echoes ""spinor"" (physics); 2-syllable, crisp -or ending",2026-07-24T04:58:57.567Z
307,"plenak.com",planar,math,"echoes ""planar"" (math); 2-syllable, crisp -ak ending",2026-07-24T04:58:57.567Z
308,"sacanx.com",secant,math,"echoes ""secant"" (math); 2-syllable, crisp -nx ending",2026-07-24T04:54:03.353Z
309,"sulkur.com",sulfur,chem,"echoes ""sulfur"" (chem); 2-syllable, crisp -ur ending",2026-07-24T04:58:57.566Z
310,"vurter.com",vertex,math,"echoes ""vertex"" (math); 2-syllable, crisp -er ending",2026-07-24T04:54:03.355Z
311,"vectul.com",vector,physics,"echoes ""vector"" (physics); 2-syllable, crisp -ul ending",2026-07-24T04:54:03.354Z
312,"foctol.com",factor,math,"echoes ""factor"" (math); 2-syllable, crisp -ol ending",2026-07-24T04:54:03.355Z
313,"mutrik.com",matrix,math,"echoes ""matrix"" (math); 2-syllable, crisp -ik ending",2026-07-24T04:54:03.354Z
314,"memenx.com",moment,physics,"echoes ""moment"" (physics); 2-syllable, crisp -nx ending",2026-07-24T04:58:57.567Z
315,"nabult.com",nebula,astro,"echoes ""nebula"" (astro); 2-syllable, crisp -lt ending",2026-07-24T04:54:03.354Z
316,"nimkel.com",nickel,chem,"echoes ""nickel"" (chem); 2-syllable, crisp -el ending",2026-07-24T04:54:03.355Z
317,"plamip.com",plasmid,bio,"echoes ""plasmid"" (bio); 2-syllable, crisp -ip ending",2026-07-24T04:54:03.353Z
318,"silvuk.com",silver,chem,"echoes ""silver"" (chem); 2-syllable, crisp -uk ending",2026-07-24T04:58:57.567Z
319,"crysas.com",crystal,chem,"echoes ""crystal"" (chem); 2-syllable, crisp -as ending",2026-07-24T04:54:03.353Z
320,"fratad.com",fractal,math,"echoes ""fractal"" (math); 2-syllable, crisp -ad ending",2026-07-24T04:54:03.355Z
321,"plasod.com",plasmon,physics,"echoes ""plasmon"" (physics); 2-syllable, crisp -od ending",2026-07-24T04:58:57.567Z
322,"pritol.com",proton,physics,"echoes ""proton"" (physics); 2-syllable, crisp -ol ending",2026-07-24T04:54:03.355Z
323,"prigez.com",perigee,astro,"echoes ""perigee"" (astro); 2-syllable, crisp -ez ending",2026-07-24T04:58:57.567Z
324,"slicod.com",silicon,chem,"echoes ""silicon"" (chem); 2-syllable, crisp -od ending",2026-07-24T04:58:57.566Z
325,"slitod.com",soliton,physics,"echoes ""soliton"" (physics); 2-syllable, crisp -od ending",2026-07-24T04:58:57.567Z
326,"ligond.com",ligand,bio,"echoes ""ligand"" (bio); 2-syllable, crisp -nd ending",2026-07-24T04:58:57.567Z
327,"butinx.com",butane,chem,"echoes ""butane"" (chem); 2-syllable, crisp -nx ending",2026-07-24T04:58:57.566Z
328,"cofalt.com",cobalt,chem,"echoes ""cobalt"" (chem); 2-syllable, crisp -lt ending",2026-07-24T04:54:03.354Z
329,"cunvet.com",convex,math,"echoes ""convex"" (math); 2-syllable, crisp -et ending",2026-07-24T04:58:57.566Z
330,"depolk.com",dipole,physics,"echoes ""dipole"" (physics); 2-syllable, crisp -lk ending",2026-07-24T04:54:03.352Z
331,"ketink.com",ketone,chem,"echoes ""ketone"" (chem); 2-syllable, crisp -nk ending",2026-07-24T04:54:03.353Z
332,"phegol.com",phenol,chem,"echoes ""phenol"" (chem); 2-syllable, crisp -ol ending",2026-07-24T04:54:03.354Z
333,"tensop.com",tensor,physics,"echoes ""tensor"" (physics); 2-syllable, crisp -op ending",2026-07-24T04:54:03.353Z
334,"tarquk.com",torque,physics,"echoes ""torque"" (physics); 2-syllable, crisp -uk ending",2026-07-24T04:54:03.354Z
335,"cranur.com",cranium,bio,"echoes ""cranium"" (bio); 2-syllable, crisp -ur ending",2026-07-24T04:58:57.566Z
336,"sigmep.com",sigma,math,"echoes ""sigma"" (math); 2-syllable, crisp -ep ending",2026-07-24T04:54:03.355Z
337,"sucroz.com",sucrose,bio,"echoes ""sucrose"" (bio); 2-syllable, crisp -oz ending",2026-07-24T04:58:57.567Z
338,"vortip.com",vortex,physics,"echoes ""vortex"" (physics); 2-syllable, crisp -ip ending",2026-07-24T04:58:57.567Z
339,"phonil.com",phonon,physics,"echoes ""phonon"" (physics); 2-syllable, crisp -il ending",2026-07-24T04:58:57.567Z
340,"ceronx.com",corona,astro,"echoes ""corona"" (astro); 2-syllable, crisp -nx ending",2026-07-24T04:54:03.352Z
341,"kegnel.com",kernel,math,"echoes ""kernel"" (math); 2-syllable, crisp -el ending",2026-07-24T04:58:57.567Z
342,"kelvot.com",kelvin,physics,"echoes ""kelvin"" (physics); 2-syllable, crisp -ot ending",2026-07-24T04:54:03.353Z
343,"pulrar.com",pulsar,astro,"echoes ""pulsar"" (astro); 2-syllable, crisp -ar ending",2026-07-24T04:54:03.354Z
344,"fermoz.com",fermion,physics,"echoes ""fermion"" (physics); 2-syllable, crisp -oz ending",2026-07-24T04:54:03.355Z
345,"fermem.com",fermi,physics,"echoes ""fermi"" (physics); 2-syllable, crisp -em ending",2026-07-24T04:58:57.567Z
346,"modilt.com",modulo,math,"echoes ""modulo"" (math); 2-syllable, crisp -lt ending",2026-07-24T04:54:03.355Z
347,"mugnek.com",magnet,physics,"echoes ""magnet"" (physics); 2-syllable, crisp -ek ending",2026-07-24T04:54:03.355Z
348,"mognox.com",magnon,physics,"echoes ""magnon"" (physics); 2-syllable, crisp -ox ending",2026-07-24T04:58:57.566Z
349,"modluz.com",modulus,math,"echoes ""modulus"" (math); 2-syllable, crisp -uz ending",2026-07-24T04:54:03.355Z
350,"nuclul.com",nucleus,physics,"echoes ""nucleus"" (physics); 2-syllable, crisp -ul ending",2026-07-24T04:54:03.352Z
351,"cotmic.com",cosmic,astro,"echoes ""cosmic"" (astro); 2-syllable, crisp -ic ending",2026-07-24T04:54:03.355Z
352,"casmok.com",cosmos,astro,"echoes ""cosmos"" (astro); 2-syllable, crisp -ok ending",2026-07-24T04:54:03.355Z
353,"hodron.com",hadron,physics,"echoes ""hadron"" (physics); 2-syllable, crisp -on ending",2026-07-24T04:54:03.355Z
354,"parsuc.com",parsec,astro,"echoes ""parsec"" (astro); 2-syllable, crisp -uc ending",2026-07-24T04:54:03.355Z
355,"phitol.com",photon,physics,"echoes ""photon"" (physics); 2-syllable, crisp -ol ending",2026-07-24T04:54:03.354Z
356,"tendut.com",tendon,bio,"echoes ""tendon"" (bio); 2-syllable, crisp -ut ending",2026-07-24T04:58:57.567Z
357,"plymen.com",polymer,chem,"echoes ""polymer"" (chem); 2-syllable, crisp -en ending",2026-07-24T04:54:03.353Z
358,"lemmot.com",lemma,math,"echoes ""lemma"" (math); 2-syllable, crisp -ot ending",2026-07-24T04:54:03.355Z
359,"melnim.com",melanin,bio,"echoes ""melanin"" (bio); 2-syllable, crisp -im ending",2026-07-24T04:58:57.566Z
360,"cirbol.com",carbon,chem,"echoes ""carbon"" (chem); 2-syllable, crisp -ol ending",2026-07-24T04:54:03.355Z
361,"cosanx.com",cosine,math,"echoes ""cosine"" (math); 2-syllable, crisp -nx ending",2026-07-24T04:54:03.353Z
362,"cirted.com",cortex,bio,"echoes ""cortex"" (bio); 2-syllable, crisp -ed ending",2026-07-24T04:54:03.353Z
363,"deltil.com",delta,math,"echoes ""delta"" (math); 2-syllable, crisp -il ending",2026-07-24T04:54:03.355Z
364,"quntut.com",quantum,physics,"echoes ""quantum"" (physics); 2-syllable, crisp -ut ending",2026-07-24T04:54:03.355Z
365,"binurk.com",binary,math,"echoes ""binary"" (math); 2-syllable, crisp -rk ending",2026-07-24T04:54:03.354Z
366,"horonx.com",hormone,bio,"echoes ""hormone"" (bio); 2-syllable, crisp -nx ending",2026-07-24T04:58:57.567Z
367,"plonek.com",planet,astro,"echoes ""planet"" (astro); 2-syllable, crisp -ek ending",2026-07-24T04:54:03.354Z
368,"spunor.com",spinor,physics,"echoes ""spinor"" (physics); 2-syllable, crisp -or ending",2026-07-24T04:58:57.566Z
369,"plonak.com",planar,math,"echoes ""planar"" (math); 2-syllable, crisp -ak ending",2026-07-24T04:58:57.567Z
370,"secenk.com",secant,math,"echoes ""secant"" (math); 2-syllable, crisp -nk ending",2026-07-24T04:54:03.353Z
371,"sulsur.com",sulfur,chem,"echoes ""sulfur"" (chem); 2-syllable, crisp -ur ending",2026-07-24T04:58:57.567Z
372,"varted.com",vertex,math,"echoes ""vertex"" (math); 2-syllable, crisp -ed ending",2026-07-24T04:54:03.355Z
373,"voctol.com",vector,physics,"echoes ""vector"" (physics); 2-syllable, crisp -ol ending",2026-07-24T04:54:03.355Z
374,"fectom.com",factor,math,"echoes ""factor"" (math); 2-syllable, crisp -om ending",2026-07-24T04:54:03.354Z
375,"mutrit.com",matrix,math,"echoes ""matrix"" (math); 2-syllable, crisp -it ending",2026-07-24T04:54:03.354Z
376,"mimenk.com",moment,physics,"echoes ""moment"" (physics); 2-syllable, crisp -nk ending",2026-07-24T04:58:57.567Z
377,"nebalk.com",nebula,astro,"echoes ""nebula"" (astro); 2-syllable, crisp -lk ending",2026-07-24T04:54:03.354Z
378,"ninkel.com",nickel,chem,"echoes ""nickel"" (chem); 2-syllable, crisp -el ending",2026-07-24T04:54:03.355Z
379,"plamiz.com",plasmid,bio,"echoes ""plasmid"" (bio); 2-syllable, crisp -iz ending",2026-07-24T04:54:03.353Z
380,"sulvek.com",silver,chem,"echoes ""silver"" (chem); 2-syllable, crisp -ek ending",2026-07-24T04:58:57.566Z
381,"crysaz.com",crystal,chem,"echoes ""crystal"" (chem); 2-syllable, crisp -az ending",2026-07-24T04:54:03.352Z
382,"fratap.com",fractal,math,"echoes ""fractal"" (math); 2-syllable, crisp -ap ending",2026-07-24T04:54:03.355Z
383,"plasop.com",plasmon,physics,"echoes ""plasmon"" (physics); 2-syllable, crisp -op ending",2026-07-24T04:58:57.567Z
384,"pratod.com",proton,physics,"echoes ""proton"" (physics); 2-syllable, crisp -od ending",2026-07-24T04:54:03.355Z
385,"pergek.com",perigee,astro,"echoes ""perigee"" (astro); 2-syllable, crisp -ek ending",2026-07-24T04:58:57.567Z
386,"slicop.com",silicon,chem,"echoes ""silicon"" (chem); 2-syllable, crisp -op ending",2026-07-24T04:58:57.566Z
387,"slitoz.com",soliton,physics,"echoes ""soliton"" (physics); 2-syllable, crisp -oz ending",2026-07-24T04:58:57.567Z
388,"ligund.com",ligand,bio,"echoes ""ligand"" (bio); 2-syllable, crisp -nd ending",2026-07-24T04:58:57.566Z
389,"butonk.com",butane,chem,"echoes ""butane"" (chem); 2-syllable, crisp -nk ending",2026-07-24T04:58:57.567Z
390,"cokalt.com",cobalt,chem,"echoes ""cobalt"" (chem); 2-syllable, crisp -lt ending",2026-07-24T04:54:03.354Z
391,"cinvel.com",convex,math,"echoes ""convex"" (math); 2-syllable, crisp -el ending",2026-07-24T04:58:57.567Z
392,"dipalk.com",dipole,physics,"echoes ""dipole"" (physics); 2-syllable, crisp -lk ending",2026-07-24T04:54:03.354Z
393,"ketinx.com",ketone,chem,"echoes ""ketone"" (chem); 2-syllable, crisp -nx ending",2026-07-24T04:54:03.352Z
394,"phekol.com",phenol,chem,"echoes ""phenol"" (chem); 2-syllable, crisp -ol ending",2026-07-24T04:54:03.353Z
395,"tensoz.com",tensor,physics,"echoes ""tensor"" (physics); 2-syllable, crisp -oz ending",2026-07-24T04:54:03.353Z
396,"tarqut.com",torque,physics,"echoes ""torque"" (physics); 2-syllable, crisp -ut ending",2026-07-24T04:54:03.354Z
397,"cranip.com",cranium,bio,"echoes ""cranium"" (bio); 2-syllable, crisp -ip ending",2026-07-24T04:58:57.567Z
398,"sigmez.com",sigma,math,"echoes ""sigma"" (math); 2-syllable, crisp -ez ending",2026-07-24T04:54:03.355Z
399,"sucrom.com",sucrose,bio,"echoes ""sucrose"" (bio); 2-syllable, crisp -om ending",2026-07-24T04:58:57.567Z
400,"vortod.com",vortex,physics,"echoes ""vortex"" (physics); 2-syllable, crisp -od ending",2026-07-24T04:58:57.567Z
401,"phonul.com",phonon,physics,"echoes ""phonon"" (physics); 2-syllable, crisp -ul ending",2026-07-24T04:58:57.567Z
402,"cironk.com",corona,astro,"echoes ""corona"" (astro); 2-syllable, crisp -nk ending",2026-07-24T04:54:03.354Z
403,"keknel.com",kernel,math,"echoes ""kernel"" (math); 2-syllable, crisp -el ending",2026-07-24T04:58:57.567Z
404,"kelvuk.com",kelvin,physics,"echoes ""kelvin"" (physics); 2-syllable, crisp -uk ending",2026-07-24T04:54:03.353Z
405,"palsax.com",pulsar,astro,"echoes ""pulsar"" (astro); 2-syllable, crisp -ax ending",2026-07-24T04:54:03.353Z
406,"fermim.com",fermion,physics,"echoes ""fermion"" (physics); 2-syllable, crisp -im ending",2026-07-24T04:54:03.354Z
407,"fermun.com",fermi,physics,"echoes ""fermi"" (physics); 2-syllable, crisp -un ending",2026-07-24T04:58:57.567Z
408,"modolt.com",modulo,math,"echoes ""modulo"" (math); 2-syllable, crisp -lt ending",2026-07-24T04:54:03.355Z
409,"mugnex.com",magnet,physics,"echoes ""magnet"" (physics); 2-syllable, crisp -ex ending",2026-07-24T04:54:03.355Z
410,"mugnok.com",magnon,physics,"echoes ""magnon"" (physics); 2-syllable, crisp -ok ending",2026-07-24T04:58:57.567Z
411,"moduld.com",modulus,math,"echoes ""modulus"" (math); 2-syllable, crisp -ld ending",2026-07-24T04:54:03.355Z
412,"nuclur.com",nucleus,physics,"echoes ""nucleus"" (physics); 2-syllable, crisp -ur ending",2026-07-24T04:54:03.352Z
413,"covmic.com",cosmic,astro,"echoes ""cosmic"" (astro); 2-syllable, crisp -ic ending",2026-07-24T04:54:03.354Z
414,"cesmok.com",cosmos,astro,"echoes ""cosmos"" (astro); 2-syllable, crisp -ok ending",2026-07-24T04:54:03.355Z
415,"hadrak.com",hadron,physics,"echoes ""hadron"" (physics); 2-syllable, crisp -ak ending",2026-07-24T04:54:03.352Z
416,"porsec.com",parsec,astro,"echoes ""parsec"" (astro); 2-syllable, crisp -ec ending",2026-07-24T04:54:03.354Z
417,"photil.com",photon,physics,"echoes ""photon"" (physics); 2-syllable, crisp -il ending",2026-07-24T04:54:03.355Z
418,"tindok.com",tendon,bio,"echoes ""tendon"" (bio); 2-syllable, crisp -ok ending",2026-07-24T04:58:57.567Z
419,"lemmul.com",lemma,math,"echoes ""lemma"" (math); 2-syllable, crisp -ul ending",2026-07-24T04:54:03.355Z
420,"melnip.com",melanin,bio,"echoes ""melanin"" (bio); 2-syllable, crisp -ip ending",2026-07-24T04:58:57.567Z
421,"cirbor.com",carbon,chem,"echoes ""carbon"" (chem); 2-syllable, crisp -or ending",2026-07-24T04:54:03.354Z
422,"cosenk.com",cosine,math,"echoes ""cosine"" (math); 2-syllable, crisp -nk ending",2026-07-24T04:54:03.354Z
423,"cirtep.com",cortex,bio,"echoes ""cortex"" (bio); 2-syllable, crisp -ep ending",2026-07-24T04:54:03.354Z
424,"deltep.com",delta,math,"echoes ""delta"" (math); 2-syllable, crisp -ep ending",2026-07-24T04:54:03.355Z
425,"quntux.com",quantum,physics,"echoes ""quantum"" (physics); 2-syllable, crisp -ux ending",2026-07-24T04:54:03.355Z
426,"binurt.com",binary,math,"echoes ""binary"" (math); 2-syllable, crisp -rt ending",2026-07-24T04:54:03.354Z
427,"plunek.com",planet,astro,"echoes ""planet"" (astro); 2-syllable, crisp -ek ending",2026-07-24T04:54:03.355Z
428,"slinor.com",spinor,physics,"echoes ""spinor"" (physics); 2-syllable, crisp -or ending",2026-07-24T04:58:57.567Z
429,"plonat.com",planar,math,"echoes ""planar"" (math); 2-syllable, crisp -at ending",2026-07-24T04:58:57.567Z
430,"secenx.com",secant,math,"echoes ""secant"" (math); 2-syllable, crisp -nx ending",2026-07-24T04:54:03.353Z
431,"sultur.com",sulfur,chem,"echoes ""sulfur"" (chem); 2-syllable, crisp -ur ending",2026-07-24T04:58:57.567Z
432,"vartep.com",vertex,math,"echoes ""vertex"" (math); 2-syllable, crisp -ep ending",2026-07-24T04:54:03.355Z
433,"vuctol.com",vector,physics,"echoes ""vector"" (physics); 2-syllable, crisp -ol ending",2026-07-24T04:54:03.354Z
434,"matrer.com",matrix,math,"echoes ""matrix"" (math); 2-syllable, crisp -er ending",2026-07-24T04:54:03.353Z
435,"mimenx.com",moment,physics,"echoes ""moment"" (physics); 2-syllable, crisp -nx ending",2026-07-24T04:58:57.567Z
436,"nebalt.com",nebula,astro,"echoes ""nebula"" (astro); 2-syllable, crisp -lt ending",2026-07-24T04:54:03.354Z
437,"nirkel.com",nickel,chem,"echoes ""nickel"" (chem); 2-syllable, crisp -el ending",2026-07-24T04:54:03.354Z
438,"pasmit.com",plasmid,bio,"echoes ""plasmid"" (bio); 2-syllable, crisp -it ending",2026-07-24T04:54:03.354Z
439,"silvol.com",silver,chem,"echoes ""silver"" (chem); 2-syllable, crisp -ol ending",2026-07-24T04:58:57.567Z
440,"crytad.com",crystal,chem,"echoes ""crystal"" (chem); 2-syllable, crisp -ad ending",2026-07-24T04:54:03.353Z
441,"fratas.com",fractal,math,"echoes ""fractal"" (math); 2-syllable, crisp -as ending",2026-07-24T04:54:03.355Z
442,"plasos.com",plasmon,physics,"echoes ""plasmon"" (physics); 2-syllable, crisp -os ending",2026-07-24T04:58:57.567Z
443,"pretod.com",proton,physics,"echoes ""proton"" (physics); 2-syllable, crisp -od ending",2026-07-24T04:54:03.355Z
444,"pergex.com",perigee,astro,"echoes ""perigee"" (astro); 2-syllable, crisp -ex ending",2026-07-24T04:58:57.567Z
445,"slicos.com",silicon,chem,"echoes ""silicon"" (chem); 2-syllable, crisp -os ending",2026-07-24T04:58:57.566Z
446,"slitom.com",soliton,physics,"echoes ""soliton"" (physics); 2-syllable, crisp -om ending",2026-07-24T04:58:57.567Z
447,"likand.com",ligand,bio,"echoes ""ligand"" (bio); 2-syllable, crisp -nd ending",2026-07-24T04:58:57.566Z
448,"butont.com",butane,chem,"echoes ""butane"" (chem); 2-syllable, crisp -nt ending",2026-07-24T04:58:57.566Z
449,"cotalt.com",cobalt,chem,"echoes ""cobalt"" (chem); 2-syllable, crisp -lt ending",2026-07-24T04:54:03.354Z
450,"cunvel.com",convex,math,"echoes ""convex"" (math); 2-syllable, crisp -el ending",2026-07-24T04:58:57.567Z
451,"dipalt.com",dipole,physics,"echoes ""dipole"" (physics); 2-syllable, crisp -lt ending",2026-07-24T04:54:03.354Z
452,"ketunk.com",ketone,chem,"echoes ""ketone"" (chem); 2-syllable, crisp -nk ending",2026-07-24T04:54:03.352Z
453,"phenok.com",phenol,chem,"echoes ""phenol"" (chem); 2-syllable, crisp -ok ending",2026-07-24T04:54:03.354Z
454,"tenror.com",tensor,physics,"echoes ""tensor"" (physics); 2-syllable, crisp -or ending",2026-07-24T04:54:03.355Z
455,"tarqux.com",torque,physics,"echoes ""torque"" (physics); 2-syllable, crisp -ux ending",2026-07-24T04:54:03.354Z
456,"craniz.com",cranium,bio,"echoes ""cranium"" (bio); 2-syllable, crisp -iz ending",2026-07-24T04:58:57.566Z
457,"sigmid.com",sigma,math,"echoes ""sigma"" (math); 2-syllable, crisp -id ending",2026-07-24T04:54:03.352Z
458,"vortoz.com",vortex,physics,"echoes ""vortex"" (physics); 2-syllable, crisp -oz ending",2026-07-24T04:58:57.567Z
459,"phonur.com",phonon,physics,"echoes ""phonon"" (physics); 2-syllable, crisp -ur ending",2026-07-24T04:58:57.567Z
460,"ciront.com",corona,astro,"echoes ""corona"" (astro); 2-syllable, crisp -nt ending",2026-07-24T04:54:03.354Z
461,"kepnel.com",kernel,math,"echoes ""kernel"" (math); 2-syllable, crisp -el ending",2026-07-24T04:58:57.566Z
462,"kelvut.com",kelvin,physics,"echoes ""kelvin"" (physics); 2-syllable, crisp -ut ending",2026-07-24T04:54:03.354Z
463,"pelsak.com",pulsar,astro,"echoes ""pulsar"" (astro); 2-syllable, crisp -ak ending",2026-07-24T04:54:03.354Z
464,"fermom.com",fermion,physics,"echoes ""fermion"" (physics); 2-syllable, crisp -om ending",2026-07-24T04:54:03.354Z
465,"mudulk.com",modulo,math,"echoes ""modulo"" (math); 2-syllable, crisp -lk ending",2026-07-24T04:54:03.355Z
466,"mignel.com",magnet,physics,"echoes ""magnet"" (physics); 2-syllable, crisp -el ending",2026-07-24T04:54:03.355Z
467,"mugnot.com",magnon,physics,"echoes ""magnon"" (physics); 2-syllable, crisp -ot ending",2026-07-24T04:58:57.567Z
468,"modlun.com",modulus,math,"echoes ""modulus"" (math); 2-syllable, crisp -un ending",2026-07-24T04:54:03.355Z
469,"nuclep.com",nucleus,physics,"echoes ""nucleus"" (physics); 2-syllable, crisp -ep ending",2026-07-24T04:54:03.352Z
470,"cusmic.com",cosmic,astro,"echoes ""cosmic"" (astro); 2-syllable, crisp -ic ending",2026-07-24T04:54:03.354Z
471,"cesmot.com",cosmos,astro,"echoes ""cosmos"" (astro); 2-syllable, crisp -ot ending",2026-07-24T04:54:03.355Z
472,"hadrek.com",hadron,physics,"echoes ""hadron"" (physics); 2-syllable, crisp -ek ending",2026-07-24T04:54:03.352Z
473,"parnec.com",parsec,astro,"echoes ""parsec"" (astro); 2-syllable, crisp -ec ending",2026-07-24T04:54:03.355Z
474,"photir.com",photon,physics,"echoes ""photon"" (physics); 2-syllable, crisp -ir ending",2026-07-24T04:54:03.355Z
475,"tondox.com",tendon,bio,"echoes ""tendon"" (bio); 2-syllable, crisp -ox ending",2026-07-24T04:58:57.567Z
476,"lemmut.com",lemma,math,"echoes ""lemma"" (math); 2-syllable, crisp -ut ending",2026-07-24T04:54:03.355Z
477,"melniz.com",melanin,bio,"echoes ""melanin"" (bio); 2-syllable, crisp -iz ending",2026-07-24T04:58:57.567Z
478,"curbol.com",carbon,chem,"echoes ""carbon"" (chem); 2-syllable, crisp -ol ending",2026-07-24T04:54:03.353Z
479,"cosonk.com",cosine,math,"echoes ""cosine"" (math); 2-syllable, crisp -nk ending",2026-07-24T04:54:03.355Z
480,"cirtez.com",cortex,bio,"echoes ""cortex"" (bio); 2-syllable, crisp -ez ending",2026-07-24T04:54:03.354Z
481,"deltez.com",delta,math,"echoes ""delta"" (math); 2-syllable, crisp -ez ending",2026-07-24T04:54:03.355Z
482,"qantul.com",quantum,physics,"echoes ""quantum"" (physics); 2-syllable, crisp -ul ending",2026-07-24T04:54:03.355Z
483,"bunark.com",binary,math,"echoes ""binary"" (math); 2-syllable, crisp -rk ending",2026-07-24T04:54:03.355Z
484,"plinel.com",planet,astro,"echoes ""planet"" (astro); 2-syllable, crisp -el ending",2026-07-24T04:54:03.355Z
485,"sninor.com",spinor,physics,"echoes ""spinor"" (physics); 2-syllable, crisp -or ending",2026-07-24T04:58:57.566Z
486,"plonax.com",planar,math,"echoes ""planar"" (math); 2-syllable, crisp -ax ending",2026-07-24T04:58:57.567Z
487,"secink.com",secant,math,"echoes ""secant"" (math); 2-syllable, crisp -nk ending",2026-07-24T04:54:03.355Z
488,"sulvur.com",sulfur,chem,"echoes ""sulfur"" (chem); 2-syllable, crisp -ur ending",2026-07-24T04:58:57.567Z
489,"vurtep.com",vertex,math,"echoes ""vertex"" (math); 2-syllable, crisp -ep ending",2026-07-24T04:54:03.355Z
490,"vactom.com",vector,physics,"echoes ""vector"" (physics); 2-syllable, crisp -om ending",2026-07-24T04:54:03.354Z
491,"matror.com",matrix,math,"echoes ""matrix"" (math); 2-syllable, crisp -or ending",2026-07-24T04:54:03.353Z
492,"momank.com",moment,physics,"echoes ""moment"" (physics); 2-syllable, crisp -nk ending",2026-07-24T04:58:57.566Z
493,"nebelk.com",nebula,astro,"echoes ""nebula"" (astro); 2-syllable, crisp -lk ending",2026-07-24T04:54:03.355Z
494,"plamim.com",plasmid,bio,"echoes ""plasmid"" (bio); 2-syllable, crisp -im ending",2026-07-24T04:54:03.353Z
495,"sulvel.com",silver,chem,"echoes ""silver"" (chem); 2-syllable, crisp -el ending",2026-07-24T04:58:57.566Z
496,"crytaz.com",crystal,chem,"echoes ""crystal"" (chem); 2-syllable, crisp -az ending",2026-07-24T04:54:03.352Z
497,"frataz.com",fractal,math,"echoes ""fractal"" (math); 2-syllable, crisp -az ending",2026-07-24T04:54:03.355Z
498,"plasoz.com",plasmon,physics,"echoes ""plasmon"" (physics); 2-syllable, crisp -oz ending",2026-07-24T04:58:57.567Z
499,"pretoz.com",proton,physics,"echoes ""proton"" (physics); 2-syllable, crisp -oz ending",2026-07-24T04:54:03.355Z
500,"slicoz.com",silicon,chem,"echoes ""silicon"" (chem); 2-syllable, crisp -oz ending",2026-07-24T04:58:57.566Z
501,"soltod.com",soliton,physics,"echoes ""soliton"" (physics); 2-syllable, crisp -od ending",2026-07-24T04:58:57.565Z
502,"lizand.com",ligand,bio,"echoes ""ligand"" (bio); 2-syllable, crisp -nd ending",2026-07-24T04:58:57.567Z
503,"butonx.com",butane,chem,"echoes ""butane"" (chem); 2-syllable, crisp -nx ending",2026-07-24T04:58:57.567Z
504,"cabalk.com",cobalt,chem,"echoes ""cobalt"" (chem); 2-syllable, crisp -lk ending",2026-07-24T04:54:03.354Z
505,"canvep.com",convex,math,"echoes ""convex"" (math); 2-syllable, crisp -ep ending",2026-07-24T04:58:57.567Z
506,"dipelk.com",dipole,physics,"echoes ""dipole"" (physics); 2-syllable, crisp -lk ending",2026-07-24T04:54:03.353Z
507,"ketunt.com",ketone,chem,"echoes ""ketone"" (chem); 2-syllable, crisp -nt ending",2026-07-24T04:54:03.355Z
508,"phepol.com",phenol,chem,"echoes ""phenol"" (chem); 2-syllable, crisp -ol ending",2026-07-24T04:54:03.353Z
509,"tansok.com",tensor,physics,"echoes ""tensor"" (physics); 2-syllable, crisp -ok ending",2026-07-24T04:54:03.353Z
510,"terquk.com",torque,physics,"echoes ""torque"" (physics); 2-syllable, crisp -uk ending",2026-07-24T04:54:03.354Z
511,"cranud.com",cranium,bio,"echoes ""cranium"" (bio); 2-syllable, crisp -ud ending",2026-07-24T04:58:57.567Z
512,"sigmip.com",sigma,math,"echoes ""sigma"" (math); 2-syllable, crisp -ip ending",2026-07-24T04:54:03.355Z
513,"vortud.com",vortex,physics,"echoes ""vortex"" (physics); 2-syllable, crisp -ud ending",2026-07-24T04:58:57.567Z
514,"cironx.com",corona,astro,"echoes ""corona"" (astro); 2-syllable, crisp -nx ending",2026-07-24T04:54:03.354Z
515,"kerfel.com",kernel,math,"echoes ""kernel"" (math); 2-syllable, crisp -el ending",2026-07-24T04:58:57.567Z
516,"kelvux.com",kelvin,physics,"echoes ""kelvin"" (physics); 2-syllable, crisp -ux ending",2026-07-24T04:54:03.353Z
517,"pelsat.com",pulsar,astro,"echoes ""pulsar"" (astro); 2-syllable, crisp -at ending",2026-07-24T04:54:03.354Z
518,"mudult.com",modulo,math,"echoes ""modulo"" (math); 2-syllable, crisp -lt ending",2026-07-24T04:54:03.355Z
519,"mognel.com",magnet,physics,"echoes ""magnet"" (physics); 2-syllable, crisp -el ending",2026-07-24T04:54:03.354Z
520,"mugnox.com",magnon,physics,"echoes ""magnon"" (physics); 2-syllable, crisp -ox ending",2026-07-24T04:58:57.567Z
521,"nuclez.com",nucleus,physics,"echoes ""nucleus"" (physics); 2-syllable, crisp -ez ending",2026-07-24T04:54:03.353Z
522,"cesmit.com",cosmic,astro,"echoes ""cosmic"" (astro); 2-syllable, crisp -it ending",2026-07-24T04:54:03.355Z
523,"cesmox.com",cosmos,astro,"echoes ""cosmos"" (astro); 2-syllable, crisp -ox ending",2026-07-24T04:54:03.355Z
524,"hadruk.com",hadron,physics,"echoes ""hadron"" (physics); 2-syllable, crisp -uk ending",2026-07-24T04:54:03.355Z
525,"parsok.com",parsec,astro,"echoes ""parsec"" (astro); 2-syllable, crisp -ok ending",2026-07-24T04:54:03.355Z
526,"photul.com",photon,physics,"echoes ""photon"" (physics); 2-syllable, crisp -ul ending",2026-07-24T04:54:03.355Z
527,"tundok.com",tendon,bio,"echoes ""tendon"" (bio); 2-syllable, crisp -ok ending",2026-07-24T04:58:57.567Z
528,"lemmed.com",lemma,math,"echoes ""lemma"" (math); 2-syllable, crisp -ed ending",2026-07-24T04:54:03.355Z
529,"carbep.com",carbon,chem,"echoes ""carbon"" (chem); 2-syllable, crisp -ep ending",2026-07-24T04:54:03.355Z
530,"cosonx.com",cosine,math,"echoes ""cosine"" (math); 2-syllable, crisp -nx ending",2026-07-24T04:54:03.355Z
531,"cortad.com",cortex,bio,"echoes ""cortex"" (bio); 2-syllable, crisp -ad ending",2026-07-24T04:54:03.353Z
532,"deltip.com",delta,math,"echoes ""delta"" (math); 2-syllable, crisp -ip ending",2026-07-24T04:54:03.355Z
533,"quntul.com",quantum,physics,"echoes ""quantum"" (physics); 2-syllable, crisp -ul ending",2026-07-24T04:54:03.355Z
534,"plonel.com",planet,astro,"echoes ""planet"" (astro); 2-syllable, crisp -el ending",2026-07-24T04:54:03.355Z
535,"spanot.com",spinor,physics,"echoes ""spinor"" (physics); 2-syllable, crisp -ot ending",2026-07-24T04:58:57.566Z
536,"plunak.com",planar,math,"echoes ""planar"" (math); 2-syllable, crisp -ak ending",2026-07-24T04:58:57.567Z
537,"secinx.com",secant,math,"echoes ""secant"" (math); 2-syllable, crisp -nx ending",2026-07-24T04:54:03.355Z
538,"sulzur.com",sulfur,chem,"echoes ""sulfur"" (chem); 2-syllable, crisp -ur ending",2026-07-24T04:58:57.567Z
539,"vurtez.com",vertex,math,"echoes ""vertex"" (math); 2-syllable, crisp -ez ending",2026-07-24T04:54:03.355Z
540,"vectim.com",vector,physics,"echoes ""vector"" (physics); 2-syllable, crisp -im ending",2026-07-24T04:54:03.355Z
541,"matrur.com",matrix,math,"echoes ""matrix"" (math); 2-syllable, crisp -ur ending",2026-07-24T04:54:03.353Z
542,"momonk.com",moment,physics,"echoes ""moment"" (physics); 2-syllable, crisp -nk ending",2026-07-24T04:58:57.567Z
543,"nebilk.com",nebula,astro,"echoes ""nebula"" (astro); 2-syllable, crisp -lk ending",2026-07-24T04:54:03.355Z
544,"pasmir.com",plasmid,bio,"echoes ""plasmid"" (bio); 2-syllable, crisp -ir ending",2026-07-24T04:54:03.354Z
545,"salvep.com",silver,chem,"echoes ""silver"" (chem); 2-syllable, crisp -ep ending",2026-07-24T04:58:57.566Z
546,"crytam.com",crystal,chem,"echoes ""crystal"" (chem); 2-syllable, crisp -am ending",2026-07-24T04:54:03.353Z
547,"plamol.com",plasmon,physics,"echoes ""plasmon"" (physics); 2-syllable, crisp -ol ending",2026-07-24T04:58:57.566Z
548,"pritod.com",proton,physics,"echoes ""proton"" (physics); 2-syllable, crisp -od ending",2026-07-24T04:54:03.355Z
549,"soltoz.com",soliton,physics,"echoes ""soliton"" (physics); 2-syllable, crisp -oz ending",2026-07-24T04:58:57.566Z
550,"lagank.com",ligand,bio,"echoes ""ligand"" (bio); 2-syllable, crisp -nk ending",2026-07-24T04:58:57.567Z
551,"butunk.com",butane,chem,"echoes ""butane"" (chem); 2-syllable, crisp -nk ending",2026-07-24T04:58:57.567Z
552,"cebalk.com",cobalt,chem,"echoes ""cobalt"" (chem); 2-syllable, crisp -lk ending",2026-07-24T04:54:03.355Z
553,"cenved.com",convex,math,"echoes ""convex"" (math); 2-syllable, crisp -ed ending",2026-07-24T04:58:57.567Z
554,"dipelt.com",dipole,physics,"echoes ""dipole"" (physics); 2-syllable, crisp -lt ending",2026-07-24T04:54:03.352Z
555,"ketunx.com",ketone,chem,"echoes ""ketone"" (chem); 2-syllable, crisp -nx ending",2026-07-24T04:54:03.355Z
556,"phesol.com",phenol,chem,"echoes ""phenol"" (chem); 2-syllable, crisp -ol ending",2026-07-24T04:54:03.354Z
557,"tansot.com",tensor,physics,"echoes ""tensor"" (physics); 2-syllable, crisp -ot ending",2026-07-24T04:54:03.352Z
558,"terqut.com",torque,physics,"echoes ""torque"" (physics); 2-syllable, crisp -ut ending",2026-07-24T04:54:03.354Z
559,"cranuz.com",cranium,bio,"echoes ""cranium"" (bio); 2-syllable, crisp -uz ending",2026-07-24T04:58:57.567Z
560,"sigmiz.com",sigma,math,"echoes ""sigma"" (math); 2-syllable, crisp -iz ending",2026-07-24T04:54:03.355Z
561,"vortuz.com",vortex,physics,"echoes ""vortex"" (physics); 2-syllable, crisp -uz ending",2026-07-24T04:58:57.567Z
562,"coranx.com",corona,astro,"echoes ""corona"" (astro); 2-syllable, crisp -nx ending",2026-07-24T04:54:03.355Z
563,"kevnel.com",kernel,math,"echoes ""kernel"" (math); 2-syllable, crisp -el ending",2026-07-24T04:58:57.566Z
564,"kilvik.com",kelvin,physics,"echoes ""kelvin"" (physics); 2-syllable, crisp -ik ending",2026-07-24T04:54:03.355Z
565,"pelsax.com",pulsar,astro,"echoes ""pulsar"" (astro); 2-syllable, crisp -ax ending",2026-07-24T04:54:03.353Z
566,"maduld.com",modulo,math,"echoes ""modulo"" (math); 2-syllable, crisp -ld ending",2026-07-24T04:54:03.355Z
567,"mogner.com",magnet,physics,"echoes ""magnet"" (physics); 2-syllable, crisp -er ending",2026-07-24T04:54:03.354Z
568,"mabnon.com",magnon,physics,"echoes ""magnon"" (physics); 2-syllable, crisp -on ending",2026-07-24T04:58:57.566Z
569,"nuclud.com",nucleus,physics,"echoes ""nucleus"" (physics); 2-syllable, crisp -ud ending",2026-07-24T04:54:03.355Z
570,"cesmix.com",cosmic,astro,"echoes ""cosmic"" (astro); 2-syllable, crisp -ix ending",2026-07-24T04:54:03.355Z
571,"cismok.com",cosmos,astro,"echoes ""cosmos"" (astro); 2-syllable, crisp -ok ending",2026-07-24T04:54:03.354Z
572,"hadrux.com",hadron,physics,"echoes ""hadron"" (physics); 2-syllable, crisp -ux ending",2026-07-24T04:54:03.355Z
573,"pirset.com",parsec,astro,"echoes ""parsec"" (astro); 2-syllable, crisp -et ending",2026-07-24T04:54:03.354Z
574,"phutol.com",photon,physics,"echoes ""photon"" (physics); 2-syllable, crisp -ol ending",2026-07-24T04:54:03.355Z
575,"tundot.com",tendon,bio,"echoes ""tendon"" (bio); 2-syllable, crisp -ot ending",2026-07-24T04:58:57.567Z
576,"lemmem.com",lemma,math,"echoes ""lemma"" (math); 2-syllable, crisp -em ending",2026-07-24T04:54:03.355Z
577,"cerbod.com",carbon,chem,"echoes ""carbon"" (chem); 2-syllable, crisp -od ending",2026-07-24T04:54:03.355Z
578,"cosunk.com",cosine,math,"echoes ""cosine"" (math); 2-syllable, crisp -nk ending",2026-07-24T04:54:03.355Z
579,"cortid.com",cortex,bio,"echoes ""cortex"" (bio); 2-syllable, crisp -id ending",2026-07-24T04:54:03.354Z
580,"deltod.com",delta,math,"echoes ""delta"" (math); 2-syllable, crisp -od ending",2026-07-24T04:54:03.355Z
581,"plened.com",planet,astro,"echoes ""planet"" (astro); 2-syllable, crisp -ed ending",2026-07-24T04:54:03.354Z
582,"spenok.com",spinor,physics,"echoes ""spinor"" (physics); 2-syllable, crisp -ok ending",2026-07-24T04:58:57.566Z
583,"plinal.com",planar,math,"echoes ""planar"" (math); 2-syllable, crisp -al ending",2026-07-24T04:58:57.567Z
584,"seconk.com",secant,math,"echoes ""secant"" (math); 2-syllable, crisp -nk ending",2026-07-24T04:54:03.355Z
585,"sulfud.com",sulfur,chem,"echoes ""sulfur"" (chem); 2-syllable, crisp -ud ending",2026-07-24T04:58:57.567Z
586,"vurtem.com",vertex,math,"echoes ""vertex"" (math); 2-syllable, crisp -em ending",2026-07-24T04:54:03.355Z
587,"voctom.com",vector,physics,"echoes ""vector"" (physics); 2-syllable, crisp -om ending",2026-07-24T04:54:03.355Z
588,"metrir.com",matrix,math,"echoes ""matrix"" (math); 2-syllable, crisp -ir ending",2026-07-24T04:54:03.355Z
589,"momonx.com",moment,physics,"echoes ""moment"" (physics); 2-syllable, crisp -nx ending",2026-07-24T04:58:57.567Z
590,"nebilt.com",nebula,astro,"echoes ""nebula"" (astro); 2-syllable, crisp -lt ending",2026-07-24T04:54:03.355Z
591,"selvep.com",silver,chem,"echoes ""silver"" (chem); 2-syllable, crisp -ep ending",2026-07-24T04:58:57.567Z
592,"cystam.com",crystal,chem,"echoes ""crystal"" (chem); 2-syllable, crisp -am ending",2026-07-24T04:54:03.355Z
593,"plamop.com",plasmon,physics,"echoes ""plasmon"" (physics); 2-syllable, crisp -op ending",2026-07-24T04:58:57.566Z
594,"protud.com",proton,physics,"echoes ""proton"" (physics); 2-syllable, crisp -ud ending",2026-07-24T04:54:03.355Z
595,"laganx.com",ligand,bio,"echoes ""ligand"" (bio); 2-syllable, crisp -nx ending",2026-07-24T04:58:57.567Z
596,"butunt.com",butane,chem,"echoes ""butane"" (chem); 2-syllable, crisp -nt ending",2026-07-24T04:58:57.567Z
597,"cibalk.com",cobalt,chem,"echoes ""cobalt"" (chem); 2-syllable, crisp -lk ending",2026-07-24T04:54:03.352Z
598,"cenvez.com",convex,math,"echoes ""convex"" (math); 2-syllable, crisp -ez ending",2026-07-24T04:58:57.567Z
599,"dipilk.com",dipole,physics,"echoes ""dipole"" (physics); 2-syllable, crisp -lk ending",2026-07-24T04:54:03.352Z
600,"kitonk.com",ketone,chem,"echoes ""ketone"" (chem); 2-syllable, crisp -nk ending",2026-07-24T04:54:03.353Z
601,"phevol.com",phenol,chem,"echoes ""phenol"" (chem); 2-syllable, crisp -ol ending",2026-07-24T04:54:03.355Z
602,"tensuk.com",tensor,physics,"echoes ""tensor"" (physics); 2-syllable, crisp -uk ending",2026-07-24T04:54:03.353Z
603,"terqux.com",torque,physics,"echoes ""torque"" (physics); 2-syllable, crisp -ux ending",2026-07-24T04:54:03.354Z
604,"cranun.com",cranium,bio,"echoes ""cranium"" (bio); 2-syllable, crisp -un ending",2026-07-24T04:58:57.567Z
605,"sigmud.com",sigma,math,"echoes ""sigma"" (math); 2-syllable, crisp -ud ending",2026-07-24T04:54:03.352Z
606,"corunk.com",corona,astro,"echoes ""corona"" (astro); 2-syllable, crisp -nk ending",2026-07-24T04:54:03.355Z
607,"keznel.com",kernel,math,"echoes ""kernel"" (math); 2-syllable, crisp -el ending",2026-07-24T04:58:57.566Z
608,"kilvit.com",kelvin,physics,"echoes ""kelvin"" (physics); 2-syllable, crisp -it ending",2026-07-24T04:54:03.354Z
609,"pilsak.com",pulsar,astro,"echoes ""pulsar"" (astro); 2-syllable, crisp -ak ending",2026-07-24T04:54:03.355Z
610,"meduld.com",modulo,math,"echoes ""modulo"" (math); 2-syllable, crisp -ld ending",2026-07-24T04:54:03.354Z
611,"mugnel.com",magnet,physics,"echoes ""magnet"" (physics); 2-syllable, crisp -el ending",2026-07-24T04:54:03.355Z
612,"mapnon.com",magnon,physics,"echoes ""magnon"" (physics); 2-syllable, crisp -on ending",2026-07-24T04:58:57.567Z
613,"nuclup.com",nucleus,physics,"echoes ""nucleus"" (physics); 2-syllable, crisp -up ending",2026-07-24T04:54:03.352Z
614,"cismik.com",cosmic,astro,"echoes ""cosmic"" (astro); 2-syllable, crisp -ik ending",2026-07-24T04:54:03.354Z
615,"cismot.com",cosmos,astro,"echoes ""cosmos"" (astro); 2-syllable, crisp -ot ending",2026-07-24T04:54:03.354Z
616,"hedrok.com",hadron,physics,"echoes ""hadron"" (physics); 2-syllable, crisp -ok ending",2026-07-24T04:54:03.353Z
617,"porsek.com",parsec,astro,"echoes ""parsec"" (astro); 2-syllable, crisp -ek ending",2026-07-24T04:54:03.354Z
618,"phutor.com",photon,physics,"echoes ""photon"" (physics); 2-syllable, crisp -or ending",2026-07-24T04:54:03.355Z
619,"tundox.com",tendon,bio,"echoes ""tendon"" (bio); 2-syllable, crisp -ox ending",2026-07-24T04:58:57.567Z
620,"lemmep.com",lemma,math,"echoes ""lemma"" (math); 2-syllable, crisp -ep ending",2026-07-24T04:54:03.355Z
621,"cerbop.com",carbon,chem,"echoes ""carbon"" (chem); 2-syllable, crisp -op ending",2026-07-24T04:54:03.355Z
622,"cosunt.com",cosine,math,"echoes ""cosine"" (math); 2-syllable, crisp -nt ending",2026-07-24T04:54:03.355Z
623,"cortod.com",cortex,bio,"echoes ""cortex"" (bio); 2-syllable, crisp -od ending",2026-07-24T04:54:03.354Z
624,"deltud.com",delta,math,"echoes ""delta"" (math); 2-syllable, crisp -ud ending",2026-07-24T04:54:03.355Z
625,"plenep.com",planet,astro,"echoes ""planet"" (astro); 2-syllable, crisp -ep ending",2026-07-24T04:54:03.354Z
626,"sponok.com",spinor,physics,"echoes ""spinor"" (physics); 2-syllable, crisp -ok ending",2026-07-24T04:58:57.566Z
627,"plonal.com",planar,math,"echoes ""planar"" (math); 2-syllable, crisp -al ending",2026-07-24T04:58:57.567Z
628,"secunx.com",secant,math,"echoes ""secant"" (math); 2-syllable, crisp -nx ending",2026-07-24T04:54:03.354Z
629,"sulfup.com",sulfur,chem,"echoes ""sulfur"" (chem); 2-syllable, crisp -up ending",2026-07-24T04:58:57.567Z
630,"vurten.com",vertex,math,"echoes ""vertex"" (math); 2-syllable, crisp -en ending",2026-07-24T04:54:03.355Z
631,"vuctom.com",vector,physics,"echoes ""vector"" (physics); 2-syllable, crisp -om ending",2026-07-24T04:54:03.354Z
632,"mitrir.com",matrix,math,"echoes ""matrix"" (math); 2-syllable, crisp -ir ending",2026-07-24T04:54:03.355Z
633,"momunx.com",moment,physics,"echoes ""moment"" (physics); 2-syllable, crisp -nx ending",2026-07-24T04:58:57.567Z
634,"nebolk.com",nebula,astro,"echoes ""nebula"" (astro); 2-syllable, crisp -lk ending",2026-07-24T04:54:03.355Z
635,"silvod.com",silver,chem,"echoes ""silver"" (chem); 2-syllable, crisp -od ending",2026-07-24T04:58:57.567Z
636,"pasmok.com",plasmon,physics,"echoes ""plasmon"" (physics); 2-syllable, crisp -ok ending",2026-07-24T04:58:57.567Z
637,"prutod.com",proton,physics,"echoes ""proton"" (physics); 2-syllable, crisp -od ending",2026-07-24T04:54:03.354Z
638,"legank.com",ligand,bio,"echoes ""ligand"" (bio); 2-syllable, crisp -nk ending",2026-07-24T04:58:57.567Z
639,"butunx.com",butane,chem,"echoes ""butane"" (chem); 2-syllable, crisp -nx ending",2026-07-24T04:58:57.567Z
640,"cobelk.com",cobalt,chem,"echoes ""cobalt"" (chem); 2-syllable, crisp -lk ending",2026-07-24T04:54:03.355Z
641,"cinvep.com",convex,math,"echoes ""convex"" (math); 2-syllable, crisp -ep ending",2026-07-24T04:58:57.567Z
642,"dipilt.com",dipole,physics,"echoes ""dipole"" (physics); 2-syllable, crisp -lt ending",2026-07-24T04:54:03.355Z
643,"kitont.com",ketone,chem,"echoes ""ketone"" (chem); 2-syllable, crisp -nt ending",2026-07-24T04:54:03.353Z
644,"phezol.com",phenol,chem,"echoes ""phenol"" (chem); 2-syllable, crisp -ol ending",2026-07-24T04:54:03.354Z
645,"tensut.com",tensor,physics,"echoes ""tensor"" (physics); 2-syllable, crisp -ut ending",2026-07-24T04:54:03.355Z
646,"tirquk.com",torque,physics,"echoes ""torque"" (physics); 2-syllable, crisp -uk ending",2026-07-24T04:54:03.355Z
647,"sigmuz.com",sigma,math,"echoes ""sigma"" (math); 2-syllable, crisp -uz ending",2026-07-24T04:54:03.355Z
648,"corunx.com",corona,astro,"echoes ""corona"" (astro); 2-syllable, crisp -nx ending",2026-07-24T04:54:03.355Z
649,"kemnel.com",kernel,math,"echoes ""kernel"" (math); 2-syllable, crisp -el ending",2026-07-24T04:58:57.567Z
650,"kulvit.com",kelvin,physics,"echoes ""kelvin"" (physics); 2-syllable, crisp -it ending",2026-07-24T04:54:03.355Z
651,"pilsax.com",pulsar,astro,"echoes ""pulsar"" (astro); 2-syllable, crisp -ax ending",2026-07-24T04:54:03.355Z
652,"miduld.com",modulo,math,"echoes ""modulo"" (math); 2-syllable, crisp -ld ending",2026-07-24T04:54:03.354Z
653,"mugner.com",magnet,physics,"echoes ""magnet"" (physics); 2-syllable, crisp -er ending",2026-07-24T04:54:03.355Z
654,"masnon.com",magnon,physics,"echoes ""magnon"" (physics); 2-syllable, crisp -on ending",2026-07-24T04:58:57.566Z
655,"nucluz.com",nucleus,physics,"echoes ""nucleus"" (physics); 2-syllable, crisp -uz ending",2026-07-24T04:54:03.353Z
656,"cismix.com",cosmic,astro,"echoes ""cosmic"" (astro); 2-syllable, crisp -ix ending",2026-07-24T04:54:03.354Z
657,"cismox.com",cosmos,astro,"echoes ""cosmos"" (astro); 2-syllable, crisp -ox ending",2026-07-24T04:54:03.354Z
658,"hedrot.com",hadron,physics,"echoes ""hadron"" (physics); 2-syllable, crisp -ot ending",2026-07-24T04:54:03.353Z
659,"pirsel.com",parsec,astro,"echoes ""parsec"" (astro); 2-syllable, crisp -el ending",2026-07-24T04:54:03.354Z
660,"tundol.com",tendon,bio,"echoes ""tendon"" (bio); 2-syllable, crisp -ol ending",2026-07-24T04:58:57.567Z
661,"lemmez.com",lemma,math,"echoes ""lemma"" (math); 2-syllable, crisp -ez ending",2026-07-24T04:54:03.355Z
662,"cerboz.com",carbon,chem,"echoes ""carbon"" (chem); 2-syllable, crisp -oz ending",2026-07-24T04:54:03.355Z
663,"cosunx.com",cosine,math,"echoes ""cosine"" (math); 2-syllable, crisp -nx ending",2026-07-24T04:54:03.355Z
664,"cortud.com",cortex,bio,"echoes ""cortex"" (bio); 2-syllable, crisp -ud ending",2026-07-24T04:54:03.354Z
665,"deltup.com",delta,math,"echoes ""delta"" (math); 2-syllable, crisp -up ending",2026-07-24T04:54:03.355Z
666,"plenes.com",planet,astro,"echoes ""planet"" (astro); 2-syllable, crisp -es ending",2026-07-24T04:54:03.354Z
667,"sponot.com",spinor,physics,"echoes ""spinor"" (physics); 2-syllable, crisp -ot ending",2026-07-24T04:58:57.566Z
668,"plunal.com",planar,math,"echoes ""planar"" (math); 2-syllable, crisp -al ending",2026-07-24T04:58:57.567Z
669,"sicank.com",secant,math,"echoes ""secant"" (math); 2-syllable, crisp -nk ending",2026-07-24T04:54:03.355Z
670,"sulfuz.com",sulfur,chem,"echoes ""sulfur"" (chem); 2-syllable, crisp -uz ending",2026-07-24T04:58:57.567Z
671,"vucton.com",vector,physics,"echoes ""vector"" (physics); 2-syllable, crisp -on ending",2026-07-24T04:54:03.354Z
672,"motrir.com",matrix,math,"echoes ""matrix"" (math); 2-syllable, crisp -ir ending",2026-07-24T04:54:03.353Z
673,"mumenk.com",moment,physics,"echoes ""moment"" (physics); 2-syllable, crisp -nk ending",2026-07-24T04:58:57.566Z
674,"nibult.com",nebula,astro,"echoes ""nebula"" (astro); 2-syllable, crisp -lt ending",2026-07-24T04:54:03.355Z
675,"silvop.com",silver,chem,"echoes ""silver"" (chem); 2-syllable, crisp -op ending",2026-07-24T04:58:57.567Z
676,"pasmot.com",plasmon,physics,"echoes ""plasmon"" (physics); 2-syllable, crisp -ot ending",2026-07-24T04:58:57.566Z
677,"prutoz.com",proton,physics,"echoes ""proton"" (physics); 2-syllable, crisp -oz ending",2026-07-24T04:54:03.354Z
678,"ligenk.com",ligand,bio,"echoes ""ligand"" (bio); 2-syllable, crisp -nk ending",2026-07-24T04:58:57.567Z
679,"batand.com",butane,chem,"echoes ""butane"" (chem); 2-syllable, crisp -nd ending",2026-07-24T04:58:57.567Z
680,"cobilk.com",cobalt,chem,"echoes ""cobalt"" (chem); 2-syllable, crisp -lk ending",2026-07-24T04:54:03.353Z
681,"cinvez.com",convex,math,"echoes ""convex"" (math); 2-syllable, crisp -ez ending",2026-07-24T04:58:57.567Z
682,"dipulk.com",dipole,physics,"echoes ""dipole"" (physics); 2-syllable, crisp -lk ending",2026-07-24T04:54:03.354Z
683,"kitonx.com",ketone,chem,"echoes ""ketone"" (chem); 2-syllable, crisp -nx ending",2026-07-24T04:54:03.353Z
684,"phanol.com",phenol,chem,"echoes ""phenol"" (chem); 2-syllable, crisp -ol ending",2026-07-24T04:54:03.354Z
685,"tensux.com",tensor,physics,"echoes ""tensor"" (physics); 2-syllable, crisp -ux ending",2026-07-24T04:54:03.352Z
686,"tirqut.com",torque,physics,"echoes ""torque"" (physics); 2-syllable, crisp -ut ending",2026-07-24T04:54:03.355Z
687,"sigmem.com",sigma,math,"echoes ""sigma"" (math); 2-syllable, crisp -em ending",2026-07-24T04:54:03.355Z
688,"curonk.com",corona,astro,"echoes ""corona"" (astro); 2-syllable, crisp -nk ending",2026-07-24T04:54:03.354Z
689,"kerlel.com",kernel,math,"echoes ""kernel"" (math); 2-syllable, crisp -el ending",2026-07-24T04:58:57.567Z
690,"kalvil.com",kelvin,physics,"echoes ""kelvin"" (physics); 2-syllable, crisp -il ending",2026-07-24T04:54:03.354Z
691,"pulsuk.com",pulsar,astro,"echoes ""pulsar"" (astro); 2-syllable, crisp -uk ending",2026-07-24T04:54:03.355Z
692,"modild.com",modulo,math,"echoes ""modulo"" (math); 2-syllable, crisp -ld ending",2026-07-24T04:54:03.355Z
693,"magnud.com",magnet,physics,"echoes ""magnet"" (physics); 2-syllable, crisp -ud ending",2026-07-24T04:54:03.355Z
694,"mavnon.com",magnon,physics,"echoes ""magnon"" (physics); 2-syllable, crisp -on ending",2026-07-24T04:58:57.567Z
695,"cesmil.com",cosmic,astro,"echoes ""cosmic"" (astro); 2-syllable, crisp -il ending",2026-07-24T04:54:03.355Z
696,"cosmuk.com",cosmos,astro,"echoes ""cosmos"" (astro); 2-syllable, crisp -uk ending",2026-07-24T04:54:03.355Z
697,"hodrok.com",hadron,physics,"echoes ""hadron"" (physics); 2-syllable, crisp -ok ending",2026-07-24T04:54:03.355Z
698,"lemmim.com",lemma,math,"echoes ""lemma"" (math); 2-syllable, crisp -im ending",2026-07-24T04:54:03.355Z
699,"cirbod.com",carbon,chem,"echoes ""carbon"" (chem); 2-syllable, crisp -od ending",2026-07-24T04:54:03.355Z
700,"cusink.com",cosine,math,"echoes ""cosine"" (math); 2-syllable, crisp -nk ending",2026-07-24T04:54:03.354Z
701,"cortup.com",cortex,bio,"echoes ""cortex"" (bio); 2-syllable, crisp -up ending",2026-07-24T04:54:03.354Z
702,"deltuz.com",delta,math,"echoes ""delta"" (math); 2-syllable, crisp -uz ending",2026-07-24T04:54:03.355Z
703,"plined.com",planet,astro,"echoes ""planet"" (astro); 2-syllable, crisp -ed ending",2026-07-24T04:54:03.355Z
704,"spunok.com",spinor,physics,"echoes ""spinor"" (physics); 2-syllable, crisp -ok ending",2026-07-24T04:58:57.566Z
705,"plenap.com",planar,math,"echoes ""planar"" (math); 2-syllable, crisp -ap ending",2026-07-24T04:58:57.567Z
706,"sicanx.com",secant,math,"echoes ""secant"" (math); 2-syllable, crisp -nx ending",2026-07-24T04:54:03.355Z
707,"sulmur.com",sulfur,chem,"echoes ""sulfur"" (chem); 2-syllable, crisp -ur ending",2026-07-24T04:58:57.567Z
708,"mutrir.com",matrix,math,"echoes ""matrix"" (math); 2-syllable, crisp -ir ending",2026-07-24T04:54:03.354Z
709,"mumenx.com",moment,physics,"echoes ""moment"" (physics); 2-syllable, crisp -nx ending",2026-07-24T04:58:57.567Z
710,"nubult.com",nebula,astro,"echoes ""nebula"" (astro); 2-syllable, crisp -lt ending",2026-07-24T04:54:03.354Z
711,"silvud.com",silver,chem,"echoes ""silver"" (chem); 2-syllable, crisp -ud ending",2026-07-24T04:58:57.567Z
712,"pasmox.com",plasmon,physics,"echoes ""plasmon"" (physics); 2-syllable, crisp -ox ending",2026-07-24T04:58:57.567Z
713,"prutom.com",proton,physics,"echoes ""proton"" (physics); 2-syllable, crisp -om ending",2026-07-24T04:54:03.354Z
714,"ligint.com",ligand,bio,"echoes ""ligand"" (bio); 2-syllable, crisp -nt ending",2026-07-24T04:58:57.567Z
715,"butens.com",butane,chem,"echoes ""butane"" (chem); 2-syllable, crisp -ns ending",2026-07-24T04:58:57.567Z
716,"cubalk.com",cobalt,chem,"echoes ""cobalt"" (chem); 2-syllable, crisp -lk ending",2026-07-24T04:54:03.354Z
717,"convod.com",convex,math,"echoes ""convex"" (math); 2-syllable, crisp -od ending",2026-07-24T04:58:57.567Z
718,"dipult.com",dipole,physics,"echoes ""dipole"" (physics); 2-syllable, crisp -lt ending",2026-07-24T04:54:03.354Z
719,"kotonx.com",ketone,chem,"echoes ""ketone"" (chem); 2-syllable, crisp -nx ending",2026-07-24T04:54:03.353Z
720,"phelol.com",phenol,chem,"echoes ""phenol"" (chem); 2-syllable, crisp -ol ending",2026-07-24T04:54:03.354Z
721,"tinsok.com",tensor,physics,"echoes ""tensor"" (physics); 2-syllable, crisp -ok ending",2026-07-24T04:54:03.354Z
722,"tirqux.com",torque,physics,"echoes ""torque"" (physics); 2-syllable, crisp -ux ending",2026-07-24T04:54:03.355Z
723,"curont.com",corona,astro,"echoes ""corona"" (astro); 2-syllable, crisp -nt ending",2026-07-24T04:54:03.354Z
724,"kernak.com",kernel,math,"echoes ""kernel"" (math); 2-syllable, crisp -ak ending",2026-07-24T04:58:57.566Z
725,"kelvel.com",kelvin,physics,"echoes ""kelvin"" (physics); 2-syllable, crisp -el ending",2026-07-24T04:54:03.354Z
726,"pulsut.com",pulsar,astro,"echoes ""pulsar"" (astro); 2-syllable, crisp -ut ending",2026-07-24T04:54:03.355Z
727,"muduld.com",modulo,math,"echoes ""modulo"" (math); 2-syllable, crisp -ld ending",2026-07-24T04:54:03.355Z
728,"megnep.com",magnet,physics,"echoes ""magnet"" (physics); 2-syllable, crisp -ep ending",2026-07-24T04:54:03.352Z
729,"mugnon.com",magnon,physics,"echoes ""magnon"" (physics); 2-syllable, crisp -on ending",2026-07-24T04:58:57.567Z
730,"cismil.com",cosmic,astro,"echoes ""cosmic"" (astro); 2-syllable, crisp -il ending",2026-07-24T04:54:03.354Z
731,"cosmut.com",cosmos,astro,"echoes ""cosmos"" (astro); 2-syllable, crisp -ut ending",2026-07-24T04:54:03.355Z
732,"hodrot.com",hadron,physics,"echoes ""hadron"" (physics); 2-syllable, crisp -ot ending",2026-07-24T04:54:03.355Z
733,"lemmip.com",lemma,math,"echoes ""lemma"" (math); 2-syllable, crisp -ip ending",2026-07-24T04:54:03.355Z
734,"cirbop.com",carbon,chem,"echoes ""carbon"" (chem); 2-syllable, crisp -op ending",2026-07-24T04:54:03.354Z
735,"cusint.com",cosine,math,"echoes ""cosine"" (math); 2-syllable, crisp -nt ending",2026-07-24T04:54:03.354Z
736,"curtep.com",cortex,bio,"echoes ""cortex"" (bio); 2-syllable, crisp -ep ending",2026-07-24T04:54:03.355Z
737,"plinep.com",planet,astro,"echoes ""planet"" (astro); 2-syllable, crisp -ep ending",2026-07-24T04:54:03.355Z
738,"spunot.com",spinor,physics,"echoes ""spinor"" (physics); 2-syllable, crisp -ot ending",2026-07-24T04:58:57.566Z
739,"plenaz.com",planar,math,"echoes ""planar"" (math); 2-syllable, crisp -az ending",2026-07-24T04:58:57.567Z
740,"socanx.com",secant,math,"echoes ""secant"" (math); 2-syllable, crisp -nx ending",2026-07-24T04:54:03.353Z
741,"sulnur.com",sulfur,chem,"echoes ""sulfur"" (chem); 2-syllable, crisp -ur ending",2026-07-24T04:58:57.567Z
742,"matrap.com",matrix,math,"echoes ""matrix"" (math); 2-syllable, crisp -ap ending",2026-07-24T04:54:03.353Z
743,"mamend.com",moment,physics,"echoes ""moment"" (physics); 2-syllable, crisp -nd ending",2026-07-24T04:58:57.567Z
744,"nabuld.com",nebula,astro,"echoes ""nebula"" (astro); 2-syllable, crisp -ld ending",2026-07-24T04:54:03.354Z
745,"silvuz.com",silver,chem,"echoes ""silver"" (chem); 2-syllable, crisp -uz ending",2026-07-24T04:58:57.567Z
746,"plamom.com",plasmon,physics,"echoes ""plasmon"" (physics); 2-syllable, crisp -om ending",2026-07-24T04:58:57.566Z
747,"liginx.com",ligand,bio,"echoes ""ligand"" (bio); 2-syllable, crisp -nx ending",2026-07-24T04:58:57.567Z
748,"butind.com",butane,chem,"echoes ""butane"" (chem); 2-syllable, crisp -nd ending",2026-07-24T04:58:57.566Z
749,"cebald.com",cobalt,chem,"echoes ""cobalt"" (chem); 2-syllable, crisp -ld ending",2026-07-24T04:54:03.355Z
750,"convud.com",convex,math,"echoes ""convex"" (math); 2-syllable, crisp -ud ending",2026-07-24T04:58:57.567Z
751,"dopolk.com",dipole,physics,"echoes ""dipole"" (physics); 2-syllable, crisp -lk ending",2026-07-24T04:54:03.354Z
752,"kutonk.com",ketone,chem,"echoes ""ketone"" (chem); 2-syllable, crisp -nk ending",2026-07-24T04:54:03.355Z
753,"phemol.com",phenol,chem,"echoes ""phenol"" (chem); 2-syllable, crisp -ol ending",2026-07-24T04:54:03.355Z
754,"tinsox.com",tensor,physics,"echoes ""tensor"" (physics); 2-syllable, crisp -ox ending",2026-07-24T04:54:03.354Z
755,"torqek.com",torque,physics,"echoes ""torque"" (physics); 2-syllable, crisp -ek ending",2026-07-24T04:54:03.354Z
756,"kernok.com",kernel,math,"echoes ""kernel"" (math); 2-syllable, crisp -ok ending",2026-07-24T04:58:57.566Z
757,"kelvol.com",kelvin,physics,"echoes ""kelvin"" (physics); 2-syllable, crisp -ol ending",2026-07-24T04:54:03.352Z
758,"pulsux.com",pulsar,astro,"echoes ""pulsar"" (astro); 2-syllable, crisp -ux ending",2026-07-24T04:54:03.355Z
759,"mignep.com",magnet,physics,"echoes ""magnet"" (physics); 2-syllable, crisp -ep ending",2026-07-24T04:54:03.354Z
760,"megnol.com",magnon,physics,"echoes ""magnon"" (physics); 2-syllable, crisp -ol ending",2026-07-24T04:58:57.566Z
761,"cismir.com",cosmic,astro,"echoes ""cosmic"" (astro); 2-syllable, crisp -ir ending",2026-07-24T04:54:03.354Z
762,"cusmok.com",cosmos,astro,"echoes ""cosmos"" (astro); 2-syllable, crisp -ok ending",2026-07-24T04:54:03.353Z
763,"hodrox.com",hadron,physics,"echoes ""hadron"" (physics); 2-syllable, crisp -ox ending",2026-07-24T04:54:03.355Z
764,"lemmiz.com",lemma,math,"echoes ""lemma"" (math); 2-syllable, crisp -iz ending",2026-07-24T04:54:03.355Z
765,"cirbos.com",carbon,chem,"echoes ""carbon"" (chem); 2-syllable, crisp -os ending",2026-07-24T04:54:03.354Z
766,"cusinx.com",cosine,math,"echoes ""cosine"" (math); 2-syllable, crisp -nx ending",2026-07-24T04:54:03.354Z
767,"plinez.com",planet,astro,"echoes ""planet"" (astro); 2-syllable, crisp -ez ending",2026-07-24T04:54:03.355Z
768,"spunox.com",spinor,physics,"echoes ""spinor"" (physics); 2-syllable, crisp -ox ending",2026-07-24T04:58:57.566Z
769,"plinad.com",planar,math,"echoes ""planar"" (math); 2-syllable, crisp -ad ending",2026-07-24T04:58:57.567Z
770,"sucank.com",secant,math,"echoes ""secant"" (math); 2-syllable, crisp -nk ending",2026-07-24T04:54:03.354Z
771,"sulrur.com",sulfur,chem,"echoes ""sulfur"" (chem); 2-syllable, crisp -ur ending",2026-07-24T04:58:57.566Z
772,"matrud.com",matrix,math,"echoes ""matrix"" (math); 2-syllable, crisp -ud ending",2026-07-24T04:54:03.354Z
773,"momund.com",moment,physics,"echoes ""moment"" (physics); 2-syllable, crisp -nd ending",2026-07-24T04:58:57.567Z
774,"nebeld.com",nebula,astro,"echoes ""nebula"" (astro); 2-syllable, crisp -ld ending",2026-07-24T04:54:03.355Z
775,"sulved.com",silver,chem,"echoes ""silver"" (chem); 2-syllable, crisp -ed ending",2026-07-24T04:58:57.566Z
776,"ligonk.com",ligand,bio,"echoes ""ligand"" (bio); 2-syllable, crisp -nk ending",2026-07-24T04:58:57.567Z
777,"butond.com",butane,chem,"echoes ""butane"" (chem); 2-syllable, crisp -nd ending",2026-07-24T04:58:57.567Z
778,"cobeld.com",cobalt,chem,"echoes ""cobalt"" (chem); 2-syllable, crisp -ld ending",2026-07-24T04:54:03.355Z
779,"convuz.com",convex,math,"echoes ""convex"" (math); 2-syllable, crisp -uz ending",2026-07-24T04:58:57.567Z
780,"dopolt.com",dipole,physics,"echoes ""dipole"" (physics); 2-syllable, crisp -lt ending",2026-07-24T04:54:03.354Z
781,"kutont.com",ketone,chem,"echoes ""ketone"" (chem); 2-syllable, crisp -nt ending",2026-07-24T04:54:03.354Z
782,"phenul.com",phenol,chem,"echoes ""phenol"" (chem); 2-syllable, crisp -ul ending",2026-07-24T04:54:03.354Z
783,"tonsok.com",tensor,physics,"echoes ""tensor"" (physics); 2-syllable, crisp -ok ending",2026-07-24T04:54:03.355Z
784,"torqet.com",torque,physics,"echoes ""torque"" (physics); 2-syllable, crisp -et ending",2026-07-24T04:54:03.354Z
785,"kirnek.com",kernel,math,"echoes ""kernel"" (math); 2-syllable, crisp -ek ending",2026-07-24T04:58:57.567Z
786,"kelvul.com",kelvin,physics,"echoes ""kelvin"" (physics); 2-syllable, crisp -ul ending",2026-07-24T04:54:03.353Z
787,"pelsal.com",pulsar,astro,"echoes ""pulsar"" (astro); 2-syllable, crisp -al ending",2026-07-24T04:54:03.354Z
788,"mignes.com",magnet,physics,"echoes ""magnet"" (physics); 2-syllable, crisp -es ending",2026-07-24T04:54:03.354Z
789,"mignol.com",magnon,physics,"echoes ""magnon"" (physics); 2-syllable, crisp -ol ending",2026-07-24T04:58:57.567Z
790,"cusmil.com",cosmic,astro,"echoes ""cosmic"" (astro); 2-syllable, crisp -il ending",2026-07-24T04:54:03.353Z
791,"cusmot.com",cosmos,astro,"echoes ""cosmos"" (astro); 2-syllable, crisp -ot ending",2026-07-24T04:54:03.353Z
792,"hudrok.com",hadron,physics,"echoes ""hadron"" (physics); 2-syllable, crisp -ok ending",2026-07-24T04:54:03.354Z
793,"lemmod.com",lemma,math,"echoes ""lemma"" (math); 2-syllable, crisp -od ending",2026-07-24T04:54:03.355Z
794,"cirboz.com",carbon,chem,"echoes ""carbon"" (chem); 2-syllable, crisp -oz ending",2026-07-24T04:54:03.354Z
795,"cesins.com",cosine,math,"echoes ""cosine"" (math); 2-syllable, crisp -ns ending",2026-07-24T04:54:03.354Z
796,"ploned.com",planet,astro,"echoes ""planet"" (astro); 2-syllable, crisp -ed ending",2026-07-24T04:54:03.354Z
797,"spenol.com",spinor,physics,"echoes ""spinor"" (physics); 2-syllable, crisp -ol ending",2026-07-24T04:58:57.566Z
798,"plinap.com",planar,math,"echoes ""planar"" (math); 2-syllable, crisp -ap ending",2026-07-24T04:58:57.567Z
799,"sucanx.com",secant,math,"echoes ""secant"" (math); 2-syllable, crisp -nx ending",2026-07-24T04:54:03.354Z
800,"sulfum.com",sulfur,chem,"echoes ""sulfur"" (chem); 2-syllable, crisp -um ending",2026-07-24T04:58:57.567Z
801,"mitriz.com",matrix,math,"echoes ""matrix"" (math); 2-syllable, crisp -iz ending",2026-07-24T04:54:03.355Z
802,"mumens.com",moment,physics,"echoes ""moment"" (physics); 2-syllable, crisp -ns ending",2026-07-24T04:58:57.567Z
803,"nebild.com",nebula,astro,"echoes ""nebula"" (astro); 2-syllable, crisp -ld ending",2026-07-24T04:54:03.355Z
804,"sulvep.com",silver,chem,"echoes ""silver"" (chem); 2-syllable, crisp -ep ending",2026-07-24T04:58:57.567Z
805,"ligont.com",ligand,bio,"echoes ""ligand"" (bio); 2-syllable, crisp -nt ending",2026-07-24T04:58:57.567Z
806,"butund.com",butane,chem,"echoes ""butane"" (chem); 2-syllable, crisp -nd ending",2026-07-24T04:58:57.567Z
807,"cobuld.com",cobalt,chem,"echoes ""cobalt"" (chem); 2-syllable, crisp -ld ending",2026-07-24T04:54:03.354Z
808,"cunved.com",convex,math,"echoes ""convex"" (math); 2-syllable, crisp -ed ending",2026-07-24T04:58:57.567Z
809,"dupolk.com",dipole,physics,"echoes ""dipole"" (physics); 2-syllable, crisp -lk ending",2026-07-24T04:54:03.352Z
810,"kutonx.com",ketone,chem,"echoes ""ketone"" (chem); 2-syllable, crisp -nx ending",2026-07-24T04:54:03.355Z
811,"phinol.com",phenol,chem,"echoes ""phenol"" (chem); 2-syllable, crisp -ol ending",2026-07-24T04:54:03.355Z
812,"tonsot.com",tensor,physics,"echoes ""tensor"" (physics); 2-syllable, crisp -ot ending",2026-07-24T04:54:03.353Z
813,"torqik.com",torque,physics,"echoes ""torque"" (physics); 2-syllable, crisp -ik ending",2026-07-24T04:54:03.354Z
814,"kirnex.com",kernel,math,"echoes ""kernel"" (math); 2-syllable, crisp -ex ending",2026-07-24T04:58:57.566Z
815,"kilvir.com",kelvin,physics,"echoes ""kelvin"" (physics); 2-syllable, crisp -ir ending",2026-07-24T04:54:03.354Z
816,"pulsil.com",pulsar,astro,"echoes ""pulsar"" (astro); 2-syllable, crisp -il ending",2026-07-24T04:54:03.355Z
817,"mignez.com",magnet,physics,"echoes ""magnet"" (physics); 2-syllable, crisp -ez ending",2026-07-24T04:54:03.354Z
818,"mognol.com",magnon,physics,"echoes ""magnon"" (physics); 2-syllable, crisp -ol ending",2026-07-24T04:58:57.566Z
819,"casmip.com",cosmic,astro,"echoes ""cosmic"" (astro); 2-syllable, crisp -ip ending",2026-07-24T04:54:03.355Z
820,"cesmol.com",cosmos,astro,"echoes ""cosmos"" (astro); 2-syllable, crisp -ol ending",2026-07-24T04:54:03.355Z
821,"hudrot.com",hadron,physics,"echoes ""hadron"" (physics); 2-syllable, crisp -ot ending",2026-07-24T04:54:03.354Z
822,"lemmom.com",lemma,math,"echoes ""lemma"" (math); 2-syllable, crisp -om ending",2026-07-24T04:54:03.355Z
823,"corbod.com",carbon,chem,"echoes ""carbon"" (chem); 2-syllable, crisp -od ending",2026-07-24T04:54:03.354Z
824,"cisind.com",cosine,math,"echoes ""cosine"" (math); 2-syllable, crisp -nd ending",2026-07-24T04:54:03.353Z
825,"plonep.com",planet,astro,"echoes ""planet"" (astro); 2-syllable, crisp -ep ending",2026-07-24T04:54:03.354Z
826,"spinul.com",spinor,physics,"echoes ""spinor"" (physics); 2-syllable, crisp -ul ending",2026-07-24T04:58:57.567Z
827,"plinaz.com",planar,math,"echoes ""planar"" (math); 2-syllable, crisp -az ending",2026-07-24T04:58:57.567Z
828,"sacans.com",secant,math,"echoes ""secant"" (math); 2-syllable, crisp -ns ending",2026-07-24T04:54:03.353Z
829,"salfut.com",sulfur,chem,"echoes ""sulfur"" (chem); 2-syllable, crisp -ut ending",2026-07-24T04:58:57.566Z
830,"mutrid.com",matrix,math,"echoes ""matrix"" (math); 2-syllable, crisp -id ending",2026-07-24T04:54:03.354Z
831,"nibuld.com",nebula,astro,"echoes ""nebula"" (astro); 2-syllable, crisp -ld ending",2026-07-24T04:54:03.355Z
832,"sulves.com",silver,chem,"echoes ""silver"" (chem); 2-syllable, crisp -es ending",2026-07-24T04:58:57.567Z
833,"ligunk.com",ligand,bio,"echoes ""ligand"" (bio); 2-syllable, crisp -nk ending",2026-07-24T04:58:57.566Z
834,"butuns.com",butane,chem,"echoes ""butane"" (chem); 2-syllable, crisp -ns ending",2026-07-24T04:58:57.567Z
835,"cubald.com",cobalt,chem,"echoes ""cobalt"" (chem); 2-syllable, crisp -ld ending",2026-07-24T04:54:03.354Z
836,"cunvep.com",convex,math,"echoes ""convex"" (math); 2-syllable, crisp -ep ending",2026-07-24T04:58:57.566Z
837,"dupolt.com",dipole,physics,"echoes ""dipole"" (physics); 2-syllable, crisp -lt ending",2026-07-24T04:54:03.352Z
838,"katond.com",ketone,chem,"echoes ""ketone"" (chem); 2-syllable, crisp -nd ending",2026-07-24T04:54:03.355Z
839,"phunol.com",phenol,chem,"echoes ""phenol"" (chem); 2-syllable, crisp -ol ending",2026-07-24T04:54:03.355Z
840,"tonsox.com",tensor,physics,"echoes ""tensor"" (physics); 2-syllable, crisp -ox ending",2026-07-24T04:54:03.352Z
841,"torqot.com",torque,physics,"echoes ""torque"" (physics); 2-syllable, crisp -ot ending",2026-07-24T04:54:03.354Z
842,"kurnek.com",kernel,math,"echoes ""kernel"" (math); 2-syllable, crisp -ek ending",2026-07-24T04:58:57.567Z
843,"kulvil.com",kelvin,physics,"echoes ""kelvin"" (physics); 2-syllable, crisp -il ending",2026-07-24T04:54:03.355Z
844,"pulsul.com",pulsar,astro,"echoes ""pulsar"" (astro); 2-syllable, crisp -ul ending",2026-07-24T04:54:03.355Z
845,"mogned.com",magnet,physics,"echoes ""magnet"" (physics); 2-syllable, crisp -ed ending",2026-07-24T04:54:03.354Z
846,"mognor.com",magnon,physics,"echoes ""magnon"" (physics); 2-syllable, crisp -or ending",2026-07-24T04:58:57.566Z
847,"casmiz.com",cosmic,astro,"echoes ""cosmic"" (astro); 2-syllable, crisp -iz ending",2026-07-24T04:54:03.355Z
848,"cesmor.com",cosmos,astro,"echoes ""cosmos"" (astro); 2-syllable, crisp -or ending",2026-07-24T04:54:03.355Z
849,"hudrox.com",hadron,physics,"echoes ""hadron"" (physics); 2-syllable, crisp -ox ending",2026-07-24T04:54:03.354Z
850,"lemmop.com",lemma,math,"echoes ""lemma"" (math); 2-syllable, crisp -op ending",2026-07-24T04:54:03.355Z
851,"corbop.com",carbon,chem,"echoes ""carbon"" (chem); 2-syllable, crisp -op ending",2026-07-24T04:54:03.354Z
852,"cosond.com",cosine,math,"echoes ""cosine"" (math); 2-syllable, crisp -nd ending",2026-07-24T04:54:03.355Z
853,"plonez.com",planet,astro,"echoes ""planet"" (astro); 2-syllable, crisp -ez ending",2026-07-24T04:54:03.354Z
854,"spunol.com",spinor,physics,"echoes ""spinor"" (physics); 2-syllable, crisp -ol ending",2026-07-24T04:58:57.566Z
855,"plonad.com",planar,math,"echoes ""planar"" (math); 2-syllable, crisp -ad ending",2026-07-24T04:58:57.567Z
856,"secind.com",secant,math,"echoes ""secant"" (math); 2-syllable, crisp -nd ending",2026-07-24T04:54:03.355Z
857,"salfux.com",sulfur,chem,"echoes ""sulfur"" (chem); 2-syllable, crisp -ux ending",2026-07-24T04:58:57.566Z
858,"mutriz.com",matrix,math,"echoes ""matrix"" (math); 2-syllable, crisp -iz ending",2026-07-24T04:54:03.354Z
859,"nobuld.com",nebula,astro,"echoes ""nebula"" (astro); 2-syllable, crisp -ld ending",2026-07-24T04:54:03.354Z
860,"sulvez.com",silver,chem,"echoes ""silver"" (chem); 2-syllable, crisp -ez ending",2026-07-24T04:58:57.566Z
861,"ligunt.com",ligand,bio,"echoes ""ligand"" (bio); 2-syllable, crisp -nt ending",2026-07-24T04:58:57.566Z
862,"cunves.com",convex,math,"echoes ""convex"" (math); 2-syllable, crisp -es ending",2026-07-24T04:58:57.566Z
863,"dapold.com",dipole,physics,"echoes ""dipole"" (physics); 2-syllable, crisp -ld ending",2026-07-24T04:54:03.354Z
864,"katons.com",ketone,chem,"echoes ""ketone"" (chem); 2-syllable, crisp -ns ending",2026-07-24T04:54:03.355Z
865,"phenod.com",phenol,chem,"echoes ""phenol"" (chem); 2-syllable, crisp -od ending",2026-07-24T04:54:03.354Z
866,"tunsok.com",tensor,physics,"echoes ""tensor"" (physics); 2-syllable, crisp -ok ending",2026-07-24T04:54:03.355Z
867,"torqox.com",torque,physics,"echoes ""torque"" (physics); 2-syllable, crisp -ox ending",2026-07-24T04:54:03.354Z
868,"kelnin.com",kelvin,physics,"echoes ""kelvin"" (physics); 2-syllable, crisp -in ending",2026-07-24T04:54:03.355Z
869,"mognep.com",magnet,physics,"echoes ""magnet"" (physics); 2-syllable, crisp -ep ending",2026-07-24T04:54:03.354Z
870,"mugnor.com",magnon,physics,"echoes ""magnon"" (physics); 2-syllable, crisp -or ending",2026-07-24T04:58:57.567Z
871,"cesmip.com",cosmic,astro,"echoes ""cosmic"" (astro); 2-syllable, crisp -ip ending",2026-07-24T04:54:03.355Z
872,"cismor.com",cosmos,astro,"echoes ""cosmos"" (astro); 2-syllable, crisp -or ending",2026-07-24T04:54:03.354Z
873,"hadral.com",hadron,physics,"echoes ""hadron"" (physics); 2-syllable, crisp -al ending",2026-07-24T04:54:03.352Z
874,"lemmoz.com",lemma,math,"echoes ""lemma"" (math); 2-syllable, crisp -oz ending",2026-07-24T04:54:03.355Z
875,"curbod.com",carbon,chem,"echoes ""carbon"" (chem); 2-syllable, crisp -od ending",2026-07-24T04:54:03.353Z
876,"cosund.com",cosine,math,"echoes ""cosine"" (math); 2-syllable, crisp -nd ending",2026-07-24T04:54:03.355Z
877,"plunep.com",planet,astro,"echoes ""planet"" (astro); 2-syllable, crisp -ep ending",2026-07-24T04:54:03.355Z
878,"spanod.com",spinor,physics,"echoes ""spinor"" (physics); 2-syllable, crisp -od ending",2026-07-24T04:58:57.566Z
879,"plonap.com",planar,math,"echoes ""planar"" (math); 2-syllable, crisp -ap ending",2026-07-24T04:58:57.567Z
880,"secuns.com",secant,math,"echoes ""secant"" (math); 2-syllable, crisp -ns ending",2026-07-24T04:54:03.354Z
881,"selfut.com",sulfur,chem,"echoes ""sulfur"" (chem); 2-syllable, crisp -ut ending",2026-07-24T04:58:57.567Z
882,"mutrim.com",matrix,math,"echoes ""matrix"" (math); 2-syllable, crisp -im ending",2026-07-24T04:54:03.354Z
883,"nubuld.com",nebula,astro,"echoes ""nebula"" (astro); 2-syllable, crisp -ld ending",2026-07-24T04:54:03.354Z
884,"silvun.com",silver,chem,"echoes ""silver"" (chem); 2-syllable, crisp -un ending",2026-07-24T04:58:57.567Z
885,"ligunx.com",ligand,bio,"echoes ""ligand"" (bio); 2-syllable, crisp -nx ending",2026-07-24T04:58:57.566Z
886,"cunvez.com",convex,math,"echoes ""convex"" (math); 2-syllable, crisp -ez ending",2026-07-24T04:58:57.566Z
887,"dipald.com",dipole,physics,"echoes ""dipole"" (physics); 2-syllable, crisp -ld ending",2026-07-24T04:54:03.354Z
888,"phanok.com",phenol,chem,"echoes ""phenol"" (chem); 2-syllable, crisp -ok ending",2026-07-24T04:54:03.354Z
889,"tunsot.com",tensor,physics,"echoes ""tensor"" (physics); 2-syllable, crisp -ot ending",2026-07-24T04:54:03.355Z
890,"turquk.com",torque,physics,"echoes ""torque"" (physics); 2-syllable, crisp -uk ending",2026-07-24T04:54:03.354Z
891,"kalvid.com",kelvin,physics,"echoes ""kelvin"" (physics); 2-syllable, crisp -id ending",2026-07-24T04:54:03.354Z
892,"mognes.com",magnet,physics,"echoes ""magnet"" (physics); 2-syllable, crisp -es ending",2026-07-24T04:54:03.354Z
893,"megnod.com",magnon,physics,"echoes ""magnon"" (physics); 2-syllable, crisp -od ending",2026-07-24T04:58:57.566Z
894,"cesmis.com",cosmic,astro,"echoes ""cosmic"" (astro); 2-syllable, crisp -is ending",2026-07-24T04:54:03.355Z
895,"cusmol.com",cosmos,astro,"echoes ""cosmos"" (astro); 2-syllable, crisp -ol ending",2026-07-24T04:54:03.353Z
896,"hadrar.com",hadron,physics,"echoes ""hadron"" (physics); 2-syllable, crisp -ar ending",2026-07-24T04:54:03.355Z
897,"lemmud.com",lemma,math,"echoes ""lemma"" (math); 2-syllable, crisp -ud ending",2026-07-24T04:54:03.355Z
898,"curboz.com",carbon,chem,"echoes ""carbon"" (chem); 2-syllable, crisp -oz ending",2026-07-24T04:54:03.353Z
899,"cusind.com",cosine,math,"echoes ""cosine"" (math); 2-syllable, crisp -nd ending",2026-07-24T04:54:03.354Z
900,"plunez.com",planet,astro,"echoes ""planet"" (astro); 2-syllable, crisp -ez ending",2026-07-24T04:54:03.355Z
901,"spanop.com",spinor,physics,"echoes ""spinor"" (physics); 2-syllable, crisp -op ending",2026-07-24T04:58:57.566Z
902,"plonas.com",planar,math,"echoes ""planar"" (math); 2-syllable, crisp -as ending",2026-07-24T04:58:57.567Z
903,"sicand.com",secant,math,"echoes ""secant"" (math); 2-syllable, crisp -nd ending",2026-07-24T04:54:03.355Z
904,"silfux.com",sulfur,chem,"echoes ""sulfur"" (chem); 2-syllable, crisp -ux ending",2026-07-24T04:58:57.567Z
905,"sulvem.com",silver,chem,"echoes ""silver"" (chem); 2-syllable, crisp -em ending",2026-07-24T04:58:57.566Z
906,"lugank.com",ligand,bio,"echoes ""ligand"" (bio); 2-syllable, crisp -nk ending",2026-07-24T04:58:57.567Z
907,"dipeld.com",dipole,physics,"echoes ""dipole"" (physics); 2-syllable, crisp -ld ending",2026-07-24T04:54:03.353Z
908,"phenak.com",phenol,chem,"echoes ""phenol"" (chem); 2-syllable, crisp -ak ending",2026-07-24T04:54:03.354Z
909,"turqux.com",torque,physics,"echoes ""torque"" (physics); 2-syllable, crisp -ux ending",2026-07-24T04:54:03.354Z
910,"kelvad.com",kelvin,physics,"echoes ""kelvin"" (physics); 2-syllable, crisp -ad ending",2026-07-24T04:54:03.353Z
911,"mognez.com",magnet,physics,"echoes ""magnet"" (physics); 2-syllable, crisp -ez ending",2026-07-24T04:54:03.354Z
912,"megnop.com",magnon,physics,"echoes ""magnon"" (physics); 2-syllable, crisp -op ending",2026-07-24T04:58:57.566Z
913,"cesmiz.com",cosmic,astro,"echoes ""cosmic"" (astro); 2-syllable, crisp -iz ending",2026-07-24T04:54:03.355Z
914,"cusmor.com",cosmos,astro,"echoes ""cosmos"" (astro); 2-syllable, crisp -or ending",2026-07-24T04:54:03.353Z
915,"hadrer.com",hadron,physics,"echoes ""hadron"" (physics); 2-syllable, crisp -er ending",2026-07-24T04:54:03.352Z
916,"lemmum.com",lemma,math,"echoes ""lemma"" (math); 2-syllable, crisp -um ending",2026-07-24T04:54:03.355Z
917,"plenem.com",planet,astro,"echoes ""planet"" (astro); 2-syllable, crisp -em ending",2026-07-24T04:54:03.354Z
918,"spenod.com",spinor,physics,"echoes ""spinor"" (physics); 2-syllable, crisp -od ending",2026-07-24T04:58:57.567Z
919,"plonaz.com",planar,math,"echoes ""planar"" (math); 2-syllable, crisp -az ending",2026-07-24T04:58:57.567Z
920,"sicans.com",secant,math,"echoes ""secant"" (math); 2-syllable, crisp -ns ending",2026-07-24T04:54:03.355Z
921,"solfux.com",sulfur,chem,"echoes ""sulfur"" (chem); 2-syllable, crisp -ux ending",2026-07-24T04:58:57.566Z
922,"lugant.com",ligand,bio,"echoes ""ligand"" (bio); 2-syllable, crisp -nt ending",2026-07-24T04:58:57.567Z
923,"dipild.com",dipole,physics,"echoes ""dipole"" (physics); 2-syllable, crisp -ld ending",2026-07-24T04:54:03.353Z
924,"phenat.com",phenol,chem,"echoes ""phenol"" (chem); 2-syllable, crisp -at ending",2026-07-24T04:54:03.354Z
925,"tarqul.com",torque,physics,"echoes ""torque"" (physics); 2-syllable, crisp -ul ending",2026-07-24T04:54:03.353Z
926,"kelvap.com",kelvin,physics,"echoes ""kelvin"" (physics); 2-syllable, crisp -ap ending",2026-07-24T04:54:03.353Z
927,"mugned.com",magnet,physics,"echoes ""magnet"" (physics); 2-syllable, crisp -ed ending",2026-07-24T04:54:03.355Z
928,"megnoz.com",magnon,physics,"echoes ""magnon"" (physics); 2-syllable, crisp -oz ending",2026-07-24T04:58:57.567Z
929,"cismid.com",cosmic,astro,"echoes ""cosmic"" (astro); 2-syllable, crisp -id ending",2026-07-24T04:54:03.354Z
930,"casmop.com",cosmos,astro,"echoes ""cosmos"" (astro); 2-syllable, crisp -op ending",2026-07-24T04:54:03.355Z
931,"hadril.com",hadron,physics,"echoes ""hadron"" (physics); 2-syllable, crisp -il ending",2026-07-24T04:54:03.355Z
932,"lemmup.com",lemma,math,"echoes ""lemma"" (math); 2-syllable, crisp -up ending",2026-07-24T04:54:03.355Z
933,"plenen.com",planet,astro,"echoes ""planet"" (astro); 2-syllable, crisp -en ending",2026-07-24T04:54:03.354Z
934,"spenop.com",spinor,physics,"echoes ""spinor"" (physics); 2-syllable, crisp -op ending",2026-07-24T04:58:57.566Z
935,"plunad.com",planar,math,"echoes ""planar"" (math); 2-syllable, crisp -ad ending",2026-07-24T04:58:57.567Z
936,"socand.com",secant,math,"echoes ""secant"" (math); 2-syllable, crisp -nd ending",2026-07-24T04:54:03.353Z
937,"sulfak.com",sulfur,chem,"echoes ""sulfur"" (chem); 2-syllable, crisp -ak ending",2026-07-24T04:58:57.567Z
938,"luganx.com",ligand,bio,"echoes ""ligand"" (bio); 2-syllable, crisp -nx ending",2026-07-24T04:58:57.567Z
939,"dipuld.com",dipole,physics,"echoes ""dipole"" (physics); 2-syllable, crisp -ld ending",2026-07-24T04:54:03.354Z
940,"phenit.com",phenol,chem,"echoes ""phenol"" (chem); 2-syllable, crisp -it ending",2026-07-24T04:54:03.354Z
941,"tarqur.com",torque,physics,"echoes ""torque"" (physics); 2-syllable, crisp -ur ending",2026-07-24T04:54:03.354Z
942,"kelvaz.com",kelvin,physics,"echoes ""kelvin"" (physics); 2-syllable, crisp -az ending",2026-07-24T04:54:03.353Z
943,"mugnep.com",magnet,physics,"echoes ""magnet"" (physics); 2-syllable, crisp -ep ending",2026-07-24T04:54:03.355Z
944,"mignod.com",magnon,physics,"echoes ""magnon"" (physics); 2-syllable, crisp -od ending",2026-07-24T04:58:57.567Z
945,"cismip.com",cosmic,astro,"echoes ""cosmic"" (astro); 2-syllable, crisp -ip ending",2026-07-24T04:54:03.354Z
946,"cesmod.com",cosmos,astro,"echoes ""cosmos"" (astro); 2-syllable, crisp -od ending",2026-07-24T04:54:03.355Z
947,"hadrir.com",hadron,physics,"echoes ""hadron"" (physics); 2-syllable, crisp -ir ending",2026-07-24T04:54:03.355Z
948,"lemmuz.com",lemma,math,"echoes ""lemma"" (math); 2-syllable, crisp -uz ending",2026-07-24T04:54:03.355Z
949,"plinem.com",planet,astro,"echoes ""planet"" (astro); 2-syllable, crisp -em ending",2026-07-24T04:54:03.355Z
950,"spenoz.com",spinor,physics,"echoes ""spinor"" (physics); 2-syllable, crisp -oz ending",2026-07-24T04:58:57.566Z
951,"plunap.com",planar,math,"echoes ""planar"" (math); 2-syllable, crisp -ap ending",2026-07-24T04:58:57.566Z
952,"sucand.com",secant,math,"echoes ""secant"" (math); 2-syllable, crisp -nd ending",2026-07-24T04:54:03.354Z
953,"sulfax.com",sulfur,chem,"echoes ""sulfur"" (chem); 2-syllable, crisp -ax ending",2026-07-24T04:58:57.567Z
954,"limand.com",ligand,bio,"echoes ""ligand"" (bio); 2-syllable, crisp -nd ending",2026-07-24T04:58:57.566Z
955,"dopold.com",dipole,physics,"echoes ""dipole"" (physics); 2-syllable, crisp -ld ending",2026-07-24T04:54:03.354Z
956,"phenuk.com",phenol,chem,"echoes ""phenol"" (chem); 2-syllable, crisp -uk ending",2026-07-24T04:54:03.354Z
957,"terqul.com",torque,physics,"echoes ""torque"" (physics); 2-syllable, crisp -ul ending",2026-07-24T04:54:03.354Z
958,"kelvep.com",kelvin,physics,"echoes ""kelvin"" (physics); 2-syllable, crisp -ep ending",2026-07-24T04:54:03.354Z
959,"mugnez.com",magnet,physics,"echoes ""magnet"" (physics); 2-syllable, crisp -ez ending",2026-07-24T04:54:03.355Z
960,"mignop.com",magnon,physics,"echoes ""magnon"" (physics); 2-syllable, crisp -op ending",2026-07-24T04:58:57.567Z
961,"cusmid.com",cosmic,astro,"echoes ""cosmic"" (astro); 2-syllable, crisp -id ending",2026-07-24T04:54:03.354Z
962,"cesmop.com",cosmos,astro,"echoes ""cosmos"" (astro); 2-syllable, crisp -op ending",2026-07-24T04:54:03.355Z
963,"hadrul.com",hadron,physics,"echoes ""hadron"" (physics); 2-syllable, crisp -ul ending",2026-07-24T04:54:03.355Z
964,"plonen.com",planet,astro,"echoes ""planet"" (astro); 2-syllable, crisp -en ending",2026-07-24T04:54:03.355Z
965,"spinep.com",spinor,physics,"echoes ""spinor"" (physics); 2-syllable, crisp -ep ending",2026-07-24T04:58:57.567Z
966,"plunas.com",planar,math,"echoes ""planar"" (math); 2-syllable, crisp -as ending",2026-07-24T04:58:57.566Z
967,"sulfek.com",sulfur,chem,"echoes ""sulfur"" (chem); 2-syllable, crisp -ek ending",2026-07-24T04:58:57.567Z
968,"ligens.com",ligand,bio,"echoes ""ligand"" (bio); 2-syllable, crisp -ns ending",2026-07-24T04:58:57.567Z
969,"dupold.com",dipole,physics,"echoes ""dipole"" (physics); 2-syllable, crisp -ld ending",2026-07-24T04:54:03.355Z
970,"phenut.com",phenol,chem,"echoes ""phenol"" (chem); 2-syllable, crisp -ut ending",2026-07-24T04:54:03.354Z
971,"terqur.com",torque,physics,"echoes ""torque"" (physics); 2-syllable, crisp -ur ending",2026-07-24T04:54:03.354Z
972,"kelvez.com",kelvin,physics,"echoes ""kelvin"" (physics); 2-syllable, crisp -ez ending",2026-07-24T04:54:03.353Z
973,"megnen.com",magnet,physics,"echoes ""magnet"" (physics); 2-syllable, crisp -en ending",2026-07-24T04:54:03.352Z
974,"mignoz.com",magnon,physics,"echoes ""magnon"" (physics); 2-syllable, crisp -oz ending",2026-07-24T04:58:57.567Z
975,"cusmip.com",cosmic,astro,"echoes ""cosmic"" (astro); 2-syllable, crisp -ip ending",2026-07-24T04:54:03.353Z
976,"cismod.com",cosmos,astro,"echoes ""cosmos"" (astro); 2-syllable, crisp -od ending",2026-07-24T04:54:03.354Z
977,"hadrur.com",hadron,physics,"echoes ""hadron"" (physics); 2-syllable, crisp -ur ending",2026-07-24T04:54:03.352Z
978,"plunem.com",planet,astro,"echoes ""planet"" (astro); 2-syllable, crisp -em ending",2026-07-24T04:54:03.355Z
979,"spinud.com",spinor,physics,"echoes ""spinor"" (physics); 2-syllable, crisp -ud ending",2026-07-24T04:58:57.567Z
980,"plunaz.com",planar,math,"echoes ""planar"" (math); 2-syllable, crisp -az ending",2026-07-24T04:58:57.566Z
981,"sulfot.com",sulfur,chem,"echoes ""sulfur"" (chem); 2-syllable, crisp -ot ending",2026-07-24T04:58:57.567Z
982,"phinok.com",phenol,chem,"echoes ""phenol"" (chem); 2-syllable, crisp -ok ending",2026-07-24T04:54:03.355Z
983,"tirqul.com",torque,physics,"echoes ""torque"" (physics); 2-syllable, crisp -ul ending",2026-07-24T04:54:03.355Z
984,"kelvod.com",kelvin,physics,"echoes ""kelvin"" (physics); 2-syllable, crisp -od ending",2026-07-24T04:54:03.352Z
985,"mignem.com",magnet,physics,"echoes ""magnet"" (physics); 2-syllable, crisp -em ending",2026-07-24T04:54:03.355Z
986,"mognod.com",magnon,physics,"echoes ""magnon"" (physics); 2-syllable, crisp -od ending",2026-07-24T04:58:57.566Z
987,"cusmis.com",cosmic,astro,"echoes ""cosmic"" (astro); 2-syllable, crisp -is ending",2026-07-24T04:54:03.353Z
988,"cismop.com",cosmos,astro,"echoes ""cosmos"" (astro); 2-syllable, crisp -op ending",2026-07-24T04:54:03.354Z
989,"hedrol.com",hadron,physics,"echoes ""hadron"" (physics); 2-syllable, crisp -ol ending",2026-07-24T04:54:03.353Z
990,"plunen.com",planet,astro,"echoes ""planet"" (astro); 2-syllable, crisp -en ending",2026-07-24T04:54:03.355Z
991,"spinuz.com",spinor,physics,"echoes ""spinor"" (physics); 2-syllable, crisp -uz ending",2026-07-24T04:58:57.567Z
992,"plonam.com",planar,math,"echoes ""planar"" (math); 2-syllable, crisp -am ending",2026-07-24T04:58:57.567Z
993,"salful.com",sulfur,chem,"echoes ""sulfur"" (chem); 2-syllable, crisp -ul ending",2026-07-24T04:58:57.566Z
994,"phinot.com",phenol,chem,"echoes ""phenol"" (chem); 2-syllable, crisp -ot ending",2026-07-24T04:54:03.355Z
995,"tirqur.com",torque,physics,"echoes ""torque"" (physics); 2-syllable, crisp -ur ending",2026-07-24T04:54:03.355Z
996,"kelvop.com",kelvin,physics,"echoes ""kelvin"" (physics); 2-syllable, crisp -op ending",2026-07-24T04:54:03.353Z
997,"mignen.com",magnet,physics,"echoes ""magnet"" (physics); 2-syllable, crisp -en ending",2026-07-24T04:54:03.355Z
998,"mognop.com",magnon,physics,"echoes ""magnon"" (physics); 2-syllable, crisp -op ending",2026-07-24T04:58:57.566Z
999,"cismoz.com",cosmos,astro,"echoes ""cosmos"" (astro); 2-syllable, crisp -oz ending",2026-07-24T04:54:03.354Z
1000,"hidror.com",hadron,physics,"echoes ""hadron"" (physics); 2-syllable, crisp -or ending",2026-07-24T04:54:03.355Z
