rank,domain,syllables,ending,sound_note,checked_at
1,"brezek.com",2,cons,"2-syllable coinage, punchy cluster onset, crisp -ek hard ending",2026-07-24T03:30:54.034Z
2,"claxak.com",2,cons,"2-syllable coinage, hard-stop onset, crisp -ak hard ending",2026-07-24T03:30:54.033Z
3,"crasas.com",2,cons,"2-syllable coinage, punchy cluster onset, crisp -as hard ending",2026-07-24T03:30:54.034Z
4,"drasuk.com",2,cons,"2-syllable coinage, punchy cluster onset, crisp -uk hard ending",2026-07-24T03:30:54.033Z
5,"flados.com",2,cons,"2-syllable coinage, gleam gl/fl onset, crisp -os hard ending",2026-07-24T03:30:54.034Z
6,"fregux.com",2,cons,"2-syllable coinage, hard-stop onset, crisp -ux hard ending",2026-07-24T03:30:54.034Z
7,"glabak.com",2,cons,"2-syllable coinage, gleam gl/fl onset, crisp -ak hard ending",2026-07-24T03:30:54.034Z
8,"grefik.com",2,cons,"2-syllable coinage, punchy cluster onset, crisp -ik hard ending",2026-07-24T03:30:54.035Z
9,"plafak.com",2,cons,"2-syllable coinage, hard-stop onset, crisp -ak hard ending",2026-07-24T03:30:54.032Z
10,"prapuk.com",2,cons,"2-syllable coinage, punchy cluster onset, crisp -uk hard ending",2026-07-24T03:30:54.034Z
11,"slavox.com",2,cons,"2-syllable coinage, gleam gl/fl onset, crisp -ox hard ending",2026-07-24T03:30:54.034Z
12,"spazil.com",2,cons,"2-syllable coinage, hard-stop onset, crisp -il hard ending",2026-07-24T03:30:54.032Z
13,"stevur.com",2,cons,"2-syllable coinage, hard-stop onset, crisp -ur hard ending",2026-07-24T03:30:54.034Z
14,"swamak.com",2,cons,"2-syllable coinage, hard-stop onset, crisp -ak hard ending",2026-07-24T03:30:54.034Z
15,"trazak.com",2,cons,"2-syllable coinage, punchy cluster onset, crisp -ak hard ending",2026-07-24T03:30:54.032Z
16,"vrasuk.com",2,cons,"2-syllable coinage, hard-stop onset, crisp -uk hard ending",2026-07-24T03:30:54.034Z
17,"fensok.com",2,cons,"2-syllable coinage, hard-stop onset, crisp -ok hard ending",2026-07-24T03:30:54.033Z
18,"firkex.com",2,cons,"2-syllable coinage, hard-stop onset, crisp -ex hard ending",2026-07-24T03:30:54.033Z
19,"fuldek.com",2,cons,"2-syllable coinage, hard-stop onset, crisp -ek hard ending",2026-07-24T03:30:54.033Z
20,"liphax.com",2,cons,"2-syllable coinage, hard-stop onset, crisp -ax hard ending",2026-07-24T03:30:54.033Z
21,"loskak.com",2,cons,"2-syllable coinage, hard-stop onset, crisp -ak hard ending",2026-07-24T03:30:54.034Z
22,"luphok.com",2,cons,"2-syllable coinage, hard-stop onset, crisp -ok hard ending",2026-07-24T03:30:54.033Z
23,"mufot.com",2,cons,"2-syllable coinage, hard-stop onset, crisp -ot hard ending",2026-07-24T03:30:54.033Z
24,"naphik.com",2,cons,"2-syllable coinage, hard-stop onset, crisp -ik hard ending",2026-07-24T03:30:54.034Z
25,"nophek.com",2,cons,"2-syllable coinage, hard-stop onset, crisp -ek hard ending",2026-07-24T03:30:54.034Z
26,"nuphot.com",2,cons,"2-syllable coinage, hard-stop onset, crisp -ot hard ending",2026-07-24T03:30:54.034Z
27,"raskux.com",2,cons,"2-syllable coinage, hard-stop onset, crisp -ux hard ending",2026-07-24T03:30:54.034Z
28,"rephik.com",2,cons,"2-syllable coinage, hard-stop onset, crisp -ik hard ending",2026-07-24T03:30:54.035Z
29,"sembuk.com",2,cons,"2-syllable coinage, hard-stop onset, crisp -uk hard ending",2026-07-24T03:30:54.035Z
30,"skatir.com",2,cons,"2-syllable coinage, hard-stop onset, crisp -ir hard ending",2026-07-24T03:30:54.033Z
31,"snedes.com",2,cons,"2-syllable coinage, hard-stop onset, crisp -es hard ending",2026-07-24T03:30:54.035Z
32,"sonkax.com",2,cons,"2-syllable coinage, hard-stop onset, crisp -ax hard ending",2026-07-24T03:30:54.034Z
33,"sudruk.com",2,cons,"2-syllable coinage, hard-stop onset, crisp -uk hard ending",2026-07-24T03:30:54.034Z
34,"vedrat.com",2,cons,"2-syllable coinage, hard-stop onset, crisp -at hard ending",2026-07-24T03:30:54.033Z
35,"vilduk.com",2,cons,"2-syllable coinage, hard-stop onset, crisp -uk hard ending",2026-07-24T03:30:54.034Z
36,"vodrot.com",2,cons,"2-syllable coinage, hard-stop onset, crisp -ot hard ending",2026-07-24T03:30:54.033Z
37,"vugrot.com",2,cons,"2-syllable coinage, hard-stop onset, crisp -ot hard ending",2026-07-24T03:30:54.034Z
38,"leltat.com",2,cons,"2-syllable coinage, hard-stop onset, crisp -at hard ending",2026-07-24T03:30:54.033Z
39,"maltux.com",2,cons,"2-syllable coinage, hard-stop onset, crisp -ux hard ending",2026-07-24T03:30:54.033Z
40,"minsox.com",2,cons,"2-syllable coinage, hard-stop onset, crisp -ox hard ending",2026-07-24T03:30:54.034Z
41,"motrut.com",2,cons,"2-syllable coinage, hard-stop onset, crisp -ut hard ending",2026-07-24T03:30:54.034Z
42,"nendix.com",2,cons,"2-syllable coinage, hard-stop onset, crisp -ix hard ending",2026-07-24T03:30:54.034Z
43,"nigrax.com",2,cons,"2-syllable coinage, hard-stop onset, crisp -ax hard ending",2026-07-24T03:30:54.033Z
44,"ribris.com",2,cons,"2-syllable coinage, hard-stop onset, crisp -is hard ending",2026-07-24T03:30:54.034Z
45,"rortes.com",2,cons,"2-syllable coinage, hard-stop onset, crisp -es hard ending",2026-07-24T03:30:54.034Z
46,"ruldas.com",2,cons,"2-syllable coinage, hard-stop onset, crisp -as hard ending",2026-07-24T03:30:54.033Z
47,"baphal.com",2,cons,"2-syllable coinage, hard-stop onset, crisp -al hard ending",2026-07-24T03:30:54.033Z
48,"bedrak.com",2,cons,"2-syllable coinage, hard-stop onset, crisp -ak hard ending",2026-07-24T03:30:54.034Z
49,"bidrux.com",2,cons,"2-syllable coinage, hard-stop onset, crisp -ux hard ending",2026-07-24T03:30:54.034Z
50,"blafas.com",2,cons,"2-syllable coinage, hard-stop onset, crisp -as hard ending",2026-07-24T03:30:54.033Z
51,"bolvax.com",2,cons,"2-syllable coinage, hard-stop onset, crisp -ax hard ending",2026-07-24T03:30:54.032Z
52,"dabruk.com",2,cons,"2-syllable coinage, hard-stop onset, crisp -uk hard ending",2026-07-24T03:30:54.033Z
53,"dedruk.com",2,cons,"2-syllable coinage, hard-stop onset, crisp -uk hard ending",2026-07-24T03:30:54.034Z
54,"dibret.com",2,cons,"2-syllable coinage, hard-stop onset, crisp -et hard ending",2026-07-24T03:30:54.034Z
55,"dondek.com",2,cons,"2-syllable coinage, hard-stop onset, crisp -ek hard ending",2026-07-24T03:30:54.034Z
56,"dultas.com",2,cons,"2-syllable coinage, hard-stop onset, crisp -as hard ending",2026-07-24T03:30:54.032Z
57,"garkuk.com",2,cons,"2-syllable coinage, hard-stop onset, crisp -uk hard ending",2026-07-24T03:30:54.035Z
58,"gebrex.com",2,cons,"2-syllable coinage, hard-stop onset, crisp -ex hard ending",2026-07-24T03:30:54.034Z
59,"gistir.com",2,cons,"2-syllable coinage, hard-stop onset, crisp -ir hard ending",2026-07-24T03:30:54.034Z
60,"gobrok.com",2,cons,"2-syllable coinage, hard-stop onset, crisp -ok hard ending",2026-07-24T03:30:54.034Z
61,"gulvux.com",2,cons,"2-syllable coinage, hard-stop onset, crisp -ux hard ending",2026-07-24T03:30:54.033Z
62,"kaltot.com",2,cons,"2-syllable coinage, hard-stop onset, crisp -ot hard ending",2026-07-24T03:30:54.035Z
63,"keltot.com",2,cons,"2-syllable coinage, hard-stop onset, crisp -ot hard ending",2026-07-24T03:30:54.034Z
64,"kinsak.com",2,cons,"2-syllable coinage, hard-stop onset, crisp -ak hard ending",2026-07-24T03:30:54.034Z
65,"paldit.com",2,cons,"2-syllable coinage, hard-stop onset, crisp -it hard ending",2026-07-24T03:30:54.033Z
66,"pendut.com",2,cons,"2-syllable coinage, hard-stop onset, crisp -ut hard ending",2026-07-24T03:30:54.034Z
67,"pilvux.com",2,cons,"2-syllable coinage, hard-stop onset, crisp -ux hard ending",2026-07-24T03:30:54.034Z
68,"poskul.com",2,cons,"2-syllable coinage, hard-stop onset, crisp -ul hard ending",2026-07-24T03:30:54.034Z
69,"pumbes.com",2,cons,"2-syllable coinage, hard-stop onset, crisp -es hard ending",2026-07-24T03:30:54.033Z
70,"tansux.com",2,cons,"2-syllable coinage, hard-stop onset, crisp -ux hard ending",2026-07-24T03:30:54.035Z
71,"tensux.com",2,cons,"2-syllable coinage, hard-stop onset, crisp -ux hard ending",2026-07-24T03:30:54.034Z
72,"tilket.com",2,cons,"2-syllable coinage, hard-stop onset, crisp -et hard ending",2026-07-24T03:30:54.034Z
73,"toltas.com",2,cons,"2-syllable coinage, hard-stop onset, crisp -as hard ending",2026-07-24T03:30:54.034Z
74,"tugrat.com",2,cons,"2-syllable coinage, hard-stop onset, crisp -at hard ending",2026-07-24T03:30:54.033Z
75,"centut.com",2,cons,"2-syllable coinage, hard-stop onset, crisp -ut hard ending",2026-07-24T03:30:54.034Z
76,"civrek.com",2,cons,"2-syllable coinage, hard-stop onset, crisp -ek hard ending",2026-07-24T03:30:54.034Z
77,"cugrek.com",2,cons,"2-syllable coinage, hard-stop onset, crisp -ek hard ending",2026-07-24T03:30:54.034Z
78,"hadrak.com",2,cons,"2-syllable coinage, hard-stop onset, crisp -ak hard ending",2026-07-24T03:30:54.034Z
79,"hebres.com",2,cons,"2-syllable coinage, hard-stop onset, crisp -es hard ending",2026-07-24T03:30:54.033Z
80,"hinsis.com",2,cons,"2-syllable coinage, hard-stop onset, crisp -is hard ending",2026-07-24T03:30:54.034Z
81,"humpox.com",2,cons,"2-syllable coinage, hard-stop onset, crisp -ox hard ending",2026-07-24T03:30:54.034Z
82,"jalvok.com",2,cons,"2-syllable coinage, hard-stop onset, crisp -ok hard ending",2026-07-24T03:30:54.035Z
83,"jedruk.com",2,cons,"2-syllable coinage, hard-stop onset, crisp -uk hard ending",2026-07-24T03:30:54.034Z
84,"jidrix.com",2,cons,"2-syllable coinage, hard-stop onset, crisp -ix hard ending",2026-07-24T03:30:54.033Z
85,"jograk.com",2,cons,"2-syllable coinage, hard-stop onset, crisp -ak hard ending",2026-07-24T03:30:54.033Z
86,"jubrex.com",2,cons,"2-syllable coinage, hard-stop onset, crisp -ex hard ending",2026-07-24T03:30:54.034Z
87,"zaltux.com",2,cons,"2-syllable coinage, hard-stop onset, crisp -ux hard ending",2026-07-24T03:30:54.032Z
88,"zegrak.com",2,cons,"2-syllable coinage, hard-stop onset, crisp -ak hard ending",2026-07-24T03:30:54.034Z
89,"zidras.com",2,cons,"2-syllable coinage, hard-stop onset, crisp -as hard ending",2026-07-24T03:30:54.033Z
90,"zodrek.com",2,cons,"2-syllable coinage, hard-stop onset, crisp -ek hard ending",2026-07-24T03:30:54.033Z
91,"korkul.com",2,cons,"2-syllable coinage, hard-stop onset, crisp -ul hard ending",2026-07-24T03:30:54.033Z
92,"labror.com",2,cons,"2-syllable coinage, hard-stop onset, crisp -or hard ending",2026-07-24T03:30:54.032Z
93,"thrabak.com",2,cons,"2-syllable coinage, punchy cluster onset, crisp -ak hard ending",2026-07-24T03:30:54.033Z
94,"fabinx.com",2,cons,"2-syllable coinage, hard-stop onset, crisp -nx hard ending",2026-07-24T03:30:54.034Z
95,"fobeld.com",2,cons,"2-syllable coinage, hard-stop onset, crisp -ld hard ending",2026-07-24T03:30:54.033Z
96,"brezok.com",2,cons,"2-syllable coinage, punchy cluster onset, crisp -ok hard ending",2026-07-24T03:30:54.034Z
97,"clegex.com",2,cons,"2-syllable coinage, hard-stop onset, crisp -ex hard ending",2026-07-24T03:30:54.033Z
98,"crasuk.com",2,cons,"2-syllable coinage, punchy cluster onset, crisp -uk hard ending",2026-07-24T03:30:54.034Z
99,"dredas.com",2,cons,"2-syllable coinage, punchy cluster onset, crisp -as hard ending",2026-07-24T03:30:54.034Z
100,"fladus.com",2,cons,"2-syllable coinage, gleam gl/fl onset, crisp -us hard ending",2026-07-24T03:30:54.034Z
101,"fretuk.com",2,cons,"2-syllable coinage, hard-stop onset, crisp -uk hard ending",2026-07-24T03:30:54.033Z
102,"glabok.com",2,cons,"2-syllable coinage, gleam gl/fl onset, crisp -ok hard ending",2026-07-24T03:30:54.034Z
103,"grexax.com",2,cons,"2-syllable coinage, punchy cluster onset, crisp -ax hard ending",2026-07-24T03:30:54.033Z
104,"plafik.com",2,cons,"2-syllable coinage, hard-stop onset, crisp -ik hard ending",2026-07-24T03:30:54.032Z
105,"prefot.com",2,cons,"2-syllable coinage, punchy cluster onset, crisp -ot hard ending",2026-07-24T03:30:54.035Z
106,"sledes.com",2,cons,"2-syllable coinage, gleam gl/fl onset, crisp -es hard ending",2026-07-24T03:30:54.035Z
107,"spazol.com",2,cons,"2-syllable coinage, hard-stop onset, crisp -ol hard ending",2026-07-24T03:30:54.035Z
108,"stixir.com",2,cons,"2-syllable coinage, hard-stop onset, crisp -ir hard ending",2026-07-24T03:30:54.034Z
109,"swamet.com",2,cons,"2-syllable coinage, hard-stop onset, crisp -et hard ending",2026-07-24T03:30:54.035Z
110,"trifat.com",2,cons,"2-syllable coinage, punchy cluster onset, crisp -at hard ending",2026-07-24T03:30:54.033Z
111,"vraxok.com",2,cons,"2-syllable coinage, hard-stop onset, crisp -ok hard ending",2026-07-24T03:30:54.033Z
112,"ferkex.com",2,cons,"2-syllable coinage, hard-stop onset, crisp -ex hard ending",2026-07-24T03:30:54.033Z
113,"firkot.com",2,cons,"2-syllable coinage, hard-stop onset, crisp -ot hard ending",2026-07-24T03:30:54.033Z
114,"fuldok.com",2,cons,"2-syllable coinage, hard-stop onset, crisp -ok hard ending",2026-07-24T03:30:54.033Z
115,"liphix.com",2,cons,"2-syllable coinage, hard-stop onset, crisp -ix hard ending",2026-07-24T03:30:54.033Z
116,"loskik.com",2,cons,"2-syllable coinage, hard-stop onset, crisp -ik hard ending",2026-07-24T03:30:54.034Z
117,"luphuk.com",2,cons,"2-syllable coinage, hard-stop onset, crisp -uk hard ending",2026-07-24T03:30:54.033Z
118,"muphel.com",2,cons,"2-syllable coinage, hard-stop onset, crisp -el hard ending",2026-07-24T03:30:54.034Z
119,"nandut.com",2,cons,"2-syllable coinage, hard-stop onset, crisp -ut hard ending",2026-07-24T03:30:54.032Z
120,"noskuk.com",2,cons,"2-syllable coinage, hard-stop onset, crisp -uk hard ending",2026-07-24T03:30:54.034Z
121,"nuldax.com",2,cons,"2-syllable coinage, hard-stop onset, crisp -ax hard ending",2026-07-24T03:30:54.034Z
122,"rabrox.com",2,cons,"2-syllable coinage, hard-stop onset, crisp -ox hard ending",2026-07-24T03:30:54.034Z
123,"rensul.com",2,cons,"2-syllable coinage, hard-stop onset, crisp -ul hard ending",2026-07-24T03:30:54.034Z
124,"skeger.com",2,cons,"2-syllable coinage, hard-stop onset, crisp -er hard ending",2026-07-24T03:30:54.034Z
125,"snedus.com",2,cons,"2-syllable coinage, hard-stop onset, crisp -us hard ending",2026-07-24T03:30:54.034Z
126,"sonkix.com",2,cons,"2-syllable coinage, hard-stop onset, crisp -ix hard ending",2026-07-24T03:30:54.034Z
127,"sulvis.com",2,cons,"2-syllable coinage, hard-stop onset, crisp -is hard ending",2026-07-24T03:30:54.033Z
128,"veltuk.com",2,cons,"2-syllable coinage, hard-stop onset, crisp -uk hard ending",2026-07-24T03:30:54.035Z
129,"vinkik.com",2,cons,"2-syllable coinage, hard-stop onset, crisp -ik hard ending",2026-07-24T03:30:54.035Z
130,"vodrut.com",2,cons,"2-syllable coinage, hard-stop onset, crisp -ut hard ending",2026-07-24T03:30:54.035Z
131,"vulkuk.com",2,cons,"2-syllable coinage, hard-stop onset, crisp -uk hard ending",2026-07-24T03:30:54.033Z
132,"leltox.com",2,cons,"2-syllable coinage, hard-stop onset, crisp -ox hard ending",2026-07-24T03:30:54.033Z
133,"mambol.com",2,cons,"2-syllable coinage, hard-stop onset, crisp -ol hard ending",2026-07-24T03:30:54.034Z
134,"miphel.com",2,cons,"2-syllable coinage, hard-stop onset, crisp -el hard ending",2026-07-24T03:30:54.034Z
135,"movrok.com",2,cons,"2-syllable coinage, hard-stop onset, crisp -ok hard ending",2026-07-24T03:30:54.035Z
136,"nermur.com",2,cons,"2-syllable coinage, hard-stop onset, crisp -ur hard ending",2026-07-24T03:30:54.035Z
137,"nigrix.com",2,cons,"2-syllable coinage, hard-stop onset, crisp -ix hard ending",2026-07-24T03:30:54.033Z
138,"rigres.com",2,cons,"2-syllable coinage, hard-stop onset, crisp -es hard ending",2026-07-24T03:30:54.034Z
139,"rortet.com",2,cons,"2-syllable coinage, hard-stop onset, crisp -et hard ending",2026-07-24T03:30:54.034Z
140,"rulduk.com",2,cons,"2-syllable coinage, hard-stop onset, crisp -uk hard ending",2026-07-24T03:30:54.033Z
141,"baphel.com",2,cons,"2-syllable coinage, hard-stop onset, crisp -el hard ending",2026-07-24T03:30:54.033Z
142,"bilkel.com",2,cons,"2-syllable coinage, hard-stop onset, crisp -el hard ending",2026-07-24T03:30:54.032Z
143,"blafex.com",2,cons,"2-syllable coinage, hard-stop onset, crisp -ex hard ending",2026-07-24T03:30:54.035Z
144,"dagrex.com",2,cons,"2-syllable coinage, hard-stop onset, crisp -ex hard ending",2026-07-24T03:30:54.032Z
145,"deldux.com",2,cons,"2-syllable coinage, hard-stop onset, crisp -ux hard ending",2026-07-24T03:30:54.035Z
146,"dibrut.com",2,cons,"2-syllable coinage, hard-stop onset, crisp -ut hard ending",2026-07-24T03:30:54.034Z
147,"donkak.com",2,cons,"2-syllable coinage, hard-stop onset, crisp -ak hard ending",2026-07-24T03:30:54.034Z
148,"dultat.com",2,cons,"2-syllable coinage, hard-stop onset, crisp -at hard ending",2026-07-24T03:30:54.034Z
149,"gebrux.com",2,cons,"2-syllable coinage, hard-stop onset, crisp -ux hard ending",2026-07-24T03:30:54.035Z
150,"gibren.com",2,cons,"2-syllable coinage, hard-stop onset, crisp -en hard ending",2026-07-24T03:30:54.033Z
151,"gobril.com",2,cons,"2-syllable coinage, hard-stop onset, crisp -il hard ending",2026-07-24T03:30:54.033Z
152,"gursik.com",2,cons,"2-syllable coinage, hard-stop onset, crisp -ik hard ending",2026-07-24T03:30:54.034Z
153,"kaltut.com",2,cons,"2-syllable coinage, hard-stop onset, crisp -ut hard ending",2026-07-24T03:30:54.033Z
154,"kermuk.com",2,cons,"2-syllable coinage, hard-stop onset, crisp -uk hard ending",2026-07-24T03:30:54.033Z
155,"kirsat.com",2,cons,"2-syllable coinage, hard-stop onset, crisp -at hard ending",2026-07-24T03:30:54.034Z
156,"paldix.com",2,cons,"2-syllable coinage, hard-stop onset, crisp -ix hard ending",2026-07-24T03:30:54.035Z
157,"penkik.com",2,cons,"2-syllable coinage, hard-stop onset, crisp -ik hard ending",2026-07-24T03:30:54.033Z
158,"pirkat.com",2,cons,"2-syllable coinage, hard-stop onset, crisp -at hard ending",2026-07-24T03:30:54.034Z
159,"pordir.com",2,cons,"2-syllable coinage, hard-stop onset, crisp -ir hard ending",2026-07-24T03:30:54.033Z
160,"pumbik.com",2,cons,"2-syllable coinage, hard-stop onset, crisp -ik hard ending",2026-07-24T03:30:54.033Z
161,"taldil.com",2,cons,"2-syllable coinage, hard-stop onset, crisp -il hard ending",2026-07-24T03:30:54.034Z
162,"tentuk.com",2,cons,"2-syllable coinage, hard-stop onset, crisp -uk hard ending",2026-07-24T03:30:54.035Z
163,"tilkox.com",2,cons,"2-syllable coinage, hard-stop onset, crisp -ox hard ending",2026-07-24T03:30:54.034Z
164,"toltat.com",2,cons,"2-syllable coinage, hard-stop onset, crisp -at hard ending",2026-07-24T03:30:54.033Z
165,"tugres.com",2,cons,"2-syllable coinage, hard-stop onset, crisp -es hard ending",2026-07-24T03:30:54.034Z
166,"certut.com",2,cons,"2-syllable coinage, hard-stop onset, crisp -ut hard ending",2026-07-24T03:30:54.034Z
167,"cidrun.com",2,cons,"2-syllable coinage, hard-stop onset, crisp -un hard ending",2026-07-24T03:30:54.034Z
168,"cugris.com",2,cons,"2-syllable coinage, hard-stop onset, crisp -is hard ending",2026-07-24T03:30:54.034Z
169,"haphal.com",2,cons,"2-syllable coinage, hard-stop onset, crisp -al hard ending",2026-07-24T03:30:54.034Z
170,"hebrik.com",2,cons,"2-syllable coinage, hard-stop onset, crisp -ik hard ending",2026-07-24T03:30:54.033Z
171,"hinsuk.com",2,cons,"2-syllable coinage, hard-stop onset, crisp -uk hard ending",2026-07-24T03:30:54.034Z
172,"jardux.com",2,cons,"2-syllable coinage, hard-stop onset, crisp -ux hard ending",2026-07-24T03:30:54.033Z
173,"jeldux.com",2,cons,"2-syllable coinage, hard-stop onset, crisp -ux hard ending",2026-07-24T03:30:54.033Z
174,"jimpek.com",2,cons,"2-syllable coinage, hard-stop onset, crisp -ek hard ending",2026-07-24T03:30:54.033Z
175,"jogrok.com",2,cons,"2-syllable coinage, hard-stop onset, crisp -ok hard ending",2026-07-24T03:30:54.033Z
176,"jubrit.com",2,cons,"2-syllable coinage, hard-stop onset, crisp -it hard ending",2026-07-24T03:30:54.032Z
177,"zegrik.com",2,cons,"2-syllable coinage, hard-stop onset, crisp -ik hard ending",2026-07-24T03:30:54.034Z
178,"zidruk.com",2,cons,"2-syllable coinage, hard-stop onset, crisp -uk hard ending",2026-07-24T03:30:54.033Z
179,"zodris.com",2,cons,"2-syllable coinage, hard-stop onset, crisp -is hard ending",2026-07-24T03:30:54.033Z
180,"kormuk.com",2,cons,"2-syllable coinage, hard-stop onset, crisp -uk hard ending",2026-07-24T03:30:54.033Z
181,"labrur.com",2,cons,"2-syllable coinage, hard-stop onset, crisp -ur hard ending",2026-07-24T03:30:54.032Z
182,"thrabes.com",2,cons,"2-syllable coinage, punchy cluster onset, crisp -es hard ending",2026-07-24T03:30:54.033Z
183,"fadonx.com",2,cons,"2-syllable coinage, hard-stop onset, crisp -nx hard ending",2026-07-24T03:30:54.033Z
184,"fobent.com",2,cons,"2-syllable coinage, hard-stop onset, crisp -nt hard ending",2026-07-24T03:30:54.035Z
185,"brisut.com",2,cons,"2-syllable coinage, punchy cluster onset, crisp -ut hard ending",2026-07-24T03:30:54.034Z
186,"clegot.com",2,cons,"2-syllable coinage, hard-stop onset, crisp -ot hard ending",2026-07-24T03:30:54.032Z
187,"crikuk.com",2,cons,"2-syllable coinage, punchy cluster onset, crisp -uk hard ending",2026-07-24T03:30:54.033Z
188,"dredux.com",2,cons,"2-syllable coinage, punchy cluster onset, crisp -ux hard ending",2026-07-24T03:30:54.034Z
189,"fleges.com",2,cons,"2-syllable coinage, gleam gl/fl onset, crisp -es hard ending",2026-07-24T03:30:54.035Z
190,"frivuk.com",2,cons,"2-syllable coinage, hard-stop onset, crisp -uk hard ending",2026-07-24T03:30:54.033Z
191,"glesok.com",2,cons,"2-syllable coinage, gleam gl/fl onset, crisp -ok hard ending",2026-07-24T03:30:54.033Z
192,"grexix.com",2,cons,"2-syllable coinage, punchy cluster onset, crisp -ix hard ending",2026-07-24T03:30:54.033Z
193,"plafus.com",2,cons,"2-syllable coinage, hard-stop onset, crisp -us hard ending",2026-07-24T03:30:54.032Z
194,"pritux.com",2,cons,"2-syllable coinage, punchy cluster onset, crisp -ux hard ending",2026-07-24T03:30:54.034Z
195,"sledus.com",2,cons,"2-syllable coinage, gleam gl/fl onset, crisp -us hard ending",2026-07-24T03:30:54.034Z
196,"spazul.com",2,cons,"2-syllable coinage, hard-stop onset, crisp -ul hard ending",2026-07-24T03:30:54.032Z
197,"stodul.com",2,cons,"2-syllable coinage, hard-stop onset, crisp -ul hard ending",2026-07-24T03:30:54.034Z
198,"swamus.com",2,cons,"2-syllable coinage, hard-stop onset, crisp -us hard ending",2026-07-24T03:30:54.034Z
199,"trogas.com",2,cons,"2-syllable coinage, punchy cluster onset, crisp -as hard ending",2026-07-24T03:30:54.033Z
200,"vraxuk.com",2,cons,"2-syllable coinage, hard-stop onset, crisp -uk hard ending",2026-07-24T03:30:54.033Z
201,"ferkis.com",2,cons,"2-syllable coinage, hard-stop onset, crisp -is hard ending",2026-07-24T03:30:54.033Z
202,"firkux.com",2,cons,"2-syllable coinage, hard-stop onset, crisp -ux hard ending",2026-07-24T03:30:54.033Z
203,"fuphel.com",2,cons,"2-syllable coinage, hard-stop onset, crisp -el hard ending",2026-07-24T03:30:54.033Z
204,"lidrux.com",2,cons,"2-syllable coinage, hard-stop onset, crisp -ux hard ending",2026-07-24T03:30:54.033Z
205,"luskek.com",2,cons,"2-syllable coinage, hard-stop onset, crisp -ek hard ending",2026-07-24T03:30:54.033Z
206,"muphen.com",2,cons,"2-syllable coinage, hard-stop onset, crisp -en hard ending",2026-07-24T03:30:54.033Z
207,"nansit.com",2,cons,"2-syllable coinage, hard-stop onset, crisp -it hard ending",2026-07-24T03:30:54.034Z
208,"noskil.com",2,cons,"2-syllable coinage, hard-stop onset, crisp -il hard ending",2026-07-24T03:30:54.033Z
209,"nuldes.com",2,cons,"2-syllable coinage, hard-stop onset, crisp -es hard ending",2026-07-24T03:30:54.032Z
210,"rardak.com",2,cons,"2-syllable coinage, hard-stop onset, crisp -ak hard ending",2026-07-24T03:30:54.032Z
211,"rerman.com",2,cons,"2-syllable coinage, hard-stop onset, crisp -an hard ending",2026-07-24T03:30:54.032Z
212,"skegur.com",2,cons,"2-syllable coinage, hard-stop onset, crisp -ur hard ending",2026-07-24T03:30:54.034Z
213,"snexak.com",2,cons,"2-syllable coinage, hard-stop onset, crisp -ak hard ending",2026-07-24T03:30:54.034Z
214,"sorses.com",2,cons,"2-syllable coinage, hard-stop onset, crisp -es hard ending",2026-07-24T03:30:54.035Z
215,"sulvos.com",2,cons,"2-syllable coinage, hard-stop onset, crisp -os hard ending",2026-07-24T03:30:54.033Z
216,"velmek.com",2,cons,"2-syllable coinage, hard-stop onset, crisp -ek hard ending",2026-07-24T03:30:54.034Z
217,"vildil.com",2,cons,"2-syllable coinage, hard-stop onset, crisp -il hard ending",2026-07-24T03:30:54.034Z
218,"vorkox.com",2,cons,"2-syllable coinage, hard-stop onset, crisp -ox hard ending",2026-07-24T03:30:54.034Z
219,"vulkut.com",2,cons,"2-syllable coinage, hard-stop onset, crisp -ut hard ending",2026-07-24T03:30:54.034Z
220,"lelkal.com",2,cons,"2-syllable coinage, hard-stop onset, crisp -al hard ending",2026-07-24T03:30:54.033Z
221,"miphen.com",2,cons,"2-syllable coinage, hard-stop onset, crisp -en hard ending",2026-07-24T03:30:54.033Z
222,"movrot.com",2,cons,"2-syllable coinage, hard-stop onset, crisp -ot hard ending",2026-07-24T03:30:54.033Z
223,"nigrer.com",2,cons,"2-syllable coinage, hard-stop onset, crisp -er hard ending",2026-07-24T03:30:54.034Z
224,"rigrik.com",2,cons,"2-syllable coinage, hard-stop onset, crisp -ik hard ending",2026-07-24T03:30:54.034Z
225,"rortus.com",2,cons,"2-syllable coinage, hard-stop onset, crisp -us hard ending",2026-07-24T03:30:54.034Z
226,"rubrer.com",2,cons,"2-syllable coinage, hard-stop onset, crisp -er hard ending",2026-07-24T03:30:54.033Z
227,"bapher.com",2,cons,"2-syllable coinage, hard-stop onset, crisp -er hard ending",2026-07-24T03:30:54.034Z
228,"bilval.com",2,cons,"2-syllable coinage, hard-stop onset, crisp -al hard ending",2026-07-24T03:30:54.033Z
229,"blatet.com",2,cons,"2-syllable coinage, hard-stop onset, crisp -et hard ending",2026-07-24T03:30:54.032Z
230,"dagrux.com",2,cons,"2-syllable coinage, hard-stop onset, crisp -ux hard ending",2026-07-24T03:30:54.032Z
231,"delvuk.com",2,cons,"2-syllable coinage, hard-stop onset, crisp -uk hard ending",2026-07-24T03:30:54.033Z
232,"dindox.com",2,cons,"2-syllable coinage, hard-stop onset, crisp -ox hard ending",2026-07-24T03:30:54.034Z
233,"donkok.com",2,cons,"2-syllable coinage, hard-stop onset, crisp -ok hard ending",2026-07-24T03:30:54.034Z
234,"dultuk.com",2,cons,"2-syllable coinage, hard-stop onset, crisp -uk hard ending",2026-07-24T03:30:54.033Z
235,"gerkax.com",2,cons,"2-syllable coinage, hard-stop onset, crisp -ax hard ending",2026-07-24T03:30:54.034Z
236,"girnak.com",2,cons,"2-syllable coinage, hard-stop onset, crisp -ak hard ending",2026-07-24T03:30:54.032Z
237,"goltir.com",2,cons,"2-syllable coinage, hard-stop onset, crisp -ir hard ending",2026-07-24T03:30:54.032Z
238,"gutrar.com",2,cons,"2-syllable coinage, hard-stop onset, crisp -ar hard ending",2026-07-24T03:30:54.034Z
239,"karkik.com",2,cons,"2-syllable coinage, hard-stop onset, crisp -ik hard ending",2026-07-24T03:30:54.032Z
240,"kertul.com",2,cons,"2-syllable coinage, hard-stop onset, crisp -ul hard ending",2026-07-24T03:30:54.035Z
241,"kivrik.com",2,cons,"2-syllable coinage, hard-stop onset, crisp -ik hard ending",2026-07-24T03:30:54.033Z
242,"paldut.com",2,cons,"2-syllable coinage, hard-stop onset, crisp -ut hard ending",2026-07-24T03:30:54.033Z
243,"pestur.com",2,cons,"2-syllable coinage, hard-stop onset, crisp -ur hard ending",2026-07-24T03:30:54.034Z
244,"pirkuk.com",2,cons,"2-syllable coinage, hard-stop onset, crisp -uk hard ending",2026-07-24T03:30:54.033Z
245,"pordul.com",2,cons,"2-syllable coinage, hard-stop onset, crisp -ul hard ending",2026-07-24T03:30:54.034Z
246,"pumbus.com",2,cons,"2-syllable coinage, hard-stop onset, crisp -us hard ending",2026-07-24T03:30:54.033Z
247,"taldul.com",2,cons,"2-syllable coinage, hard-stop onset, crisp -ul hard ending",2026-07-24T03:30:54.034Z
248,"teskul.com",2,cons,"2-syllable coinage, hard-stop onset, crisp -ul hard ending",2026-07-24T03:30:54.035Z
249,"tirnis.com",2,cons,"2-syllable coinage, hard-stop onset, crisp -is hard ending",2026-07-24T03:30:54.034Z
250,"tonsas.com",2,cons,"2-syllable coinage, hard-stop onset, crisp -as hard ending",2026-07-24T03:30:54.035Z
251,"tugret.com",2,cons,"2-syllable coinage, hard-stop onset, crisp -et hard ending",2026-07-24T03:30:54.033Z
252,"cilvir.com",2,cons,"2-syllable coinage, hard-stop onset, crisp -ir hard ending",2026-07-24T03:30:54.034Z
253,"cugrut.com",2,cons,"2-syllable coinage, hard-stop onset, crisp -ut hard ending",2026-07-24T03:30:54.033Z
254,"haphen.com",2,cons,"2-syllable coinage, hard-stop onset, crisp -en hard ending",2026-07-24T03:30:54.035Z
255,"hebrot.com",2,cons,"2-syllable coinage, hard-stop onset, crisp -ot hard ending",2026-07-24T03:30:54.032Z
256,"hintux.com",2,cons,"2-syllable coinage, hard-stop onset, crisp -ux hard ending",2026-07-24T03:30:54.034Z
257,"jarses.com",2,cons,"2-syllable coinage, hard-stop onset, crisp -es hard ending",2026-07-24T03:30:54.034Z
258,"jimpit.com",2,cons,"2-syllable coinage, hard-stop onset, crisp -it hard ending",2026-07-24T03:30:54.033Z
259,"jogrot.com",2,cons,"2-syllable coinage, hard-stop onset, crisp -ot hard ending",2026-07-24T03:30:54.034Z
260,"jubrux.com",2,cons,"2-syllable coinage, hard-stop onset, crisp -ux hard ending",2026-07-24T03:30:54.034Z
261,"zegrok.com",2,cons,"2-syllable coinage, hard-stop onset, crisp -ok hard ending",2026-07-24T03:30:54.034Z
262,"zimpox.com",2,cons,"2-syllable coinage, hard-stop onset, crisp -ox hard ending",2026-07-24T03:30:54.033Z
263,"zolkas.com",2,cons,"2-syllable coinage, hard-stop onset, crisp -as hard ending",2026-07-24T03:30:54.033Z
264,"thrabet.com",2,cons,"2-syllable coinage, punchy cluster onset, crisp -et hard ending",2026-07-24T03:30:54.035Z
265,"fafonx.com",2,cons,"2-syllable coinage, hard-stop onset, crisp -nx hard ending",2026-07-24T03:30:54.034Z
266,"fogurk.com",2,cons,"2-syllable coinage, hard-stop onset, crisp -rk hard ending",2026-07-24T03:30:54.034Z
267,"brizax.com",2,cons,"2-syllable coinage, punchy cluster onset, crisp -ax hard ending",2026-07-24T03:30:54.034Z
268,"clegox.com",2,cons,"2-syllable coinage, hard-stop onset, crisp -ox hard ending",2026-07-24T03:30:54.035Z
269,"croges.com",2,cons,"2-syllable coinage, punchy cluster onset, crisp -es hard ending",2026-07-24T03:30:54.032Z
270,"drevek.com",2,cons,"2-syllable coinage, punchy cluster onset, crisp -ek hard ending",2026-07-24T03:30:54.032Z
271,"flegox.com",2,cons,"2-syllable coinage, gleam gl/fl onset, crisp -ox hard ending",2026-07-24T03:30:54.033Z
272,"frixet.com",2,cons,"2-syllable coinage, hard-stop onset, crisp -et hard ending",2026-07-24T03:30:54.034Z
273,"glesuk.com",2,cons,"2-syllable coinage, gleam gl/fl onset, crisp -uk hard ending",2026-07-24T03:30:54.032Z
274,"grexot.com",2,cons,"2-syllable coinage, punchy cluster onset, crisp -ot hard ending",2026-07-24T03:30:54.033Z
275,"plefox.com",2,cons,"2-syllable coinage, hard-stop onset, crisp -ox hard ending",2026-07-24T03:30:54.033Z
276,"prokux.com",2,cons,"2-syllable coinage, punchy cluster onset, crisp -ux hard ending",2026-07-24T03:30:54.033Z
277,"slevat.com",2,cons,"2-syllable coinage, gleam gl/fl onset, crisp -at hard ending",2026-07-24T03:30:54.033Z
278,"spazun.com",2,cons,"2-syllable coinage, hard-stop onset, crisp -un hard ending",2026-07-24T03:30:54.033Z
279,"stuluk.com",2,cons,"2-syllable coinage, hard-stop onset, crisp -uk hard ending",2026-07-24T03:30:54.034Z
280,"swamut.com",2,cons,"2-syllable coinage, hard-stop onset, crisp -ut hard ending",2026-07-24T03:30:54.035Z
281,"trogat.com",2,cons,"2-syllable coinage, punchy cluster onset, crisp -at hard ending",2026-07-24T03:30:54.034Z
282,"vrudax.com",2,cons,"2-syllable coinage, hard-stop onset, crisp -ax hard ending",2026-07-24T03:30:54.034Z
283,"ferkux.com",2,cons,"2-syllable coinage, hard-stop onset, crisp -ux hard ending",2026-07-24T03:30:54.033Z
284,"fifark.com",2,cons,"2-syllable coinage, hard-stop onset, crisp -rk hard ending",2026-07-24T03:30:54.035Z
285,"furdax.com",2,cons,"2-syllable coinage, hard-stop onset, crisp -ax hard ending",2026-07-24T03:30:54.035Z
286,"ligrax.com",2,cons,"2-syllable coinage, hard-stop onset, crisp -ax hard ending",2026-07-24T03:30:54.034Z
287,"luskok.com",2,cons,"2-syllable coinage, hard-stop onset, crisp -ok hard ending",2026-07-24T03:30:54.033Z
288,"murkek.com",2,cons,"2-syllable coinage, hard-stop onset, crisp -ek hard ending",2026-07-24T03:30:54.032Z
289,"nartux.com",2,cons,"2-syllable coinage, hard-stop onset, crisp -ux hard ending",2026-07-24T03:30:54.032Z
290,"noskul.com",2,cons,"2-syllable coinage, hard-stop onset, crisp -ul hard ending",2026-07-24T03:30:54.033Z
291,"nuldix.com",2,cons,"2-syllable coinage, hard-stop onset, crisp -ix hard ending",2026-07-24T03:30:54.034Z
292,"rardes.com",2,cons,"2-syllable coinage, hard-stop onset, crisp -es hard ending",2026-07-24T03:30:54.032Z
293,"rermen.com",2,cons,"2-syllable coinage, hard-stop onset, crisp -en hard ending",2026-07-24T03:30:54.032Z
294,"skekal.com",2,cons,"2-syllable coinage, hard-stop onset, crisp -al hard ending",2026-07-24T03:30:54.033Z
295,"snexes.com",2,cons,"2-syllable coinage, hard-stop onset, crisp -es hard ending",2026-07-24T03:30:54.034Z
296,"sotrok.com",2,cons,"2-syllable coinage, hard-stop onset, crisp -ok hard ending",2026-07-24T03:30:54.034Z
297,"sulvot.com",2,cons,"2-syllable coinage, hard-stop onset, crisp -ot hard ending",2026-07-24T03:30:54.034Z
298,"verkir.com",2,cons,"2-syllable coinage, hard-stop onset, crisp -ir hard ending",2026-07-24T03:30:54.035Z
299,"vildul.com",2,cons,"2-syllable coinage, hard-stop onset, crisp -ul hard ending",2026-07-24T03:30:54.034Z
300,"vumbak.com",2,cons,"2-syllable coinage, hard-stop onset, crisp -ak hard ending",2026-07-24T03:30:54.033Z
301,"miphil.com",2,cons,"2-syllable coinage, hard-stop onset, crisp -il hard ending",2026-07-24T03:30:54.034Z
302,"motrar.com",2,cons,"2-syllable coinage, hard-stop onset, crisp -ar hard ending",2026-07-24T03:30:54.035Z
303,"nigrur.com",2,cons,"2-syllable coinage, hard-stop onset, crisp -ur hard ending",2026-07-24T03:30:54.034Z
304,"rilkax.com",2,cons,"2-syllable coinage, hard-stop onset, crisp -ax hard ending",2026-07-24T03:30:54.034Z
305,"rortut.com",2,cons,"2-syllable coinage, hard-stop onset, crisp -ut hard ending",2026-07-24T03:30:54.034Z
306,"rubror.com",2,cons,"2-syllable coinage, hard-stop onset, crisp -or hard ending",2026-07-24T03:30:54.033Z
307,"baphil.com",2,cons,"2-syllable coinage, hard-stop onset, crisp -il hard ending",2026-07-24T03:30:54.033Z
308,"bilvin.com",2,cons,"2-syllable coinage, hard-stop onset, crisp -in hard ending",2026-07-24T03:30:54.034Z
309,"blatot.com",2,cons,"2-syllable coinage, hard-stop onset, crisp -ot hard ending",2026-07-24T03:30:54.035Z
310,"dankox.com",2,cons,"2-syllable coinage, hard-stop onset, crisp -ox hard ending",2026-07-24T03:30:54.032Z
311,"dephal.com",2,cons,"2-syllable coinage, hard-stop onset, crisp -al hard ending",2026-07-24T03:30:54.032Z
312,"dinkux.com",2,cons,"2-syllable coinage, hard-stop onset, crisp -ux hard ending",2026-07-24T03:30:54.034Z
313,"dorsux.com",2,cons,"2-syllable coinage, hard-stop onset, crisp -ux hard ending",2026-07-24T03:30:54.033Z
314,"dultar.com",2,cons,"2-syllable coinage, hard-stop onset, crisp -ar hard ending",2026-07-24T03:30:54.033Z
315,"gerkix.com",2,cons,"2-syllable coinage, hard-stop onset, crisp -ix hard ending",2026-07-24T03:30:54.034Z
316,"girnok.com",2,cons,"2-syllable coinage, hard-stop onset, crisp -ok hard ending",2026-07-24T03:30:54.032Z
317,"kertun.com",2,cons,"2-syllable coinage, hard-stop onset, crisp -un hard ending",2026-07-24T03:30:54.034Z
318,"kimpil.com",2,cons,"2-syllable coinage, hard-stop onset, crisp -il hard ending",2026-07-24T03:30:54.034Z
319,"pedrar.com",2,cons,"2-syllable coinage, hard-stop onset, crisp -ar hard ending",2026-07-24T03:30:54.032Z
320,"pilvir.com",2,cons,"2-syllable coinage, hard-stop onset, crisp -ir hard ending",2026-07-24T03:30:54.033Z
321,"purtix.com",2,cons,"2-syllable coinage, hard-stop onset, crisp -ix hard ending",2026-07-24T03:30:54.033Z
322,"talkil.com",2,cons,"2-syllable coinage, hard-stop onset, crisp -il hard ending",2026-07-24T03:30:54.034Z
323,"teskun.com",2,cons,"2-syllable coinage, hard-stop onset, crisp -un hard ending",2026-07-24T03:30:54.034Z
324,"tirnot.com",2,cons,"2-syllable coinage, hard-stop onset, crisp -ot hard ending",2026-07-24T03:30:54.033Z
325,"tonsuk.com",2,cons,"2-syllable coinage, hard-stop onset, crisp -uk hard ending",2026-07-24T03:30:54.034Z
326,"tugrox.com",2,cons,"2-syllable coinage, hard-stop onset, crisp -ox hard ending",2026-07-24T03:30:54.033Z
327,"cundax.com",2,cons,"2-syllable coinage, hard-stop onset, crisp -ax hard ending",2026-07-24T03:30:54.034Z
328,"haphil.com",2,cons,"2-syllable coinage, hard-stop onset, crisp -il hard ending",2026-07-24T03:30:54.033Z
329,"hirsox.com",2,cons,"2-syllable coinage, hard-stop onset, crisp -ox hard ending",2026-07-24T03:30:54.033Z
330,"jarsik.com",2,cons,"2-syllable coinage, hard-stop onset, crisp -ik hard ending",2026-07-24T03:30:54.034Z
331,"jinkak.com",2,cons,"2-syllable coinage, hard-stop onset, crisp -ak hard ending",2026-07-24T03:30:54.033Z
332,"jogrus.com",2,cons,"2-syllable coinage, hard-stop onset, crisp -us hard ending",2026-07-24T03:30:54.033Z
333,"juldas.com",2,cons,"2-syllable coinage, hard-stop onset, crisp -as hard ending",2026-07-24T03:30:54.034Z
334,"zelkes.com",2,cons,"2-syllable coinage, hard-stop onset, crisp -es hard ending",2026-07-24T03:30:54.033Z
335,"zimpux.com",2,cons,"2-syllable coinage, hard-stop onset, crisp -ux hard ending",2026-07-24T03:30:54.035Z
336,"zolkex.com",2,cons,"2-syllable coinage, hard-stop onset, crisp -ex hard ending",2026-07-24T03:30:54.033Z
337,"thrabit.com",2,cons,"2-syllable coinage, punchy cluster onset, crisp -it hard ending",2026-07-24T03:30:54.035Z
338,"fakird.com",2,cons,"2-syllable coinage, hard-stop onset, crisp -rd hard ending",2026-07-24T03:30:54.032Z
339,"fomist.com",2,cons,"2-syllable coinage, hard-stop onset, crisp -st hard ending",2026-07-24T03:30:54.034Z
340,"brizix.com",2,cons,"2-syllable coinage, punchy cluster onset, crisp -ix hard ending",2026-07-24T03:30:54.034Z
341,"clegux.com",2,cons,"2-syllable coinage, hard-stop onset, crisp -ux hard ending",2026-07-24T03:30:54.032Z
342,"crogik.com",2,cons,"2-syllable coinage, punchy cluster onset, crisp -ik hard ending",2026-07-24T03:30:54.032Z
343,"driduk.com",2,cons,"2-syllable coinage, punchy cluster onset, crisp -uk hard ending",2026-07-24T03:30:54.032Z
344,"flogak.com",2,cons,"2-syllable coinage, gleam gl/fl onset, crisp -ak hard ending",2026-07-24T03:30:54.034Z
345,"frixut.com",2,cons,"2-syllable coinage, hard-stop onset, crisp -ut hard ending",2026-07-24T03:30:54.034Z
346,"glevuk.com",2,cons,"2-syllable coinage, gleam gl/fl onset, crisp -uk hard ending",2026-07-24T03:30:54.033Z
347,"gribek.com",2,cons,"2-syllable coinage, punchy cluster onset, crisp -ek hard ending",2026-07-24T03:30:54.034Z
348,"plafel.com",2,cons,"2-syllable coinage, hard-stop onset, crisp -el hard ending",2026-07-24T03:30:54.034Z
349,"prubes.com",2,cons,"2-syllable coinage, punchy cluster onset, crisp -es hard ending",2026-07-24T03:30:54.035Z
350,"slobax.com",2,cons,"2-syllable coinage, gleam gl/fl onset, crisp -ax hard ending",2026-07-24T03:30:54.034Z
351,"spebir.com",2,cons,"2-syllable coinage, hard-stop onset, crisp -ir hard ending",2026-07-24T03:30:54.033Z
352,"stusor.com",2,cons,"2-syllable coinage, hard-stop onset, crisp -or hard ending",2026-07-24T03:30:54.032Z
353,"swegun.com",2,cons,"2-syllable coinage, hard-stop onset, crisp -un hard ending",2026-07-24T03:30:54.034Z
354,"trufek.com",2,cons,"2-syllable coinage, punchy cluster onset, crisp -ek hard ending",2026-07-24T03:30:54.034Z
355,"vrudix.com",2,cons,"2-syllable coinage, hard-stop onset, crisp -ix hard ending",2026-07-24T03:30:54.034Z
356,"feldul.com",2,cons,"2-syllable coinage, hard-stop onset, crisp -ul hard ending",2026-07-24T03:30:54.033Z
357,"firkip.com",2,cons,"2-syllable coinage, hard-stop onset, crisp -ip hard ending",2026-07-24T03:30:54.033Z
358,"furdet.com",2,cons,"2-syllable coinage, hard-stop onset, crisp -et hard ending",2026-07-24T03:30:54.033Z
359,"ligrix.com",2,cons,"2-syllable coinage, hard-stop onset, crisp -ix hard ending",2026-07-24T03:30:54.034Z
360,"lulkis.com",2,cons,"2-syllable coinage, hard-stop onset, crisp -is hard ending",2026-07-24T03:30:54.035Z
361,"nartar.com",2,cons,"2-syllable coinage, hard-stop onset, crisp -ar hard ending",2026-07-24T03:30:54.034Z
362,"nobrul.com",2,cons,"2-syllable coinage, hard-stop onset, crisp -ul hard ending",2026-07-24T03:30:54.034Z
363,"nuldot.com",2,cons,"2-syllable coinage, hard-stop onset, crisp -ot hard ending",2026-07-24T03:30:54.034Z
364,"rardik.com",2,cons,"2-syllable coinage, hard-stop onset, crisp -ik hard ending",2026-07-24T03:30:54.032Z
365,"rermol.com",2,cons,"2-syllable coinage, hard-stop onset, crisp -ol hard ending",2026-07-24T03:30:54.034Z
366,"skekul.com",2,cons,"2-syllable coinage, hard-stop onset, crisp -ul hard ending",2026-07-24T03:30:54.033Z
367,"snexok.com",2,cons,"2-syllable coinage, hard-stop onset, crisp -ok hard ending",2026-07-24T03:30:54.034Z
368,"sovret.com",2,cons,"2-syllable coinage, hard-stop onset, crisp -et hard ending",2026-07-24T03:30:54.033Z
369,"sulvux.com",2,cons,"2-syllable coinage, hard-stop onset, crisp -ux hard ending",2026-07-24T03:30:54.034Z
370,"vildun.com",2,cons,"2-syllable coinage, hard-stop onset, crisp -un hard ending",2026-07-24T03:30:54.033Z
371,"vunuk.com",2,cons,"2-syllable coinage, hard-stop onset, crisp -uk hard ending",2026-07-24T03:30:54.033Z
372,"miphin.com",2,cons,"2-syllable coinage, hard-stop onset, crisp -in hard ending",2026-07-24T03:30:54.033Z
373,"movrer.com",2,cons,"2-syllable coinage, hard-stop onset, crisp -er hard ending",2026-07-24T03:30:54.034Z
374,"nivrar.com",2,cons,"2-syllable coinage, hard-stop onset, crisp -ar hard ending",2026-07-24T03:30:54.033Z
375,"rilket.com",2,cons,"2-syllable coinage, hard-stop onset, crisp -et hard ending",2026-07-24T03:30:54.032Z
376,"rornex.com",2,cons,"2-syllable coinage, hard-stop onset, crisp -ex hard ending",2026-07-24T03:30:54.034Z
377,"rubrur.com",2,cons,"2-syllable coinage, hard-stop onset, crisp -ur hard ending",2026-07-24T03:30:54.033Z
378,"baphor.com",2,cons,"2-syllable coinage, hard-stop onset, crisp -or hard ending",2026-07-24T03:30:54.034Z
379,"blatut.com",2,cons,"2-syllable coinage, hard-stop onset, crisp -ut hard ending",2026-07-24T03:30:54.032Z
380,"dankux.com",2,cons,"2-syllable coinage, hard-stop onset, crisp -ux hard ending",2026-07-24T03:30:54.034Z
381,"dephel.com",2,cons,"2-syllable coinage, hard-stop onset, crisp -el hard ending",2026-07-24T03:30:54.032Z
382,"dirdis.com",2,cons,"2-syllable coinage, hard-stop onset, crisp -is hard ending",2026-07-24T03:30:54.034Z
383,"dordil.com",2,cons,"2-syllable coinage, hard-stop onset, crisp -il hard ending",2026-07-24T03:30:54.034Z
384,"durtin.com",2,cons,"2-syllable coinage, hard-stop onset, crisp -in hard ending",2026-07-24T03:30:54.034Z
385,"genkul.com",2,cons,"2-syllable coinage, hard-stop onset, crisp -ul hard ending",2026-07-24T03:30:54.034Z
386,"kitrar.com",2,cons,"2-syllable coinage, hard-stop onset, crisp -ar hard ending",2026-07-24T03:30:54.034Z
387,"penkil.com",2,cons,"2-syllable coinage, hard-stop onset, crisp -il hard ending",2026-07-24T03:30:54.033Z
388,"pumbil.com",2,cons,"2-syllable coinage, hard-stop onset, crisp -il hard ending",2026-07-24T03:30:54.034Z
389,"tedril.com",2,cons,"2-syllable coinage, hard-stop onset, crisp -il hard ending",2026-07-24T03:30:54.035Z
390,"tirnux.com",2,cons,"2-syllable coinage, hard-stop onset, crisp -ux hard ending",2026-07-24T03:30:54.033Z
391,"tolkol.com",2,cons,"2-syllable coinage, hard-stop onset, crisp -ol hard ending",2026-07-24T03:30:54.033Z
392,"tugrus.com",2,cons,"2-syllable coinage, hard-stop onset, crisp -us hard ending",2026-07-24T03:30:54.034Z
393,"cundix.com",2,cons,"2-syllable coinage, hard-stop onset, crisp -ix hard ending",2026-07-24T03:30:54.034Z
394,"hirsux.com",2,cons,"2-syllable coinage, hard-stop onset, crisp -ux hard ending",2026-07-24T03:30:54.035Z
395,"jarsot.com",2,cons,"2-syllable coinage, hard-stop onset, crisp -ot hard ending",2026-07-24T03:30:54.035Z
396,"jirtax.com",2,cons,"2-syllable coinage, hard-stop onset, crisp -ax hard ending",2026-07-24T03:30:54.033Z
397,"jonkis.com",2,cons,"2-syllable coinage, hard-stop onset, crisp -is hard ending",2026-07-24T03:30:54.033Z
398,"juldox.com",2,cons,"2-syllable coinage, hard-stop onset, crisp -ox hard ending",2026-07-24T03:30:54.033Z
399,"zelkok.com",2,cons,"2-syllable coinage, hard-stop onset, crisp -ok hard ending",2026-07-24T03:30:54.033Z
400,"zonsas.com",2,cons,"2-syllable coinage, hard-stop onset, crisp -as hard ending",2026-07-24T03:30:54.033Z
401,"thrabos.com",2,cons,"2-syllable coinage, punchy cluster onset, crisp -os hard ending",2026-07-24T03:30:54.033Z
402,"falusk.com",2,cons,"2-syllable coinage, hard-stop onset, crisp -sk hard ending",2026-07-24T03:30:54.033Z
403,"fompop.com",2,cons,"2-syllable coinage, hard-stop onset, crisp -op hard ending",2026-07-24T03:30:54.034Z
404,"brubok.com",2,cons,"2-syllable coinage, punchy cluster onset, crisp -ok hard ending",2026-07-24T03:30:54.033Z
405,"clibik.com",2,cons,"2-syllable coinage, hard-stop onset, crisp -ik hard ending",2026-07-24T03:30:54.034Z
406,"crogit.com",2,cons,"2-syllable coinage, punchy cluster onset, crisp -it hard ending",2026-07-24T03:30:54.034Z
407,"drisat.com",2,cons,"2-syllable coinage, punchy cluster onset, crisp -at hard ending",2026-07-24T03:30:54.034Z
408,"flogut.com",2,cons,"2-syllable coinage, gleam gl/fl onset, crisp -ut hard ending",2026-07-24T03:30:54.034Z
409,"frotat.com",2,cons,"2-syllable coinage, hard-stop onset, crisp -at hard ending",2026-07-24T03:30:54.034Z
410,"glexik.com",2,cons,"2-syllable coinage, gleam gl/fl onset, crisp -ik hard ending",2026-07-24T03:30:54.034Z
411,"groxek.com",2,cons,"2-syllable coinage, punchy cluster onset, crisp -ek hard ending",2026-07-24T03:30:54.032Z
412,"plarik.com",2,cons,"2-syllable coinage, hard-stop onset, crisp -ik hard ending",2026-07-24T03:30:54.034Z
413,"prubus.com",2,cons,"2-syllable coinage, punchy cluster onset, crisp -us hard ending",2026-07-24T03:30:54.035Z
414,"slobix.com",2,cons,"2-syllable coinage, gleam gl/fl onset, crisp -ix hard ending",2026-07-24T03:30:54.034Z
415,"spebor.com",2,cons,"2-syllable coinage, hard-stop onset, crisp -or hard ending",2026-07-24T03:30:54.033Z
416,"stusur.com",2,cons,"2-syllable coinage, hard-stop onset, crisp -ur hard ending",2026-07-24T03:30:54.032Z
417,"swirik.com",2,cons,"2-syllable coinage, hard-stop onset, crisp -ik hard ending",2026-07-24T03:30:54.034Z
418,"trekir.com",2,cons,"2-syllable coinage, punchy cluster onset, crisp -ir hard ending",2026-07-24T03:30:54.033Z
419,"vruvak.com",2,cons,"2-syllable coinage, hard-stop onset, crisp -ak hard ending",2026-07-24T03:30:54.034Z
420,"feldun.com",2,cons,"2-syllable coinage, hard-stop onset, crisp -un hard ending",2026-07-24T03:30:54.032Z
421,"fixunx.com",2,cons,"2-syllable coinage, hard-stop onset, crisp -nx hard ending",2026-07-24T03:30:54.033Z
422,"furdit.com",2,cons,"2-syllable coinage, hard-stop onset, crisp -it hard ending",2026-07-24T03:30:54.033Z
423,"lilkox.com",2,cons,"2-syllable coinage, hard-stop onset, crisp -ox hard ending",2026-07-24T03:30:54.034Z
424,"lumput.com",2,cons,"2-syllable coinage, hard-stop onset, crisp -ut hard ending",2026-07-24T03:30:54.033Z
425,"nobrun.com",2,cons,"2-syllable coinage, hard-stop onset, crisp -un hard ending",2026-07-24T03:30:54.035Z
426,"nuldus.com",2,cons,"2-syllable coinage, hard-stop onset, crisp -us hard ending",2026-07-24T03:30:54.032Z
427,"rardos.com",2,cons,"2-syllable coinage, hard-stop onset, crisp -os hard ending",2026-07-24T03:30:54.032Z
428,"rermon.com",2,cons,"2-syllable coinage, hard-stop onset, crisp -on hard ending",2026-07-24T03:30:54.033Z
429,"skeluk.com",2,cons,"2-syllable coinage, hard-stop onset, crisp -uk hard ending",2026-07-24T03:30:54.034Z
430,"snexot.com",2,cons,"2-syllable coinage, hard-stop onset, crisp -ot hard ending",2026-07-24T03:30:54.032Z
431,"sovrut.com",2,cons,"2-syllable coinage, hard-stop onset, crisp -ut hard ending",2026-07-24T03:30:54.033Z
432,"sumbak.com",2,cons,"2-syllable coinage, hard-stop onset, crisp -ak hard ending",2026-07-24T03:30:54.035Z
433,"vinkil.com",2,cons,"2-syllable coinage, hard-stop onset, crisp -il hard ending",2026-07-24T03:30:54.033Z
434,"vulkir.com",2,cons,"2-syllable coinage, hard-stop onset, crisp -ir hard ending",2026-07-24T03:30:54.033Z
435,"miphur.com",2,cons,"2-syllable coinage, hard-stop onset, crisp -ur hard ending",2026-07-24T03:30:54.035Z
436,"movrur.com",2,cons,"2-syllable coinage, hard-stop onset, crisp -ur hard ending",2026-07-24T03:30:54.034Z
437,"rilkix.com",2,cons,"2-syllable coinage, hard-stop onset, crisp -ix hard ending",2026-07-24T03:30:54.034Z
438,"rornir.com",2,cons,"2-syllable coinage, hard-stop onset, crisp -ir hard ending",2026-07-24T03:30:54.035Z
439,"ruldar.com",2,cons,"2-syllable coinage, hard-stop onset, crisp -ar hard ending",2026-07-24T03:30:54.034Z
440,"baphur.com",2,cons,"2-syllable coinage, hard-stop onset, crisp -ur hard ending",2026-07-24T03:30:54.034Z
441,"blatux.com",2,cons,"2-syllable coinage, hard-stop onset, crisp -ux hard ending",2026-07-24T03:30:54.035Z
442,"dephol.com",2,cons,"2-syllable coinage, hard-stop onset, crisp -ol hard ending",2026-07-24T03:30:54.035Z
443,"dirdox.com",2,cons,"2-syllable coinage, hard-stop onset, crisp -ox hard ending",2026-07-24T03:30:54.033Z
444,"dordul.com",2,cons,"2-syllable coinage, hard-stop onset, crisp -ul hard ending",2026-07-24T03:30:54.034Z
445,"durtun.com",2,cons,"2-syllable coinage, hard-stop onset, crisp -un hard ending",2026-07-24T03:30:54.034Z
446,"genkur.com",2,cons,"2-syllable coinage, hard-stop onset, crisp -ur hard ending",2026-07-24T03:30:54.033Z
447,"pumbin.com",2,cons,"2-syllable coinage, hard-stop onset, crisp -in hard ending",2026-07-24T03:30:54.035Z
448,"tedrul.com",2,cons,"2-syllable coinage, hard-stop onset, crisp -ul hard ending",2026-07-24T03:30:54.034Z
449,"toltar.com",2,cons,"2-syllable coinage, hard-stop onset, crisp -ar hard ending",2026-07-24T03:30:54.034Z
450,"tugrut.com",2,cons,"2-syllable coinage, hard-stop onset, crisp -ut hard ending",2026-07-24T03:30:54.032Z
451,"custir.com",2,cons,"2-syllable coinage, hard-stop onset, crisp -ir hard ending",2026-07-24T03:30:54.034Z
452,"jirtix.com",2,cons,"2-syllable coinage, hard-stop onset, crisp -ix hard ending",2026-07-24T03:30:54.033Z
453,"jonkuk.com",2,cons,"2-syllable coinage, hard-stop onset, crisp -uk hard ending",2026-07-24T03:30:54.033Z
454,"julvit.com",2,cons,"2-syllable coinage, hard-stop onset, crisp -it hard ending",2026-07-24T03:30:54.033Z
455,"zelkus.com",2,cons,"2-syllable coinage, hard-stop onset, crisp -us hard ending",2026-07-24T03:30:54.033Z
456,"zonsuk.com",2,cons,"2-syllable coinage, hard-stop onset, crisp -uk hard ending",2026-07-24T03:30:54.033Z
457,"thrabus.com",2,cons,"2-syllable coinage, punchy cluster onset, crisp -us hard ending",2026-07-24T03:30:54.033Z
458,"fapinx.com",2,cons,"2-syllable coinage, hard-stop onset, crisp -nx hard ending",2026-07-24T03:30:54.035Z
459,"fonsop.com",2,cons,"2-syllable coinage, hard-stop onset, crisp -op hard ending",2026-07-24T03:30:54.032Z
460,"brubuk.com",2,cons,"2-syllable coinage, punchy cluster onset, crisp -uk hard ending",2026-07-24T03:30:54.033Z
461,"clozax.com",2,cons,"2-syllable coinage, hard-stop onset, crisp -ax hard ending",2026-07-24T03:30:54.034Z
462,"crogut.com",2,cons,"2-syllable coinage, punchy cluster onset, crisp -ut hard ending",2026-07-24T03:30:54.034Z
463,"drisut.com",2,cons,"2-syllable coinage, punchy cluster onset, crisp -ut hard ending",2026-07-24T03:30:54.034Z
464,"flugek.com",2,cons,"2-syllable coinage, gleam gl/fl onset, crisp -ek hard ending",2026-07-24T03:30:54.033Z
465,"frotuk.com",2,cons,"2-syllable coinage, hard-stop onset, crisp -uk hard ending",2026-07-24T03:30:54.032Z
466,"glexok.com",2,cons,"2-syllable coinage, gleam gl/fl onset, crisp -ok hard ending",2026-07-24T03:30:54.034Z
467,"grubax.com",2,cons,"2-syllable coinage, punchy cluster onset, crisp -ax hard ending",2026-07-24T03:30:54.033Z
468,"plemes.com",2,cons,"2-syllable coinage, hard-stop onset, crisp -es hard ending",2026-07-24T03:30:54.033Z
469,"prupit.com",2,cons,"2-syllable coinage, punchy cluster onset, crisp -it hard ending",2026-07-24T03:30:54.034Z
470,"slobus.com",2,cons,"2-syllable coinage, gleam gl/fl onset, crisp -us hard ending",2026-07-24T03:30:54.034Z
471,"spemas.com",2,cons,"2-syllable coinage, hard-stop onset, crisp -as hard ending",2026-07-24T03:30:54.032Z
472,"stuxir.com",2,cons,"2-syllable coinage, hard-stop onset, crisp -ir hard ending",2026-07-24T03:30:54.033Z
473,"swobar.com",2,cons,"2-syllable coinage, hard-stop onset, crisp -ar hard ending",2026-07-24T03:30:54.032Z
474,"tronuk.com",2,cons,"2-syllable coinage, punchy cluster onset, crisp -uk hard ending",2026-07-24T03:30:54.034Z
475,"vruves.com",2,cons,"2-syllable coinage, hard-stop onset, crisp -es hard ending",2026-07-24T03:30:54.034Z
476,"felmil.com",2,cons,"2-syllable coinage, hard-stop onset, crisp -il hard ending",2026-07-24T03:30:54.034Z
477,"furdix.com",2,cons,"2-syllable coinage, hard-stop onset, crisp -ix hard ending",2026-07-24T03:30:54.035Z
478,"lirdas.com",2,cons,"2-syllable coinage, hard-stop onset, crisp -as hard ending",2026-07-24T03:30:54.033Z
479,"lunkex.com",2,cons,"2-syllable coinage, hard-stop onset, crisp -ex hard ending",2026-07-24T03:30:54.032Z
480,"nulkak.com",2,cons,"2-syllable coinage, hard-stop onset, crisp -ak hard ending",2026-07-24T03:30:54.034Z
481,"rardus.com",2,cons,"2-syllable coinage, hard-stop onset, crisp -us hard ending",2026-07-24T03:30:54.032Z
482,"skivur.com",2,cons,"2-syllable coinage, hard-stop onset, crisp -ur hard ending",2026-07-24T03:30:54.034Z
483,"snivis.com",2,cons,"2-syllable coinage, hard-stop onset, crisp -is hard ending",2026-07-24T03:30:54.033Z
484,"sorsul.com",2,cons,"2-syllable coinage, hard-stop onset, crisp -ul hard ending",2026-07-24T03:30:54.034Z
485,"sumbes.com",2,cons,"2-syllable coinage, hard-stop onset, crisp -es hard ending",2026-07-24T03:30:54.035Z
486,"vinkur.com",2,cons,"2-syllable coinage, hard-stop onset, crisp -ur hard ending",2026-07-24T03:30:54.034Z
487,"vunul.com",2,cons,"2-syllable coinage, hard-stop onset, crisp -ul hard ending",2026-07-24T03:30:54.034Z
488,"mirdol.com",2,cons,"2-syllable coinage, hard-stop onset, crisp -ol hard ending",2026-07-24T03:30:54.034Z
489,"rilkot.com",2,cons,"2-syllable coinage, hard-stop onset, crisp -ot hard ending",2026-07-24T03:30:54.034Z
490,"rornis.com",2,cons,"2-syllable coinage, hard-stop onset, crisp -is hard ending",2026-07-24T03:30:54.034Z
491,"ruldil.com",2,cons,"2-syllable coinage, hard-stop onset, crisp -il hard ending",2026-07-24T03:30:54.032Z
492,"balkal.com",2,cons,"2-syllable coinage, hard-stop onset, crisp -al hard ending",2026-07-24T03:30:54.034Z
493,"blexek.com",2,cons,"2-syllable coinage, hard-stop onset, crisp -ek hard ending",2026-07-24T03:30:54.033Z
494,"devrok.com",2,cons,"2-syllable coinage, hard-stop onset, crisp -ok hard ending",2026-07-24T03:30:54.034Z
495,"divrax.com",2,cons,"2-syllable coinage, hard-stop onset, crisp -ax hard ending",2026-07-24T03:30:54.033Z
496,"pumbul.com",2,cons,"2-syllable coinage, hard-stop onset, crisp -ul hard ending",2026-07-24T03:30:54.034Z
497,"telkir.com",2,cons,"2-syllable coinage, hard-stop onset, crisp -ir hard ending",2026-07-24T03:30:54.035Z
498,"tonsul.com",2,cons,"2-syllable coinage, hard-stop onset, crisp -ul hard ending",2026-07-24T03:30:54.033Z
499,"tugrer.com",2,cons,"2-syllable coinage, hard-stop onset, crisp -er hard ending",2026-07-24T03:30:54.034Z
500,"cugrir.com",2,cons,"2-syllable coinage, hard-stop onset, crisp -ir hard ending",2026-07-24T03:30:54.034Z
501,"jonkut.com",2,cons,"2-syllable coinage, hard-stop onset, crisp -ut hard ending",2026-07-24T03:30:54.034Z
502,"julvut.com",2,cons,"2-syllable coinage, hard-stop onset, crisp -ut hard ending",2026-07-24T03:30:54.033Z
503,"zelkut.com",2,cons,"2-syllable coinage, hard-stop onset, crisp -ut hard ending",2026-07-24T03:30:54.034Z
504,"zophul.com",2,cons,"2-syllable coinage, hard-stop onset, crisp -ul hard ending",2026-07-24T03:30:54.032Z
505,"thrabut.com",2,cons,"2-syllable coinage, punchy cluster onset, crisp -ut hard ending",2026-07-24T03:30:54.035Z
506,"favrad.com",2,cons,"2-syllable coinage, hard-stop onset, crisp -ad hard ending",2026-07-24T03:30:54.033Z
507,"fosenx.com",2,cons,"2-syllable coinage, hard-stop onset, crisp -nx hard ending",2026-07-24T03:30:54.033Z
508,"brudak.com",2,cons,"2-syllable coinage, punchy cluster onset, crisp -ak hard ending",2026-07-24T03:30:54.034Z
509,"clegir.com",2,cons,"2-syllable coinage, hard-stop onset, crisp -ir hard ending",2026-07-24T03:30:54.034Z
510,"crozas.com",2,cons,"2-syllable coinage, punchy cluster onset, crisp -as hard ending",2026-07-24T03:30:54.034Z
511,"drixek.com",2,cons,"2-syllable coinage, punchy cluster onset, crisp -ek hard ending",2026-07-24T03:30:54.034Z
512,"flapil.com",2,cons,"2-syllable coinage, gleam gl/fl onset, crisp -il hard ending",2026-07-24T03:30:54.033Z
513,"fruvat.com",2,cons,"2-syllable coinage, hard-stop onset, crisp -at hard ending",2026-07-24T03:30:54.032Z
514,"glitax.com",2,cons,"2-syllable coinage, gleam gl/fl onset, crisp -ax hard ending",2026-07-24T03:30:54.033Z
515,"grexur.com",2,cons,"2-syllable coinage, punchy cluster onset, crisp -ur hard ending",2026-07-24T03:30:54.034Z
516,"plemot.com",2,cons,"2-syllable coinage, hard-stop onset, crisp -ot hard ending",2026-07-24T03:30:54.033Z
517,"prupok.com",2,cons,"2-syllable coinage, punchy cluster onset, crisp -ok hard ending",2026-07-24T03:30:54.032Z
518,"slobut.com",2,cons,"2-syllable coinage, gleam gl/fl onset, crisp -ut hard ending",2026-07-24T03:30:54.032Z
519,"spepel.com",2,cons,"2-syllable coinage, hard-stop onset, crisp -el hard ending",2026-07-24T03:30:54.034Z
520,"stuxor.com",2,cons,"2-syllable coinage, hard-stop onset, crisp -or hard ending",2026-07-24T03:30:54.033Z
521,"swamur.com",2,cons,"2-syllable coinage, hard-stop onset, crisp -ur hard ending",2026-07-24T03:30:54.034Z
522,"trorel.com",2,cons,"2-syllable coinage, punchy cluster onset, crisp -el hard ending",2026-07-24T03:30:54.033Z
523,"vruvos.com",2,cons,"2-syllable coinage, hard-stop onset, crisp -os hard ending",2026-07-24T03:30:54.034Z
524,"febind.com",2,cons,"2-syllable coinage, hard-stop onset, crisp -nd hard ending",2026-07-24T03:30:54.034Z
525,"furdot.com",2,cons,"2-syllable coinage, hard-stop onset, crisp -ot hard ending",2026-07-24T03:30:54.035Z
526,"lirdux.com",2,cons,"2-syllable coinage, hard-stop onset, crisp -ux hard ending",2026-07-24T03:30:54.034Z
527,"lunkis.com",2,cons,"2-syllable coinage, hard-stop onset, crisp -is hard ending",2026-07-24T03:30:54.034Z
528,"nulkok.com",2,cons,"2-syllable coinage, hard-stop onset, crisp -ok hard ending",2026-07-24T03:30:54.034Z
529,"ratrik.com",2,cons,"2-syllable coinage, hard-stop onset, crisp -ik hard ending",2026-07-24T03:30:54.034Z
530,"skizan.com",2,cons,"2-syllable coinage, hard-stop onset, crisp -an hard ending",2026-07-24T03:30:54.034Z
531,"snivuk.com",2,cons,"2-syllable coinage, hard-stop onset, crisp -uk hard ending",2026-07-24T03:30:54.033Z
532,"sotrer.com",2,cons,"2-syllable coinage, hard-stop onset, crisp -er hard ending",2026-07-24T03:30:54.034Z
533,"sumbos.com",2,cons,"2-syllable coinage, hard-stop onset, crisp -os hard ending",2026-07-24T03:30:54.035Z
534,"mirdun.com",2,cons,"2-syllable coinage, hard-stop onset, crisp -un hard ending",2026-07-24T03:30:54.033Z
535,"rimpik.com",2,cons,"2-syllable coinage, hard-stop onset, crisp -ik hard ending",2026-07-24T03:30:54.034Z
536,"rornot.com",2,cons,"2-syllable coinage, hard-stop onset, crisp -ot hard ending",2026-07-24T03:30:54.034Z
537,"ruldul.com",2,cons,"2-syllable coinage, hard-stop onset, crisp -ul hard ending",2026-07-24T03:30:54.033Z
538,"blidas.com",2,cons,"2-syllable coinage, hard-stop onset, crisp -as hard ending",2026-07-24T03:30:54.034Z
539,"dedril.com",2,cons,"2-syllable coinage, hard-stop onset, crisp -il hard ending",2026-07-24T03:30:54.033Z
540,"dibrir.com",2,cons,"2-syllable coinage, hard-stop onset, crisp -ir hard ending",2026-07-24T03:30:54.032Z
541,"pumbun.com",2,cons,"2-syllable coinage, hard-stop onset, crisp -un hard ending",2026-07-24T03:30:54.035Z
542,"tentul.com",2,cons,"2-syllable coinage, hard-stop onset, crisp -ul hard ending",2026-07-24T03:30:54.034Z
543,"torkur.com",2,cons,"2-syllable coinage, hard-stop onset, crisp -ur hard ending",2026-07-24T03:30:54.035Z
544,"tugrur.com",2,cons,"2-syllable coinage, hard-stop onset, crisp -ur hard ending",2026-07-24T03:30:54.034Z
545,"cunsil.com",2,cons,"2-syllable coinage, hard-stop onset, crisp -il hard ending",2026-07-24T03:30:54.033Z
546,"jordok.com",2,cons,"2-syllable coinage, hard-stop onset, crisp -ok hard ending",2026-07-24T03:30:54.034Z
547,"zenkok.com",2,cons,"2-syllable coinage, hard-stop onset, crisp -ok hard ending",2026-07-24T03:30:54.034Z
548,"zophun.com",2,cons,"2-syllable coinage, hard-stop onset, crisp -un hard ending",2026-07-24T03:30:54.034Z
549,"thrapax.com",2,cons,"2-syllable coinage, punchy cluster onset, crisp -ax hard ending",2026-07-24T03:30:54.034Z
550,"fazanx.com",2,cons,"2-syllable coinage, hard-stop onset, crisp -nx hard ending",2026-07-24T03:30:54.035Z
551,"brarat.com",2,cons,"2-syllable coinage, punchy cluster onset, crisp -at hard ending",2026-07-24T03:30:54.033Z
552,"clenut.com",2,cons,"2-syllable coinage, hard-stop onset, crisp -ut hard ending",2026-07-24T03:30:54.032Z
553,"crozos.com",2,cons,"2-syllable coinage, punchy cluster onset, crisp -os hard ending",2026-07-24T03:30:54.034Z
554,"drofat.com",2,cons,"2-syllable coinage, punchy cluster onset, crisp -at hard ending",2026-07-24T03:30:54.033Z
555,"flapul.com",2,cons,"2-syllable coinage, gleam gl/fl onset, crisp -ul hard ending",2026-07-24T03:30:54.033Z
556,"frarox.com",2,cons,"2-syllable coinage, hard-stop onset, crisp -ox hard ending",2026-07-24T03:30:54.034Z
557,"glixak.com",2,cons,"2-syllable coinage, gleam gl/fl onset, crisp -ak hard ending",2026-07-24T03:30:54.034Z
558,"gribil.com",2,cons,"2-syllable coinage, punchy cluster onset, crisp -il hard ending",2026-07-24T03:30:54.032Z
559,"plemus.com",2,cons,"2-syllable coinage, hard-stop onset, crisp -us hard ending",2026-07-24T03:30:54.032Z
560,"pravun.com",2,cons,"2-syllable coinage, punchy cluster onset, crisp -un hard ending",2026-07-24T03:30:54.034Z
561,"sludek.com",2,cons,"2-syllable coinage, gleam gl/fl onset, crisp -ek hard ending",2026-07-24T03:30:54.033Z
562,"spepen.com",2,cons,"2-syllable coinage, hard-stop onset, crisp -en hard ending",2026-07-24T03:30:54.033Z
563,"stomol.com",2,cons,"2-syllable coinage, hard-stop onset, crisp -ol hard ending",2026-07-24T03:30:54.034Z
564,"swamad.com",2,cons,"2-syllable coinage, hard-stop onset, crisp -ad hard ending",2026-07-24T03:30:54.035Z
565,"troren.com",2,cons,"2-syllable coinage, punchy cluster onset, crisp -en hard ending",2026-07-24T03:30:54.034Z
566,"vruvus.com",2,cons,"2-syllable coinage, hard-stop onset, crisp -us hard ending",2026-07-24T03:30:54.034Z
567,"febond.com",2,cons,"2-syllable coinage, hard-stop onset, crisp -nd hard ending",2026-07-24T03:30:54.033Z
568,"furdut.com",2,cons,"2-syllable coinage, hard-stop onset, crisp -ut hard ending",2026-07-24T03:30:54.032Z
569,"lirdar.com",2,cons,"2-syllable coinage, hard-stop onset, crisp -ar hard ending",2026-07-24T03:30:54.033Z
570,"lunkux.com",2,cons,"2-syllable coinage, hard-stop onset, crisp -ux hard ending",2026-07-24T03:30:54.032Z
571,"nulkus.com",2,cons,"2-syllable coinage, hard-stop onset, crisp -us hard ending",2026-07-24T03:30:54.034Z
572,"rardal.com",2,cons,"2-syllable coinage, hard-stop onset, crisp -al hard ending",2026-07-24T03:30:54.034Z
573,"skizin.com",2,cons,"2-syllable coinage, hard-stop onset, crisp -in hard ending",2026-07-24T03:30:54.034Z
574,"snobax.com",2,cons,"2-syllable coinage, hard-stop onset, crisp -ax hard ending",2026-07-24T03:30:54.033Z
575,"sotrur.com",2,cons,"2-syllable coinage, hard-stop onset, crisp -ur hard ending",2026-07-24T03:30:54.034Z
576,"sumpes.com",2,cons,"2-syllable coinage, hard-stop onset, crisp -es hard ending",2026-07-24T03:30:54.034Z
577,"mirmek.com",2,cons,"2-syllable coinage, hard-stop onset, crisp -ek hard ending",2026-07-24T03:30:54.033Z
578,"ribrir.com",2,cons,"2-syllable coinage, hard-stop onset, crisp -ir hard ending",2026-07-24T03:30:54.035Z
579,"rornux.com",2,cons,"2-syllable coinage, hard-stop onset, crisp -ux hard ending",2026-07-24T03:30:54.034Z
580,"blidux.com",2,cons,"2-syllable coinage, hard-stop onset, crisp -ux hard ending",2026-07-24T03:30:54.033Z
581,"dedrul.com",2,cons,"2-syllable coinage, hard-stop onset, crisp -ul hard ending",2026-07-24T03:30:54.033Z
582,"pumbur.com",2,cons,"2-syllable coinage, hard-stop onset, crisp -ur hard ending",2026-07-24T03:30:54.033Z
583,"jovrak.com",2,cons,"2-syllable coinage, hard-stop onset, crisp -ak hard ending",2026-07-24T03:30:54.034Z
584,"zetres.com",2,cons,"2-syllable coinage, hard-stop onset, crisp -es hard ending",2026-07-24T03:30:54.033Z
585,"zordek.com",2,cons,"2-syllable coinage, hard-stop onset, crisp -ek hard ending",2026-07-24T03:30:54.034Z
586,"thrapix.com",2,cons,"2-syllable coinage, punchy cluster onset, crisp -ix hard ending",2026-07-24T03:30:54.034Z
587,"brisur.com",2,cons,"2-syllable coinage, punchy cluster onset, crisp -ur hard ending",2026-07-24T03:30:54.033Z
588,"clidil.com",2,cons,"2-syllable coinage, hard-stop onset, crisp -il hard ending",2026-07-24T03:30:54.035Z
589,"crozuk.com",2,cons,"2-syllable coinage, punchy cluster onset, crisp -uk hard ending",2026-07-24T03:30:54.034Z
590,"drufek.com",2,cons,"2-syllable coinage, punchy cluster onset, crisp -ek hard ending",2026-07-24T03:30:54.034Z
591,"flapun.com",2,cons,"2-syllable coinage, gleam gl/fl onset, crisp -un hard ending",2026-07-24T03:30:54.034Z
592,"frezil.com",2,cons,"2-syllable coinage, hard-stop onset, crisp -il hard ending",2026-07-24T03:30:54.032Z
593,"glixok.com",2,cons,"2-syllable coinage, gleam gl/fl onset, crisp -ok hard ending",2026-07-24T03:30:54.034Z
594,"gralil.com",2,cons,"2-syllable coinage, punchy cluster onset, crisp -il hard ending",2026-07-24T03:30:54.033Z
595,"plilex.com",2,cons,"2-syllable coinage, hard-stop onset, crisp -ex hard ending",2026-07-24T03:30:54.034Z
596,"prinak.com",2,cons,"2-syllable coinage, punchy cluster onset, crisp -ak hard ending",2026-07-24T03:30:54.035Z
597,"slufek.com",2,cons,"2-syllable coinage, gleam gl/fl onset, crisp -ek hard ending",2026-07-24T03:30:54.034Z
598,"spepil.com",2,cons,"2-syllable coinage, hard-stop onset, crisp -il hard ending",2026-07-24T03:30:54.034Z
599,"stunun.com",2,cons,"2-syllable coinage, hard-stop onset, crisp -un hard ending",2026-07-24T03:30:54.033Z
600,"swamep.com",2,cons,"2-syllable coinage, hard-stop onset, crisp -ep hard ending",2026-07-24T03:30:54.032Z
601,"trasop.com",2,cons,"2-syllable coinage, punchy cluster onset, crisp -op hard ending",2026-07-24T03:30:54.034Z
602,"vralas.com",2,cons,"2-syllable coinage, hard-stop onset, crisp -as hard ending",2026-07-24T03:30:54.033Z
603,"feldop.com",2,cons,"2-syllable coinage, hard-stop onset, crisp -op hard ending",2026-07-24T03:30:54.033Z
604,"fuxul.com",2,cons,"2-syllable coinage, hard-stop onset, crisp -ul hard ending",2026-07-24T03:30:54.035Z
605,"luvrux.com",2,cons,"2-syllable coinage, hard-stop onset, crisp -ux hard ending",2026-07-24T03:30:54.033Z
606,"nuphor.com",2,cons,"2-syllable coinage, hard-stop onset, crisp -or hard ending",2026-07-24T03:30:54.032Z
607,"rardel.com",2,cons,"2-syllable coinage, hard-stop onset, crisp -el hard ending",2026-07-24T03:30:54.034Z
608,"skizol.com",2,cons,"2-syllable coinage, hard-stop onset, crisp -ol hard ending",2026-07-24T03:30:54.033Z
609,"snobix.com",2,cons,"2-syllable coinage, hard-stop onset, crisp -ix hard ending",2026-07-24T03:30:54.033Z
610,"sovror.com",2,cons,"2-syllable coinage, hard-stop onset, crisp -or hard ending",2026-07-24T03:30:54.034Z
611,"sumpus.com",2,cons,"2-syllable coinage, hard-stop onset, crisp -us hard ending",2026-07-24T03:30:54.034Z
612,"mirmok.com",2,cons,"2-syllable coinage, hard-stop onset, crisp -ok hard ending",2026-07-24T03:30:54.033Z
613,"rigril.com",2,cons,"2-syllable coinage, hard-stop onset, crisp -il hard ending",2026-07-24T03:30:54.035Z
614,"rorsol.com",2,cons,"2-syllable coinage, hard-stop onset, crisp -ol hard ending",2026-07-24T03:30:54.034Z
615,"blivux.com",2,cons,"2-syllable coinage, hard-stop onset, crisp -ux hard ending",2026-07-24T03:30:54.033Z
616,"thrapus.com",2,cons,"2-syllable coinage, punchy cluster onset, crisp -us hard ending",2026-07-24T03:30:54.032Z
617,"brubal.com",2,cons,"2-syllable coinage, punchy cluster onset, crisp -al hard ending",2026-07-24T03:30:54.035Z
618,"clulox.com",2,cons,"2-syllable coinage, hard-stop onset, crisp -ox hard ending",2026-07-24T03:30:54.034Z
619,"crudot.com",2,cons,"2-syllable coinage, punchy cluster onset, crisp -ot hard ending",2026-07-24T03:30:54.034Z
620,"drufet.com",2,cons,"2-syllable coinage, punchy cluster onset, crisp -et hard ending",2026-07-24T03:30:54.034Z
621,"flegur.com",2,cons,"2-syllable coinage, gleam gl/fl onset, crisp -ur hard ending",2026-07-24T03:30:54.034Z
622,"frezol.com",2,cons,"2-syllable coinage, hard-stop onset, crisp -ol hard ending",2026-07-24T03:30:54.035Z
623,"glokes.com",2,cons,"2-syllable coinage, gleam gl/fl onset, crisp -es hard ending",2026-07-24T03:30:54.034Z
624,"gralul.com",2,cons,"2-syllable coinage, punchy cluster onset, crisp -ul hard ending",2026-07-24T03:30:54.033Z
625,"plilux.com",2,cons,"2-syllable coinage, hard-stop onset, crisp -ux hard ending",2026-07-24T03:30:54.034Z
626,"prumot.com",2,cons,"2-syllable coinage, punchy cluster onset, crisp -ot hard ending",2026-07-24T03:30:54.034Z
627,"sluzex.com",2,cons,"2-syllable coinage, gleam gl/fl onset, crisp -ex hard ending",2026-07-24T03:30:54.034Z
628,"spepin.com",2,cons,"2-syllable coinage, hard-stop onset, crisp -in hard ending",2026-07-24T03:30:54.033Z
629,"strasuk.com",2,cons,"2-syllable coinage, punchy cluster onset, crisp -uk hard ending",2026-07-24T03:30:54.034Z
630,"swamup.com",2,cons,"2-syllable coinage, hard-stop onset, crisp -up hard ending",2026-07-24T03:30:54.033Z
631,"trazep.com",2,cons,"2-syllable coinage, punchy cluster onset, crisp -ep hard ending",2026-07-24T03:30:54.034Z
632,"vralek.com",2,cons,"2-syllable coinage, hard-stop onset, crisp -ek hard ending",2026-07-24T03:30:54.033Z
633,"fenost.com",2,cons,"2-syllable coinage, hard-stop onset, crisp -st hard ending",2026-07-24T03:30:54.033Z
634,"fuldol.com",2,cons,"2-syllable coinage, hard-stop onset, crisp -ol hard ending",2026-07-24T03:30:54.034Z
635,"lulkir.com",2,cons,"2-syllable coinage, hard-stop onset, crisp -ir hard ending",2026-07-24T03:30:54.034Z
636,"nuphur.com",2,cons,"2-syllable coinage, hard-stop onset, crisp -ur hard ending",2026-07-24T03:30:54.032Z
637,"rarder.com",2,cons,"2-syllable coinage, hard-stop onset, crisp -er hard ending",2026-07-24T03:30:54.033Z
638,"skosar.com",2,cons,"2-syllable coinage, hard-stop onset, crisp -ar hard ending",2026-07-24T03:30:54.033Z
639,"snokox.com",2,cons,"2-syllable coinage, hard-stop onset, crisp -ox hard ending",2026-07-24T03:30:54.033Z
640,"sumput.com",2,cons,"2-syllable coinage, hard-stop onset, crisp -ut hard ending",2026-07-24T03:30:54.034Z
641,"rigrur.com",2,cons,"2-syllable coinage, hard-stop onset, crisp -ur hard ending",2026-07-24T03:30:54.034Z
642,"rorson.com",2,cons,"2-syllable coinage, hard-stop onset, crisp -on hard ending",2026-07-24T03:30:54.033Z
643,"blixuk.com",2,cons,"2-syllable coinage, hard-stop onset, crisp -uk hard ending",2026-07-24T03:30:54.034Z
644,"thredes.com",2,cons,"2-syllable coinage, punchy cluster onset, crisp -es hard ending",2026-07-24T03:30:54.034Z
645,"brubul.com",2,cons,"2-syllable coinage, punchy cluster onset, crisp -ul hard ending",2026-07-24T03:30:54.035Z
646,"clalel.com",2,cons,"2-syllable coinage, hard-stop onset, crisp -el hard ending",2026-07-24T03:30:54.034Z
647,"crukes.com",2,cons,"2-syllable coinage, punchy cluster onset, crisp -es hard ending",2026-07-24T03:30:54.034Z
648,"drufut.com",2,cons,"2-syllable coinage, punchy cluster onset, crisp -ut hard ending",2026-07-24T03:30:54.034Z
649,"flelas.com",2,cons,"2-syllable coinage, gleam gl/fl onset, crisp -as hard ending",2026-07-24T03:30:54.034Z
650,"frezul.com",2,cons,"2-syllable coinage, hard-stop onset, crisp -ul hard ending",2026-07-24T03:30:54.032Z
651,"glokos.com",2,cons,"2-syllable coinage, gleam gl/fl onset, crisp -os hard ending",2026-07-24T03:30:54.034Z
652,"gralun.com",2,cons,"2-syllable coinage, punchy cluster onset, crisp -un hard ending",2026-07-24T03:30:54.034Z
653,"plopel.com",2,cons,"2-syllable coinage, hard-stop onset, crisp -el hard ending",2026-07-24T03:30:54.033Z
654,"prupir.com",2,cons,"2-syllable coinage, punchy cluster onset, crisp -ir hard ending",2026-07-24T03:30:54.033Z
655,"sluzux.com",2,cons,"2-syllable coinage, gleam gl/fl onset, crisp -ux hard ending",2026-07-24T03:30:54.034Z
656,"spepol.com",2,cons,"2-syllable coinage, hard-stop onset, crisp -ol hard ending",2026-07-24T03:30:54.032Z
657,"strekek.com",2,cons,"2-syllable coinage, punchy cluster onset, crisp -ek hard ending",2026-07-24T03:30:54.034Z
658,"trefed.com",2,cons,"2-syllable coinage, punchy cluster onset, crisp -ed hard ending",2026-07-24T03:30:54.034Z
659,"vralok.com",2,cons,"2-syllable coinage, hard-stop onset, crisp -ok hard ending",2026-07-24T03:30:54.033Z
660,"fepond.com",2,cons,"2-syllable coinage, hard-stop onset, crisp -nd hard ending",2026-07-24T03:30:54.033Z
661,"fumbir.com",2,cons,"2-syllable coinage, hard-stop onset, crisp -ir hard ending",2026-07-24T03:30:54.034Z
662,"lurkir.com",2,cons,"2-syllable coinage, hard-stop onset, crisp -ir hard ending",2026-07-24T03:30:54.035Z
663,"nurkat.com",2,cons,"2-syllable coinage, hard-stop onset, crisp -at hard ending",2026-07-24T03:30:54.034Z
664,"rardil.com",2,cons,"2-syllable coinage, hard-stop onset, crisp -il hard ending",2026-07-24T03:30:54.034Z
665,"skosor.com",2,cons,"2-syllable coinage, hard-stop onset, crisp -or hard ending",2026-07-24T03:30:54.033Z
666,"snotik.com",2,cons,"2-syllable coinage, hard-stop onset, crisp -ik hard ending",2026-07-24T03:30:54.033Z
667,"sudrol.com",2,cons,"2-syllable coinage, hard-stop onset, crisp -ol hard ending",2026-07-24T03:30:54.034Z
668,"rimpil.com",2,cons,"2-syllable coinage, hard-stop onset, crisp -il hard ending",2026-07-24T03:30:54.034Z
669,"rorsun.com",2,cons,"2-syllable coinage, hard-stop onset, crisp -un hard ending",2026-07-24T03:30:54.033Z
670,"blizok.com",2,cons,"2-syllable coinage, hard-stop onset, crisp -ok hard ending",2026-07-24T03:30:54.034Z
671,"thredik.com",2,cons,"2-syllable coinage, punchy cluster onset, crisp -ik hard ending",2026-07-24T03:30:54.034Z
672,"brudul.com",2,cons,"2-syllable coinage, punchy cluster onset, crisp -ul hard ending",2026-07-24T03:30:54.033Z
673,"clalil.com",2,cons,"2-syllable coinage, hard-stop onset, crisp -il hard ending",2026-07-24T03:30:54.034Z
674,"crukos.com",2,cons,"2-syllable coinage, punchy cluster onset, crisp -os hard ending",2026-07-24T03:30:54.034Z
675,"drukuk.com",2,cons,"2-syllable coinage, punchy cluster onset, crisp -uk hard ending",2026-07-24T03:30:54.033Z
676,"flelex.com",2,cons,"2-syllable coinage, gleam gl/fl onset, crisp -ex hard ending",2026-07-24T03:30:54.033Z
677,"frezun.com",2,cons,"2-syllable coinage, hard-stop onset, crisp -un hard ending",2026-07-24T03:30:54.033Z
678,"glokut.com",2,cons,"2-syllable coinage, gleam gl/fl onset, crisp -ut hard ending",2026-07-24T03:30:54.034Z
679,"grased.com",2,cons,"2-syllable coinage, punchy cluster onset, crisp -ed hard ending",2026-07-24T03:30:54.034Z
680,"plopil.com",2,cons,"2-syllable coinage, hard-stop onset, crisp -il hard ending",2026-07-24T03:30:54.034Z
681,"pralir.com",2,cons,"2-syllable coinage, punchy cluster onset, crisp -ir hard ending",2026-07-24T03:30:54.035Z
682,"sladil.com",2,cons,"2-syllable coinage, gleam gl/fl onset, crisp -il hard ending",2026-07-24T03:30:54.034Z
683,"spepon.com",2,cons,"2-syllable coinage, hard-stop onset, crisp -on hard ending",2026-07-24T03:30:54.033Z
684,"strevex.com",2,cons,"2-syllable coinage, punchy cluster onset, crisp -ex hard ending",2026-07-24T03:30:54.034Z
685,"troged.com",2,cons,"2-syllable coinage, punchy cluster onset, crisp -ed hard ending",2026-07-24T03:30:54.034Z
686,"vrasol.com",2,cons,"2-syllable coinage, hard-stop onset, crisp -ol hard ending",2026-07-24T03:30:54.032Z
687,"fepord.com",2,cons,"2-syllable coinage, hard-stop onset, crisp -rd hard ending",2026-07-24T03:30:54.033Z
688,"futrar.com",2,cons,"2-syllable coinage, hard-stop onset, crisp -ar hard ending",2026-07-24T03:30:54.034Z
689,"lurkor.com",2,cons,"2-syllable coinage, hard-stop onset, crisp -or hard ending",2026-07-24T03:30:54.035Z
690,"nurkot.com",2,cons,"2-syllable coinage, hard-stop onset, crisp -ot hard ending",2026-07-24T03:30:54.032Z
691,"rardor.com",2,cons,"2-syllable coinage, hard-stop onset, crisp -or hard ending",2026-07-24T03:30:54.033Z
692,"skotir.com",2,cons,"2-syllable coinage, hard-stop onset, crisp -ir hard ending",2026-07-24T03:30:54.033Z
693,"snovok.com",2,cons,"2-syllable coinage, hard-stop onset, crisp -ok hard ending",2026-07-24T03:30:54.034Z
694,"sulvir.com",2,cons,"2-syllable coinage, hard-stop onset, crisp -ir hard ending",2026-07-24T03:30:54.033Z
695,"rimpul.com",2,cons,"2-syllable coinage, hard-stop onset, crisp -ul hard ending",2026-07-24T03:30:54.034Z
696,"rorter.com",2,cons,"2-syllable coinage, hard-stop onset, crisp -er hard ending",2026-07-24T03:30:54.035Z
697,"blofax.com",2,cons,"2-syllable coinage, hard-stop onset, crisp -ax hard ending",2026-07-24T03:30:54.034Z
698,"thredus.com",2,cons,"2-syllable coinage, punchy cluster onset, crisp -us hard ending",2026-07-24T03:30:54.034Z
699,"bresud.com",2,cons,"2-syllable coinage, punchy cluster onset, crisp -ud hard ending",2026-07-24T03:30:54.033Z
700,"clegip.com",2,cons,"2-syllable coinage, hard-stop onset, crisp -ip hard ending",2026-07-24T03:30:54.033Z
701,"cruvik.com",2,cons,"2-syllable coinage, punchy cluster onset, crisp -ik hard ending",2026-07-24T03:30:54.034Z
702,"drevir.com",2,cons,"2-syllable coinage, punchy cluster onset, crisp -ir hard ending",2026-07-24T03:30:54.033Z
703,"flelux.com",2,cons,"2-syllable coinage, gleam gl/fl onset, crisp -ux hard ending",2026-07-24T03:30:54.033Z
704,"fritin.com",2,cons,"2-syllable coinage, hard-stop onset, crisp -in hard ending",2026-07-24T03:30:54.034Z
705,"gluzet.com",2,cons,"2-syllable coinage, gleam gl/fl onset, crisp -et hard ending",2026-07-24T03:30:54.034Z
706,"grexep.com",2,cons,"2-syllable coinage, punchy cluster onset, crisp -ep hard ending",2026-07-24T03:30:54.033Z
707,"plaror.com",2,cons,"2-syllable coinage, hard-stop onset, crisp -or hard ending",2026-07-24T03:30:54.035Z
708,"prabap.com",2,cons,"2-syllable coinage, punchy cluster onset, crisp -ap hard ending",2026-07-24T03:30:54.033Z
709,"slakil.com",2,cons,"2-syllable coinage, gleam gl/fl onset, crisp -il hard ending",2026-07-24T03:30:54.034Z
710,"spibol.com",2,cons,"2-syllable coinage, hard-stop onset, crisp -ol hard ending",2026-07-24T03:30:54.034Z
711,"strevux.com",2,cons,"2-syllable coinage, punchy cluster onset, crisp -ux hard ending",2026-07-24T03:30:54.034Z
712,"trogid.com",2,cons,"2-syllable coinage, punchy cluster onset, crisp -id hard ending",2026-07-24T03:30:54.033Z
713,"vraxir.com",2,cons,"2-syllable coinage, hard-stop onset, crisp -ir hard ending",2026-07-24T03:30:54.034Z
714,"ferkip.com",2,cons,"2-syllable coinage, hard-stop onset, crisp -ip hard ending",2026-07-24T03:30:54.033Z
715,"fubint.com",2,cons,"2-syllable coinage, hard-stop onset, crisp -nt hard ending",2026-07-24T03:30:54.034Z
716,"lurmek.com",2,cons,"2-syllable coinage, hard-stop onset, crisp -ek hard ending",2026-07-24T03:30:54.033Z
717,"nulder.com",2,cons,"2-syllable coinage, hard-stop onset, crisp -er hard ending",2026-07-24T03:30:54.033Z
718,"rardur.com",2,cons,"2-syllable coinage, hard-stop onset, crisp -ur hard ending",2026-07-24T03:30:54.033Z
719,"skelir.com",2,cons,"2-syllable coinage, hard-stop onset, crisp -ir hard ending",2026-07-24T03:30:54.034Z
720,"snugax.com",2,cons,"2-syllable coinage, hard-stop onset, crisp -ax hard ending",2026-07-24T03:30:54.033Z
721,"sumban.com",2,cons,"2-syllable coinage, hard-stop onset, crisp -an hard ending",2026-07-24T03:30:54.033Z
722,"rortur.com",2,cons,"2-syllable coinage, hard-stop onset, crisp -ur hard ending",2026-07-24T03:30:54.035Z
723,"blotat.com",2,cons,"2-syllable coinage, hard-stop onset, crisp -at hard ending",2026-07-24T03:30:54.032Z
724,"thredut.com",2,cons,"2-syllable coinage, punchy cluster onset, crisp -ut hard ending",2026-07-24T03:30:54.033Z
725,"brezod.com",2,cons,"2-syllable coinage, punchy cluster onset, crisp -od hard ending",2026-07-24T03:30:54.033Z
726,"clofud.com",2,cons,"2-syllable coinage, hard-stop onset, crisp -ud hard ending",2026-07-24T03:30:54.035Z
727,"cruxuk.com",2,cons,"2-syllable coinage, punchy cluster onset, crisp -uk hard ending",2026-07-24T03:30:54.033Z
728,"dridil.com",2,cons,"2-syllable coinage, punchy cluster onset, crisp -il hard ending",2026-07-24T03:30:54.034Z
729,"fligil.com",2,cons,"2-syllable coinage, gleam gl/fl onset, crisp -il hard ending",2026-07-24T03:30:54.034Z
730,"fralol.com",2,cons,"2-syllable coinage, hard-stop onset, crisp -ol hard ending",2026-07-24T03:30:54.034Z
731,"gluzis.com",2,cons,"2-syllable coinage, gleam gl/fl onset, crisp -is hard ending",2026-07-24T03:30:54.033Z
732,"grexup.com",2,cons,"2-syllable coinage, punchy cluster onset, crisp -up hard ending",2026-07-24T03:30:54.033Z
733,"plarun.com",2,cons,"2-syllable coinage, hard-stop onset, crisp -un hard ending",2026-07-24T03:30:54.033Z
734,"pravip.com",2,cons,"2-syllable coinage, punchy cluster onset, crisp -ip hard ending",2026-07-24T03:30:54.033Z
735,"slakul.com",2,cons,"2-syllable coinage, gleam gl/fl onset, crisp -ul hard ending",2026-07-24T03:30:54.034Z
736,"spibon.com",2,cons,"2-syllable coinage, hard-stop onset, crisp -on hard ending",2026-07-24T03:30:54.033Z
737,"strixox.com",2,cons,"2-syllable coinage, punchy cluster onset, crisp -ox hard ending",2026-07-24T03:30:54.033Z
738,"vrenak.com",2,cons,"2-syllable coinage, hard-stop onset, crisp -ak hard ending",2026-07-24T03:30:54.034Z
739,"fesald.com",2,cons,"2-syllable coinage, hard-stop onset, crisp -ld hard ending",2026-07-24T03:30:54.034Z
740,"fubirt.com",2,cons,"2-syllable coinage, hard-stop onset, crisp -rt hard ending",2026-07-24T03:30:54.034Z
741,"luvrar.com",2,cons,"2-syllable coinage, hard-stop onset, crisp -ar hard ending",2026-07-24T03:30:54.034Z
742,"nuldur.com",2,cons,"2-syllable coinage, hard-stop onset, crisp -ur hard ending",2026-07-24T03:30:54.033Z
743,"rarmot.com",2,cons,"2-syllable coinage, hard-stop onset, crisp -ot hard ending",2026-07-24T03:30:54.034Z
744,"skelol.com",2,cons,"2-syllable coinage, hard-stop onset, crisp -ol hard ending",2026-07-24T03:30:54.033Z
745,"snugix.com",2,cons,"2-syllable coinage, hard-stop onset, crisp -ix hard ending",2026-07-24T03:30:54.033Z
746,"surnan.com",2,cons,"2-syllable coinage, hard-stop onset, crisp -an hard ending",2026-07-24T03:30:54.034Z
747,"blotik.com",2,cons,"2-syllable coinage, hard-stop onset, crisp -ik hard ending",2026-07-24T03:30:54.033Z
748,"thrisak.com",2,cons,"2-syllable coinage, punchy cluster onset, crisp -ak hard ending",2026-07-24T03:30:54.033Z
749,"brizud.com",2,cons,"2-syllable coinage, punchy cluster onset, crisp -ud hard ending",2026-07-24T03:30:54.032Z
750,"cluxad.com",2,cons,"2-syllable coinage, hard-stop onset, crisp -ad hard ending",2026-07-24T03:30:54.033Z
751,"crafar.com",2,cons,"2-syllable coinage, punchy cluster onset, crisp -ar hard ending",2026-07-24T03:30:54.033Z
752,"dridul.com",2,cons,"2-syllable coinage, punchy cluster onset, crisp -ul hard ending",2026-07-24T03:30:54.034Z
753,"flogur.com",2,cons,"2-syllable coinage, gleam gl/fl onset, crisp -ur hard ending",2026-07-24T03:30:54.033Z
754,"frarar.com",2,cons,"2-syllable coinage, hard-stop onset, crisp -ar hard ending",2026-07-24T03:30:54.032Z
755,"gluzit.com",2,cons,"2-syllable coinage, gleam gl/fl onset, crisp -it hard ending",2026-07-24T03:30:54.034Z
756,"grivad.com",2,cons,"2-syllable coinage, punchy cluster onset, crisp -ad hard ending",2026-07-24T03:30:54.034Z
757,"plilir.com",2,cons,"2-syllable coinage, hard-stop onset, crisp -ir hard ending",2026-07-24T03:30:54.033Z
758,"prizod.com",2,cons,"2-syllable coinage, punchy cluster onset, crisp -od hard ending",2026-07-24T03:30:54.034Z
759,"slakun.com",2,cons,"2-syllable coinage, gleam gl/fl onset, crisp -un hard ending",2026-07-24T03:30:54.035Z
760,"spibun.com",2,cons,"2-syllable coinage, hard-stop onset, crisp -un hard ending",2026-07-24T03:30:54.032Z
761,"strixux.com",2,cons,"2-syllable coinage, punchy cluster onset, crisp -ux hard ending",2026-07-24T03:30:54.035Z
762,"vreres.com",2,cons,"2-syllable coinage, hard-stop onset, crisp -es hard ending",2026-07-24T03:30:54.034Z
763,"fevork.com",2,cons,"2-syllable coinage, hard-stop onset, crisp -rk hard ending",2026-07-24T03:30:54.033Z
764,"fudanx.com",2,cons,"2-syllable coinage, hard-stop onset, crisp -nx hard ending",2026-07-24T03:30:54.034Z
765,"nulkal.com",2,cons,"2-syllable coinage, hard-stop onset, crisp -al hard ending",2026-07-24T03:30:54.034Z
766,"snugot.com",2,cons,"2-syllable coinage, hard-stop onset, crisp -ot hard ending",2026-07-24T03:30:54.033Z
767,"surnen.com",2,cons,"2-syllable coinage, hard-stop onset, crisp -en hard ending",2026-07-24T03:30:54.034Z
768,"blelat.com",2,cons,"2-syllable coinage, hard-stop onset, crisp -at hard ending",2026-07-24T03:30:54.033Z
769,"thrisok.com",2,cons,"2-syllable coinage, punchy cluster onset, crisp -ok hard ending",2026-07-24T03:30:54.033Z
770,"brukod.com",2,cons,"2-syllable coinage, punchy cluster onset, crisp -od hard ending",2026-07-24T03:30:54.033Z
771,"cluxud.com",2,cons,"2-syllable coinage, hard-stop onset, crisp -ud hard ending",2026-07-24T03:30:54.033Z
772,"crasar.com",2,cons,"2-syllable coinage, punchy cluster onset, crisp -ar hard ending",2026-07-24T03:30:54.034Z
773,"drisur.com",2,cons,"2-syllable coinage, punchy cluster onset, crisp -ur hard ending",2026-07-24T03:30:54.035Z
774,"flugol.com",2,cons,"2-syllable coinage, gleam gl/fl onset, crisp -ol hard ending",2026-07-24T03:30:54.034Z
775,"fregip.com",2,cons,"2-syllable coinage, hard-stop onset, crisp -ip hard ending",2026-07-24T03:30:54.034Z
776,"gluzos.com",2,cons,"2-syllable coinage, gleam gl/fl onset, crisp -os hard ending",2026-07-24T03:30:54.033Z
777,"grivud.com",2,cons,"2-syllable coinage, punchy cluster onset, crisp -ud hard ending",2026-07-24T03:30:54.034Z
778,"plirel.com",2,cons,"2-syllable coinage, hard-stop onset, crisp -el hard ending",2026-07-24T03:30:54.034Z
779,"prubop.com",2,cons,"2-syllable coinage, punchy cluster onset, crisp -op hard ending",2026-07-24T03:30:54.034Z
780,"sledur.com",2,cons,"2-syllable coinage, gleam gl/fl onset, crisp -ur hard ending",2026-07-24T03:30:54.034Z
781,"spugel.com",2,cons,"2-syllable coinage, hard-stop onset, crisp -el hard ending",2026-07-24T03:30:54.034Z
782,"stroxas.com",2,cons,"2-syllable coinage, punchy cluster onset, crisp -as hard ending",2026-07-24T03:30:54.033Z
783,"vrerot.com",2,cons,"2-syllable coinage, hard-stop onset, crisp -ot hard ending",2026-07-24T03:30:54.034Z
784,"fugunx.com",2,cons,"2-syllable coinage, hard-stop onset, crisp -nx hard ending",2026-07-24T03:30:54.033Z
785,"nulker.com",2,cons,"2-syllable coinage, hard-stop onset, crisp -er hard ending",2026-07-24T03:30:54.033Z
786,"snusak.com",2,cons,"2-syllable coinage, hard-stop onset, crisp -ak hard ending",2026-07-24T03:30:54.033Z
787,"surnon.com",2,cons,"2-syllable coinage, hard-stop onset, crisp -on hard ending",2026-07-24T03:30:54.034Z
788,"blelox.com",2,cons,"2-syllable coinage, hard-stop onset, crisp -ox hard ending",2026-07-24T03:30:54.033Z
789,"thrizak.com",2,cons,"2-syllable coinage, punchy cluster onset, crisp -ak hard ending",2026-07-24T03:30:54.034Z
790,"brupap.com",2,cons,"2-syllable coinage, punchy cluster onset, crisp -ap hard ending",2026-07-24T03:30:54.033Z
791,"crasil.com",2,cons,"2-syllable coinage, punchy cluster onset, crisp -il hard ending",2026-07-24T03:30:54.033Z
792,"drixir.com",2,cons,"2-syllable coinage, punchy cluster onset, crisp -ir hard ending",2026-07-24T03:30:54.034Z
793,"flelar.com",2,cons,"2-syllable coinage, gleam gl/fl onset, crisp -ar hard ending",2026-07-24T03:30:54.034Z
794,"frezip.com",2,cons,"2-syllable coinage, hard-stop onset, crisp -ip hard ending",2026-07-24T03:30:54.035Z
795,"gluzut.com",2,cons,"2-syllable coinage, gleam gl/fl onset, crisp -ut hard ending",2026-07-24T03:30:54.034Z
796,"groxip.com",2,cons,"2-syllable coinage, punchy cluster onset, crisp -ip hard ending",2026-07-24T03:30:54.033Z
797,"pliril.com",2,cons,"2-syllable coinage, hard-stop onset, crisp -il hard ending",2026-07-24T03:30:54.034Z
798,"prupad.com",2,cons,"2-syllable coinage, punchy cluster onset, crisp -ad hard ending",2026-07-24T03:30:54.034Z
799,"slilis.com",2,cons,"2-syllable coinage, gleam gl/fl onset, crisp -is hard ending",2026-07-24T03:30:54.033Z
800,"spugil.com",2,cons,"2-syllable coinage, hard-stop onset, crisp -il hard ending",2026-07-24T03:30:54.034Z
801,"stroxex.com",2,cons,"2-syllable coinage, punchy cluster onset, crisp -ex hard ending",2026-07-24T03:30:54.034Z
802,"vrerus.com",2,cons,"2-syllable coinage, hard-stop onset, crisp -us hard ending",2026-07-24T03:30:54.034Z
803,"fumbed.com",2,cons,"2-syllable coinage, hard-stop onset, crisp -ed hard ending",2026-07-24T03:30:54.033Z
804,"nulkur.com",2,cons,"2-syllable coinage, hard-stop onset, crisp -ur hard ending",2026-07-24T03:30:54.033Z
805,"snutet.com",2,cons,"2-syllable coinage, hard-stop onset, crisp -et hard ending",2026-07-24T03:30:54.035Z
806,"blesal.com",2,cons,"2-syllable coinage, hard-stop onset, crisp -al hard ending",2026-07-24T03:30:54.032Z
807,"thrizes.com",2,cons,"2-syllable coinage, punchy cluster onset, crisp -es hard ending",2026-07-24T03:30:54.034Z
808,"crasul.com",2,cons,"2-syllable coinage, punchy cluster onset, crisp -ul hard ending",2026-07-24T03:30:54.033Z
809,"drorek.com",2,cons,"2-syllable coinage, punchy cluster onset, crisp -ek hard ending",2026-07-24T03:30:54.034Z
810,"fladep.com",2,cons,"2-syllable coinage, gleam gl/fl onset, crisp -ep hard ending",2026-07-24T03:30:54.033Z
811,"frivud.com",2,cons,"2-syllable coinage, hard-stop onset, crisp -ud hard ending",2026-07-24T03:30:54.034Z
812,"glalit.com",2,cons,"2-syllable coinage, gleam gl/fl onset, crisp -it hard ending",2026-07-24T03:30:54.034Z
813,"grubep.com",2,cons,"2-syllable coinage, punchy cluster onset, crisp -ep hard ending",2026-07-24T03:30:54.033Z
814,"plirir.com",2,cons,"2-syllable coinage, hard-stop onset, crisp -ir hard ending",2026-07-24T03:30:54.033Z
815,"slilos.com",2,cons,"2-syllable coinage, gleam gl/fl onset, crisp -os hard ending",2026-07-24T03:30:54.033Z
816,"spukor.com",2,cons,"2-syllable coinage, hard-stop onset, crisp -or hard ending",2026-07-24T03:30:54.033Z
817,"stroxux.com",2,cons,"2-syllable coinage, punchy cluster onset, crisp -ux hard ending",2026-07-24T03:30:54.034Z
818,"vrilek.com",2,cons,"2-syllable coinage, hard-stop onset, crisp -ek hard ending",2026-07-24T03:30:54.034Z
819,"fumisk.com",2,cons,"2-syllable coinage, hard-stop onset, crisp -sk hard ending",2026-07-24T03:30:54.034Z
820,"snutok.com",2,cons,"2-syllable coinage, hard-stop onset, crisp -ok hard ending",2026-07-24T03:30:54.034Z
821,"blesul.com",2,cons,"2-syllable coinage, hard-stop onset, crisp -ul hard ending",2026-07-24T03:30:54.032Z
822,"thrizos.com",2,cons,"2-syllable coinage, punchy cluster onset, crisp -os hard ending",2026-07-24T03:30:54.034Z
823,"cratir.com",2,cons,"2-syllable coinage, punchy cluster onset, crisp -ir hard ending",2026-07-24T03:30:54.034Z
824,"drufir.com",2,cons,"2-syllable coinage, punchy cluster onset, crisp -ir hard ending",2026-07-24T03:30:54.035Z
825,"fladup.com",2,cons,"2-syllable coinage, gleam gl/fl onset, crisp -up hard ending",2026-07-24T03:30:54.033Z
826,"frixop.com",2,cons,"2-syllable coinage, hard-stop onset, crisp -op hard ending",2026-07-24T03:30:54.034Z
827,"glesir.com",2,cons,"2-syllable coinage, gleam gl/fl onset, crisp -ir hard ending",2026-07-24T03:30:54.033Z
828,"plafop.com",2,cons,"2-syllable coinage, hard-stop onset, crisp -op hard ending",2026-07-24T03:30:54.034Z
829,"slilot.com",2,cons,"2-syllable coinage, gleam gl/fl onset, crisp -ot hard ending",2026-07-24T03:30:54.033Z
830,"spukur.com",2,cons,"2-syllable coinage, hard-stop onset, crisp -ur hard ending",2026-07-24T03:30:54.033Z
831,"strudot.com",2,cons,"2-syllable coinage, punchy cluster onset, crisp -ot hard ending",2026-07-24T03:30:54.034Z
832,"vrilet.com",2,cons,"2-syllable coinage, hard-stop onset, crisp -et hard ending",2026-07-24T03:30:54.034Z
833,"fumust.com",2,cons,"2-syllable coinage, hard-stop onset, crisp -st hard ending",2026-07-24T03:30:54.034Z
834,"snutus.com",2,cons,"2-syllable coinage, hard-stop onset, crisp -us hard ending",2026-07-24T03:30:54.034Z
835,"blexil.com",2,cons,"2-syllable coinage, hard-stop onset, crisp -il hard ending",2026-07-24T03:30:54.034Z
836,"thrizus.com",2,cons,"2-syllable coinage, punchy cluster onset, crisp -us hard ending",2026-07-24T03:30:54.034Z
837,"crerek.com",2,cons,"2-syllable coinage, punchy cluster onset, crisp -ek hard ending",2026-07-24T03:30:54.035Z
838,"dranur.com",2,cons,"2-syllable coinage, punchy cluster onset, crisp -ur hard ending",2026-07-24T03:30:54.033Z
839,"flogad.com",2,cons,"2-syllable coinage, gleam gl/fl onset, crisp -ad hard ending",2026-07-24T03:30:54.034Z
840,"frosad.com",2,cons,"2-syllable coinage, hard-stop onset, crisp -ad hard ending",2026-07-24T03:30:54.034Z
841,"glesul.com",2,cons,"2-syllable coinage, gleam gl/fl onset, crisp -ul hard ending",2026-07-24T03:30:54.034Z
842,"sliluk.com",2,cons,"2-syllable coinage, gleam gl/fl onset, crisp -uk hard ending",2026-07-24T03:30:54.033Z
843,"spolir.com",2,cons,"2-syllable coinage, hard-stop onset, crisp -ir hard ending",2026-07-24T03:30:54.034Z
844,"strudut.com",2,cons,"2-syllable coinage, punchy cluster onset, crisp -ut hard ending",2026-07-24T03:30:54.032Z
845,"vrilis.com",2,cons,"2-syllable coinage, hard-stop onset, crisp -is hard ending",2026-07-24T03:30:54.034Z
846,"funaph.com",2,cons,"2-syllable coinage, hard-stop onset, crisp -ph hard ending",2026-07-24T03:30:54.032Z
847,"snutut.com",2,cons,"2-syllable coinage, hard-stop onset, crisp -ut hard ending",2026-07-24T03:30:54.034Z
848,"blivir.com",2,cons,"2-syllable coinage, hard-stop onset, crisp -ir hard ending",2026-07-24T03:30:54.032Z
849,"throkuk.com",2,cons,"2-syllable coinage, punchy cluster onset, crisp -uk hard ending",2026-07-24T03:30:54.032Z
850,"cretil.com",2,cons,"2-syllable coinage, punchy cluster onset, crisp -il hard ending",2026-07-24T03:30:54.034Z
851,"dragop.com",2,cons,"2-syllable coinage, punchy cluster onset, crisp -op hard ending",2026-07-24T03:30:54.033Z
852,"frosud.com",2,cons,"2-syllable coinage, hard-stop onset, crisp -ud hard ending",2026-07-24T03:30:54.034Z
853,"glevul.com",2,cons,"2-syllable coinage, gleam gl/fl onset, crisp -ul hard ending",2026-07-24T03:30:54.034Z
854,"slipan.com",2,cons,"2-syllable coinage, gleam gl/fl onset, crisp -an hard ending",2026-07-24T03:30:54.033Z
855,"sprabak.com",2,cons,"2-syllable coinage, punchy cluster onset, crisp -ak hard ending",2026-07-24T03:30:54.035Z
856,"strukes.com",2,cons,"2-syllable coinage, punchy cluster onset, crisp -es hard ending",2026-07-24T03:30:54.034Z
857,"vrilit.com",2,cons,"2-syllable coinage, hard-stop onset, crisp -it hard ending",2026-07-24T03:30:54.034Z
858,"fuphem.com",2,cons,"2-syllable coinage, hard-stop onset, crisp -em hard ending",2026-07-24T03:30:54.033Z
859,"snedol.com",2,cons,"2-syllable coinage, hard-stop onset, crisp -ol hard ending",2026-07-24T03:30:54.033Z
860,"blixun.com",2,cons,"2-syllable coinage, hard-stop onset, crisp -un hard ending",2026-07-24T03:30:54.033Z
861,"thrukak.com",2,cons,"2-syllable coinage, punchy cluster onset, crisp -ak hard ending",2026-07-24T03:30:54.033Z
862,"crikar.com",2,cons,"2-syllable coinage, punchy cluster onset, crisp -ar hard ending",2026-07-24T03:30:54.033Z
863,"dredap.com",2,cons,"2-syllable coinage, punchy cluster onset, crisp -ap hard ending",2026-07-24T03:30:54.034Z
864,"frotud.com",2,cons,"2-syllable coinage, hard-stop onset, crisp -ud hard ending",2026-07-24T03:30:54.034Z
865,"glevun.com",2,cons,"2-syllable coinage, gleam gl/fl onset, crisp -un hard ending",2026-07-24T03:30:54.035Z
866,"slipun.com",2,cons,"2-syllable coinage, gleam gl/fl onset, crisp -un hard ending",2026-07-24T03:30:54.033Z
867,"sprabok.com",2,cons,"2-syllable coinage, punchy cluster onset, crisp -ok hard ending",2026-07-24T03:30:54.035Z
868,"strukos.com",2,cons,"2-syllable coinage, punchy cluster onset, crisp -os hard ending",2026-07-24T03:30:54.034Z
869,"vrilut.com",2,cons,"2-syllable coinage, hard-stop onset, crisp -ut hard ending",2026-07-24T03:30:54.034Z
870,"furdup.com",2,cons,"2-syllable coinage, hard-stop onset, crisp -up hard ending",2026-07-24T03:30:54.035Z
871,"snedur.com",2,cons,"2-syllable coinage, hard-stop onset, crisp -ur hard ending",2026-07-24T03:30:54.034Z
872,"blutir.com",2,cons,"2-syllable coinage, hard-stop onset, crisp -ir hard ending",2026-07-24T03:30:54.033Z
873,"thrukik.com",2,cons,"2-syllable coinage, punchy cluster onset, crisp -ik hard ending",2026-07-24T03:30:54.033Z
874,"crikil.com",2,cons,"2-syllable coinage, punchy cluster onset, crisp -il hard ending",2026-07-24T03:30:54.032Z
875,"drisid.com",2,cons,"2-syllable coinage, punchy cluster onset, crisp -id hard ending",2026-07-24T03:30:54.034Z
876,"frusod.com",2,cons,"2-syllable coinage, hard-stop onset, crisp -od hard ending",2026-07-24T03:30:54.034Z
877,"glinat.com",2,cons,"2-syllable coinage, gleam gl/fl onset, crisp -at hard ending",2026-07-24T03:30:54.033Z
878,"slobur.com",2,cons,"2-syllable coinage, gleam gl/fl onset, crisp -ur hard ending",2026-07-24T03:30:54.033Z
879,"spragex.com",2,cons,"2-syllable coinage, punchy cluster onset, crisp -ex hard ending",2026-07-24T03:30:54.033Z
880,"strasul.com",2,cons,"2-syllable coinage, punchy cluster onset, crisp -ul hard ending",2026-07-24T03:30:54.034Z
881,"vrorex.com",2,cons,"2-syllable coinage, hard-stop onset, crisp -ex hard ending",2026-07-24T03:30:54.033Z
882,"fusind.com",2,cons,"2-syllable coinage, hard-stop onset, crisp -nd hard ending",2026-07-24T03:30:54.034Z
883,"snemat.com",2,cons,"2-syllable coinage, hard-stop onset, crisp -at hard ending",2026-07-24T03:30:54.033Z
884,"thrukok.com",2,cons,"2-syllable coinage, punchy cluster onset, crisp -ok hard ending",2026-07-24T03:30:54.033Z
885,"crikul.com",2,cons,"2-syllable coinage, punchy cluster onset, crisp -ul hard ending",2026-07-24T03:30:54.032Z
886,"drixip.com",2,cons,"2-syllable coinage, punchy cluster onset, crisp -ip hard ending",2026-07-24T03:30:54.034Z
887,"fruvod.com",2,cons,"2-syllable coinage, hard-stop onset, crisp -od hard ending",2026-07-24T03:30:54.034Z
888,"glixol.com",2,cons,"2-syllable coinage, gleam gl/fl onset, crisp -ol hard ending",2026-07-24T03:30:54.035Z
889,"slopel.com",2,cons,"2-syllable coinage, gleam gl/fl onset, crisp -el hard ending",2026-07-24T03:30:54.032Z
890,"spragot.com",2,cons,"2-syllable coinage, punchy cluster onset, crisp -ot hard ending",2026-07-24T03:30:54.033Z
891,"strasun.com",2,cons,"2-syllable coinage, punchy cluster onset, crisp -un hard ending",2026-07-24T03:30:54.033Z
892,"vrorux.com",2,cons,"2-syllable coinage, hard-stop onset, crisp -ux hard ending",2026-07-24T03:30:54.034Z
893,"fusirt.com",2,cons,"2-syllable coinage, hard-stop onset, crisp -rt hard ending",2026-07-24T03:30:54.034Z
894,"snexal.com",2,cons,"2-syllable coinage, hard-stop onset, crisp -al hard ending",2026-07-24T03:30:54.035Z
895,"thrupak.com",2,cons,"2-syllable coinage, punchy cluster onset, crisp -ak hard ending",2026-07-24T03:30:54.034Z
896,"crogor.com",2,cons,"2-syllable coinage, punchy cluster onset, crisp -or hard ending",2026-07-24T03:30:54.033Z
897,"drofed.com",2,cons,"2-syllable coinage, punchy cluster onset, crisp -ed hard ending",2026-07-24T03:30:54.033Z
898,"glizol.com",2,cons,"2-syllable coinage, gleam gl/fl onset, crisp -ol hard ending",2026-07-24T03:30:54.033Z
899,"sludol.com",2,cons,"2-syllable coinage, gleam gl/fl onset, crisp -ol hard ending",2026-07-24T03:30:54.034Z
900,"spragux.com",2,cons,"2-syllable coinage, punchy cluster onset, crisp -ux hard ending",2026-07-24T03:30:54.033Z
901,"stravir.com",2,cons,"2-syllable coinage, punchy cluster onset, crisp -ir hard ending",2026-07-24T03:30:54.034Z
902,"vrudor.com",2,cons,"2-syllable coinage, hard-stop onset, crisp -or hard ending",2026-07-24T03:30:54.033Z
903,"snexel.com",2,cons,"2-syllable coinage, hard-stop onset, crisp -el hard ending",2026-07-24T03:30:54.035Z
904,"thrupik.com",2,cons,"2-syllable coinage, punchy cluster onset, crisp -ik hard ending",2026-07-24T03:30:54.034Z
905,"crogur.com",2,cons,"2-syllable coinage, punchy cluster onset, crisp -ur hard ending",2026-07-24T03:30:54.033Z
906,"drofid.com",2,cons,"2-syllable coinage, punchy cluster onset, crisp -id hard ending",2026-07-24T03:30:54.033Z
907,"glokur.com",2,cons,"2-syllable coinage, gleam gl/fl onset, crisp -ur hard ending",2026-07-24T03:30:54.034Z
908,"slufol.com",2,cons,"2-syllable coinage, gleam gl/fl onset, crisp -ol hard ending",2026-07-24T03:30:54.032Z
909,"spresax.com",2,cons,"2-syllable coinage, punchy cluster onset, crisp -ax hard ending",2026-07-24T03:30:54.034Z
910,"stravul.com",2,cons,"2-syllable coinage, punchy cluster onset, crisp -ul hard ending",2026-07-24T03:30:54.033Z
911,"vrudur.com",2,cons,"2-syllable coinage, hard-stop onset, crisp -ur hard ending",2026-07-24T03:30:54.033Z
912,"snexer.com",2,cons,"2-syllable coinage, hard-stop onset, crisp -er hard ending",2026-07-24T03:30:54.034Z
913,"crozar.com",2,cons,"2-syllable coinage, punchy cluster onset, crisp -ar hard ending",2026-07-24T03:30:54.033Z
914,"drutop.com",2,cons,"2-syllable coinage, punchy cluster onset, crisp -op hard ending",2026-07-24T03:30:54.033Z
915,"glolax.com",2,cons,"2-syllable coinage, gleam gl/fl onset, crisp -ax hard ending",2026-07-24T03:30:54.034Z
916,"slilir.com",2,cons,"2-syllable coinage, gleam gl/fl onset, crisp -ir hard ending",2026-07-24T03:30:54.032Z
917,"spreses.com",2,cons,"2-syllable coinage, punchy cluster onset, crisp -es hard ending",2026-07-24T03:30:54.033Z
918,"stredin.com",2,cons,"2-syllable coinage, punchy cluster onset, crisp -in hard ending",2026-07-24T03:30:54.032Z
919,"vrumet.com",2,cons,"2-syllable coinage, hard-stop onset, crisp -et hard ending",2026-07-24T03:30:54.034Z
920,"snexur.com",2,cons,"2-syllable coinage, hard-stop onset, crisp -ur hard ending",2026-07-24T03:30:54.034Z
921,"crozul.com",2,cons,"2-syllable coinage, punchy cluster onset, crisp -ul hard ending",2026-07-24T03:30:54.034Z
922,"gluful.com",2,cons,"2-syllable coinage, gleam gl/fl onset, crisp -ul hard ending",2026-07-24T03:30:54.034Z
923,"slavud.com",2,cons,"2-syllable coinage, gleam gl/fl onset, crisp -ud hard ending",2026-07-24T03:30:54.034Z
924,"spresix.com",2,cons,"2-syllable coinage, punchy cluster onset, crisp -ix hard ending",2026-07-24T03:30:54.034Z
925,"strevir.com",2,cons,"2-syllable coinage, punchy cluster onset, crisp -ir hard ending",2026-07-24T03:30:54.033Z
926,"vrumut.com",2,cons,"2-syllable coinage, hard-stop onset, crisp -ut hard ending",2026-07-24T03:30:54.034Z
927,"snilox.com",2,cons,"2-syllable coinage, hard-stop onset, crisp -ox hard ending",2026-07-24T03:30:54.034Z
928,"cruxul.com",2,cons,"2-syllable coinage, punchy cluster onset, crisp -ul hard ending",2026-07-24T03:30:54.034Z
929,"gluzir.com",2,cons,"2-syllable coinage, gleam gl/fl onset, crisp -ir hard ending",2026-07-24T03:30:54.033Z
930,"slevid.com",2,cons,"2-syllable coinage, gleam gl/fl onset, crisp -id hard ending",2026-07-24T03:30:54.033Z
931,"spresos.com",2,cons,"2-syllable coinage, punchy cluster onset, crisp -os hard ending",2026-07-24T03:30:54.033Z
932,"strifel.com",2,cons,"2-syllable coinage, punchy cluster onset, crisp -el hard ending",2026-07-24T03:30:54.034Z
933,"vruvan.com",2,cons,"2-syllable coinage, hard-stop onset, crisp -an hard ending",2026-07-24T03:30:54.033Z
934,"snivir.com",2,cons,"2-syllable coinage, hard-stop onset, crisp -ir hard ending",2026-07-24T03:30:54.033Z
935,"crerel.com",2,cons,"2-syllable coinage, punchy cluster onset, crisp -el hard ending",2026-07-24T03:30:54.033Z
936,"gluzor.com",2,cons,"2-syllable coinage, gleam gl/fl onset, crisp -or hard ending",2026-07-24T03:30:54.033Z
937,"slevud.com",2,cons,"2-syllable coinage, gleam gl/fl onset, crisp -ud hard ending",2026-07-24T03:30:54.033Z
938,"spresus.com",2,cons,"2-syllable coinage, punchy cluster onset, crisp -us hard ending",2026-07-24T03:30:54.033Z
939,"strifen.com",2,cons,"2-syllable coinage, punchy cluster onset, crisp -en hard ending",2026-07-24T03:30:54.033Z
940,"vruven.com",2,cons,"2-syllable coinage, hard-stop onset, crisp -en hard ending",2026-07-24T03:30:54.033Z
941,"snivol.com",2,cons,"2-syllable coinage, hard-stop onset, crisp -ol hard ending",2026-07-24T03:30:54.034Z
942,"creril.com",2,cons,"2-syllable coinage, punchy cluster onset, crisp -il hard ending",2026-07-24T03:30:54.033Z
943,"glolur.com",2,cons,"2-syllable coinage, gleam gl/fl onset, crisp -ur hard ending",2026-07-24T03:30:54.035Z
944,"slobep.com",2,cons,"2-syllable coinage, gleam gl/fl onset, crisp -ep hard ending",2026-07-24T03:30:54.034Z
945,"spretes.com",2,cons,"2-syllable coinage, punchy cluster onset, crisp -es hard ending",2026-07-24T03:30:54.034Z
946,"strifil.com",2,cons,"2-syllable coinage, punchy cluster onset, crisp -il hard ending",2026-07-24T03:30:54.034Z
947,"vruver.com",2,cons,"2-syllable coinage, hard-stop onset, crisp -er hard ending",2026-07-24T03:30:54.035Z
948,"snizal.com",2,cons,"2-syllable coinage, hard-stop onset, crisp -al hard ending",2026-07-24T03:30:54.034Z
949,"crilir.com",2,cons,"2-syllable coinage, punchy cluster onset, crisp -ir hard ending",2026-07-24T03:30:54.034Z
950,"glabud.com",2,cons,"2-syllable coinage, gleam gl/fl onset, crisp -ud hard ending",2026-07-24T03:30:54.034Z
951,"slobup.com",2,cons,"2-syllable coinage, gleam gl/fl onset, crisp -up hard ending",2026-07-24T03:30:54.034Z
952,"spretet.com",2,cons,"2-syllable coinage, punchy cluster onset, crisp -et hard ending",2026-07-24T03:30:54.034Z
953,"strifin.com",2,cons,"2-syllable coinage, punchy cluster onset, crisp -in hard ending",2026-07-24T03:30:54.033Z
954,"vruvol.com",2,cons,"2-syllable coinage, hard-stop onset, crisp -ol hard ending",2026-07-24T03:30:54.034Z
955,"snizan.com",2,cons,"2-syllable coinage, hard-stop onset, crisp -an hard ending",2026-07-24T03:30:54.032Z
956,"crafap.com",2,cons,"2-syllable coinage, punchy cluster onset, crisp -ap hard ending",2026-07-24T03:30:54.034Z
957,"glakid.com",2,cons,"2-syllable coinage, gleam gl/fl onset, crisp -id hard ending",2026-07-24T03:30:54.034Z
958,"slufed.com",2,cons,"2-syllable coinage, gleam gl/fl onset, crisp -ed hard ending",2026-07-24T03:30:54.034Z
959,"spretox.com",2,cons,"2-syllable coinage, punchy cluster onset, crisp -ox hard ending",2026-07-24T03:30:54.034Z
960,"stroxar.com",2,cons,"2-syllable coinage, punchy cluster onset, crisp -ar hard ending",2026-07-24T03:30:54.033Z
961,"vruvon.com",2,cons,"2-syllable coinage, hard-stop onset, crisp -on hard ending",2026-07-24T03:30:54.032Z
962,"snizar.com",2,cons,"2-syllable coinage, hard-stop onset, crisp -ar hard ending",2026-07-24T03:30:54.035Z
963,"crikap.com",2,cons,"2-syllable coinage, punchy cluster onset, crisp -ap hard ending",2026-07-24T03:30:54.034Z
964,"glakud.com",2,cons,"2-syllable coinage, gleam gl/fl onset, crisp -ud hard ending",2026-07-24T03:30:54.034Z
965,"sluzip.com",2,cons,"2-syllable coinage, gleam gl/fl onset, crisp -ip hard ending",2026-07-24T03:30:54.034Z
966,"spretut.com",2,cons,"2-syllable coinage, punchy cluster onset, crisp -ut hard ending",2026-07-24T03:30:54.034Z
967,"strukor.com",2,cons,"2-syllable coinage, punchy cluster onset, crisp -or hard ending",2026-07-24T03:30:54.034Z
968,"vruvor.com",2,cons,"2-syllable coinage, hard-stop onset, crisp -or hard ending",2026-07-24T03:30:54.035Z
969,"snizon.com",2,cons,"2-syllable coinage, hard-stop onset, crisp -on hard ending",2026-07-24T03:30:54.032Z
970,"crogop.com",2,cons,"2-syllable coinage, punchy cluster onset, crisp -op hard ending",2026-07-24T03:30:54.034Z
971,"glavod.com",2,cons,"2-syllable coinage, gleam gl/fl onset, crisp -od hard ending",2026-07-24T03:30:54.034Z
972,"sluzod.com",2,cons,"2-syllable coinage, gleam gl/fl onset, crisp -od hard ending",2026-07-24T03:30:54.034Z
973,"sprezat.com",2,cons,"2-syllable coinage, punchy cluster onset, crisp -at hard ending",2026-07-24T03:30:54.034Z
974,"strukur.com",2,cons,"2-syllable coinage, punchy cluster onset, crisp -ur hard ending",2026-07-24T03:30:54.034Z
975,"vruvur.com",2,cons,"2-syllable coinage, hard-stop onset, crisp -ur hard ending",2026-07-24T03:30:54.035Z
976,"snizul.com",2,cons,"2-syllable coinage, hard-stop onset, crisp -ul hard ending",2026-07-24T03:30:54.033Z
977,"croxid.com",2,cons,"2-syllable coinage, punchy cluster onset, crisp -id hard ending",2026-07-24T03:30:54.035Z
978,"glexod.com",2,cons,"2-syllable coinage, gleam gl/fl onset, crisp -od hard ending",2026-07-24T03:30:54.034Z
979,"sprezut.com",2,cons,"2-syllable coinage, punchy cluster onset, crisp -ut hard ending",2026-07-24T03:30:54.034Z
980,"strurax.com",2,cons,"2-syllable coinage, punchy cluster onset, crisp -ax hard ending",2026-07-24T03:30:54.033Z
981,"vralol.com",2,cons,"2-syllable coinage, hard-stop onset, crisp -ol hard ending",2026-07-24T03:30:54.034Z
982,"snizun.com",2,cons,"2-syllable coinage, hard-stop onset, crisp -un hard ending",2026-07-24T03:30:54.032Z
983,"crozop.com",2,cons,"2-syllable coinage, punchy cluster onset, crisp -op hard ending",2026-07-24T03:30:54.034Z
984,"glisid.com",2,cons,"2-syllable coinage, gleam gl/fl onset, crisp -id hard ending",2026-07-24T03:30:54.035Z
985,"sprivax.com",2,cons,"2-syllable coinage, punchy cluster onset, crisp -ax hard ending",2026-07-24T03:30:54.034Z
986,"strures.com",2,cons,"2-syllable coinage, punchy cluster onset, crisp -es hard ending",2026-07-24T03:30:54.032Z
987,"vrenol.com",2,cons,"2-syllable coinage, hard-stop onset, crisp -ol hard ending",2026-07-24T03:30:54.033Z
988,"snobur.com",2,cons,"2-syllable coinage, hard-stop onset, crisp -ur hard ending",2026-07-24T03:30:54.034Z
989,"crudep.com",2,cons,"2-syllable coinage, punchy cluster onset, crisp -ep hard ending",2026-07-24T03:30:54.034Z
990,"glisud.com",2,cons,"2-syllable coinage, gleam gl/fl onset, crisp -ud hard ending",2026-07-24T03:30:54.034Z
991,"sprivix.com",2,cons,"2-syllable coinage, punchy cluster onset, crisp -ix hard ending",2026-07-24T03:30:54.034Z
992,"strurix.com",2,cons,"2-syllable coinage, punchy cluster onset, crisp -ix hard ending",2026-07-24T03:30:54.033Z
993,"vrerer.com",2,cons,"2-syllable coinage, hard-stop onset, crisp -er hard ending",2026-07-24T03:30:54.035Z
994,"snokir.com",2,cons,"2-syllable coinage, hard-stop onset, crisp -ir hard ending",2026-07-24T03:30:54.032Z
995,"crukop.com",2,cons,"2-syllable coinage, punchy cluster onset, crisp -op hard ending",2026-07-24T03:30:54.034Z
996,"glitod.com",2,cons,"2-syllable coinage, gleam gl/fl onset, crisp -od hard ending",2026-07-24T03:30:54.033Z
997,"sprivot.com",2,cons,"2-syllable coinage, punchy cluster onset, crisp -ot hard ending",2026-07-24T03:30:54.034Z
998,"strurus.com",2,cons,"2-syllable coinage, punchy cluster onset, crisp -us hard ending",2026-07-24T03:30:54.032Z
999,"vreror.com",2,cons,"2-syllable coinage, hard-stop onset, crisp -or hard ending",2026-07-24T03:30:54.035Z
1000,"snovol.com",2,cons,"2-syllable coinage, hard-stop onset, crisp -ol hard ending",2026-07-24T03:30:54.033Z
