rank,domain,theme,why_it_is_clever,checked_at
1,"agentetto.com",coding,"""agent"" (an AI that acts on its own) + ""-etto"" (little one (Italian diminutive)) — evokes agent with a sense of little one.",2026-07-23T22:05:03.813Z
2,"agentvel.com",coding,"""agent"" (an AI that acts on its own) + ""-vel"" (swift and lively (from velocity)) — evokes agent with a sense of swift and lively.",2026-07-23T22:05:03.813Z
3,"arrayari.com",coding,"""array"" (an ordered list of values) + ""-ari"" (a maker or keeper) — evokes array with a sense of a maker or keeper.",2026-07-23T22:05:03.813Z
4,"arrayaura.com",coding,"""array"" (an ordered list of values) + ""-aura"" (a glow or atmosphere) — evokes array with a sense of a glow or atmosphere.",2026-07-23T22:05:03.813Z
5,"arrayeon.com",coding,"""array"" (an ordered list of values) + ""-eon"" (an age / something lasting) — evokes array with a sense of an age / something lasting.",2026-07-23T22:05:03.813Z
6,"arrayetto.com",coding,"""array"" (an ordered list of values) + ""-etto"" (little one (Italian diminutive)) — evokes array with a sense of little one.",2026-07-23T22:05:03.813Z
7,"arrayika.com",coding,"""array"" (an ordered list of values) + ""-ika"" (bright and quick (playful coinage)) — evokes array with a sense of bright and quick.",2026-07-23T22:05:03.813Z
8,"arraylume.com",coding,"""array"" (an ordered list of values) + ""-lume"" (light (from Latin lumen)) — evokes array with a sense of light.",2026-07-23T22:05:03.813Z
9,"arraymira.com",coding,"""array"" (an ordered list of values) + ""-mira"" (wonder (from Latin mirari, to marvel)) — evokes array with a sense of wonder.",2026-07-23T22:05:03.813Z
10,"arrayora.com",coding,"""array"" (an ordered list of values) + ""-ora"" (an hour / a shining moment) — evokes array with a sense of an hour / a shining moment.",2026-07-23T22:05:03.813Z
11,"arrayoso.com",coding,"""array"" (an ordered list of values) + ""-oso"" (full of (Spanish/Italian -oso)) — evokes array with a sense of full of.",2026-07-23T22:05:03.813Z
12,"arrayova.com",coding,"""array"" (an ordered list of values) + ""-ova"" (new (from Latin novus)) — evokes array with a sense of new.",2026-07-23T22:05:03.813Z
13,"arrayvel.com",coding,"""array"" (an ordered list of values) + ""-vel"" (swift and lively (from velocity)) — evokes array with a sense of swift and lively.",2026-07-23T22:05:03.813Z
14,"asyncari.com",coding,"""async"" (code that runs without waiting) + ""-ari"" (a maker or keeper) — evokes async with a sense of a maker or keeper.",2026-07-23T22:05:03.813Z
15,"asyncaura.com",coding,"""async"" (code that runs without waiting) + ""-aura"" (a glow or atmosphere) — evokes async with a sense of a glow or atmosphere.",2026-07-23T22:05:03.813Z
16,"asynceon.com",coding,"""async"" (code that runs without waiting) + ""-eon"" (an age / something lasting) — evokes async with a sense of an age / something lasting.",2026-07-23T22:05:03.813Z
17,"asyncetto.com",coding,"""async"" (code that runs without waiting) + ""-etto"" (little one (Italian diminutive)) — evokes async with a sense of little one.",2026-07-23T22:05:03.813Z
18,"asyncika.com",coding,"""async"" (code that runs without waiting) + ""-ika"" (bright and quick (playful coinage)) — evokes async with a sense of bright and quick.",2026-07-23T22:05:03.813Z
19,"asynclume.com",coding,"""async"" (code that runs without waiting) + ""-lume"" (light (from Latin lumen)) — evokes async with a sense of light.",2026-07-23T22:05:03.813Z
20,"asyncmira.com",coding,"""async"" (code that runs without waiting) + ""-mira"" (wonder (from Latin mirari, to marvel)) — evokes async with a sense of wonder.",2026-07-23T22:05:03.813Z
21,"asyncoso.com",coding,"""async"" (code that runs without waiting) + ""-oso"" (full of (Spanish/Italian -oso)) — evokes async with a sense of full of.",2026-07-23T22:05:03.813Z
22,"asyncvel.com",coding,"""async"" (code that runs without waiting) + ""-vel"" (swift and lively (from velocity)) — evokes async with a sense of swift and lively.",2026-07-23T22:05:03.813Z
23,"asyncyx.com",coding,"""async"" (code that runs without waiting) + ""-yx"" (crystalline finish (like onyx)) — evokes async with a sense of crystalline finish.",2026-07-23T22:05:03.813Z
24,"awaitaura.com",coding,"""await"" (to pause for an async result) + ""-aura"" (a glow or atmosphere) — evokes await with a sense of a glow or atmosphere.",2026-07-23T22:08:39.207Z
25,"awaitcairn.com",coding,"""await"" (to pause for an async result) + ""-cairn"" (a stack of stones that marks a path) — evokes await with a sense of a stack of stones that marks a path.",2026-07-23T22:08:39.207Z
26,"awaiteon.com",coding,"""await"" (to pause for an async result) + ""-eon"" (an age / something lasting) — evokes await with a sense of an age / something lasting.",2026-07-23T22:08:39.207Z
27,"awaitera.com",coding,"""await"" (to pause for an async result) + ""-era"" (an age of its own) — evokes await with a sense of an age of its own.",2026-07-23T22:08:39.207Z
28,"awaitflux.com",coding,"""await"" (to pause for an async result) + ""-flux"" (flow / constant motion) — evokes await with a sense of flow / constant motion.",2026-07-23T22:08:39.207Z
29,"awaitix.com",coding,"""await"" (to pause for an async result) + ""-ix"" (a crisp modern tail (like Netflix)) — evokes await with a sense of a crisp modern tail.",2026-07-23T22:08:39.207Z
30,"awaitlume.com",coding,"""await"" (to pause for an async result) + ""-lume"" (light (from Latin lumen)) — evokes await with a sense of light.",2026-07-23T22:08:39.207Z
31,"awaitmira.com",coding,"""await"" (to pause for an async result) + ""-mira"" (wonder (from Latin mirari)) — evokes await with a sense of wonder.",2026-07-23T22:08:39.207Z
32,"awaitora.com",coding,"""await"" (to pause for an async result) + ""-ora"" (an hour / a shining moment) — evokes await with a sense of an hour / a shining moment.",2026-07-23T22:08:39.207Z
33,"awaitova.com",coding,"""await"" (to pause for an async result) + ""-ova"" (new (from Latin novus)) — evokes await with a sense of new.",2026-07-23T22:08:39.207Z
34,"awaitrune.com",coding,"""await"" (to pause for an async result) + ""-rune"" (an ancient symbol of meaning) — evokes await with a sense of an ancient symbol of meaning.",2026-07-23T22:08:39.207Z
35,"awaitsigil.com",coding,"""await"" (to pause for an async result) + ""-sigil"" (a symbol with power) — evokes await with a sense of a symbol with power.",2026-07-23T22:08:39.207Z
36,"awaitvel.com",coding,"""await"" (to pause for an async result) + ""-vel"" (swift and lively (from velocity)) — evokes await with a sense of swift and lively.",2026-07-23T22:08:39.207Z
37,"awaitwave.com",coding,"""await"" (to pause for an async result) + ""-wave"" (a moving pulse) — evokes await with a sense of a moving pulse.",2026-07-23T22:08:39.207Z
38,"axoncairn.com",coding,"""axon"" (a nerve fiber that carries signals) + ""-cairn"" (a stack of stones that marks a path) — evokes axon with a sense of a stack of stones that marks a path.",2026-07-23T22:08:39.207Z
39,"axonmira.com",coding,"""axon"" (a nerve fiber that carries signals) + ""-mira"" (wonder (from Latin mirari)) — evokes axon with a sense of wonder.",2026-07-23T22:08:39.207Z
40,"axonrune.com",coding,"""axon"" (a nerve fiber that carries signals) + ""-rune"" (an ancient symbol of meaning) — evokes axon with a sense of an ancient symbol of meaning.",2026-07-23T22:08:39.207Z
41,"axonsigil.com",coding,"""axon"" (a nerve fiber that carries signals) + ""-sigil"" (a symbol with power) — evokes axon with a sense of a symbol with power.",2026-07-23T22:08:39.207Z
42,"axonvel.com",coding,"""axon"" (a nerve fiber that carries signals) + ""-vel"" (swift and lively (from velocity)) — evokes axon with a sense of swift and lively.",2026-07-23T22:08:39.207Z
43,"binaryari.com",coding,"""binary"" (the ones-and-zeros of computers) + ""-ari"" (a maker or keeper) — evokes binary with a sense of a maker or keeper.",2026-07-23T22:05:03.813Z
44,"binaryetto.com",coding,"""binary"" (the ones-and-zeros of computers) + ""-etto"" (little one (Italian diminutive)) — evokes binary with a sense of little one.",2026-07-23T22:05:03.813Z
45,"binaryika.com",coding,"""binary"" (the ones-and-zeros of computers) + ""-ika"" (bright and quick (playful coinage)) — evokes binary with a sense of bright and quick.",2026-07-23T22:05:03.813Z
46,"binarylume.com",coding,"""binary"" (the ones-and-zeros of computers) + ""-lume"" (light (from Latin lumen)) — evokes binary with a sense of light.",2026-07-23T22:05:03.813Z
47,"binarymira.com",coding,"""binary"" (the ones-and-zeros of computers) + ""-mira"" (wonder (from Latin mirari, to marvel)) — evokes binary with a sense of wonder.",2026-07-23T22:05:03.813Z
48,"binaryora.com",coding,"""binary"" (the ones-and-zeros of computers) + ""-ora"" (an hour / a shining moment) — evokes binary with a sense of an hour / a shining moment.",2026-07-23T22:05:03.813Z
49,"binaryoso.com",coding,"""binary"" (the ones-and-zeros of computers) + ""-oso"" (full of (Spanish/Italian -oso)) — evokes binary with a sense of full of.",2026-07-23T22:05:03.813Z
50,"binaryvel.com",coding,"""binary"" (the ones-and-zeros of computers) + ""-vel"" (swift and lively (from velocity)) — evokes binary with a sense of swift and lively.",2026-07-23T22:05:03.813Z
51,"branchari.com",coding,"""branch"" (a parallel line of code) + ""-ari"" (a maker or keeper) — evokes branch with a sense of a maker or keeper.",2026-07-23T22:05:03.812Z
52,"branchaura.com",coding,"""branch"" (a parallel line of code) + ""-aura"" (a glow or atmosphere) — evokes branch with a sense of a glow or atmosphere.",2026-07-23T22:05:03.812Z
53,"brancheon.com",coding,"""branch"" (a parallel line of code) + ""-eon"" (an age / something lasting) — evokes branch with a sense of an age / something lasting.",2026-07-23T22:05:03.812Z
54,"branchetto.com",coding,"""branch"" (a parallel line of code) + ""-etto"" (little one (Italian diminutive)) — evokes branch with a sense of little one.",2026-07-23T22:05:03.812Z
55,"branchika.com",coding,"""branch"" (a parallel line of code) + ""-ika"" (bright and quick (playful coinage)) — evokes branch with a sense of bright and quick.",2026-07-23T22:05:03.812Z
56,"branchlume.com",coding,"""branch"" (a parallel line of code) + ""-lume"" (light (from Latin lumen)) — evokes branch with a sense of light.",2026-07-23T22:05:03.812Z
57,"branchmira.com",coding,"""branch"" (a parallel line of code) + ""-mira"" (wonder (from Latin mirari, to marvel)) — evokes branch with a sense of wonder.",2026-07-23T22:05:03.812Z
58,"branchoso.com",coding,"""branch"" (a parallel line of code) + ""-oso"" (full of (Spanish/Italian -oso)) — evokes branch with a sense of full of.",2026-07-23T22:05:03.812Z
59,"branchova.com",coding,"""branch"" (a parallel line of code) + ""-ova"" (new (from Latin novus)) — evokes branch with a sense of new.",2026-07-23T22:05:03.812Z
60,"branchvel.com",coding,"""branch"" (a parallel line of code) + ""-vel"" (swift and lively (from velocity)) — evokes branch with a sense of swift and lively.",2026-07-23T22:05:03.812Z
61,"branchyx.com",coding,"""branch"" (a parallel line of code) + ""-yx"" (crystalline finish (like onyx)) — evokes branch with a sense of crystalline finish.",2026-07-23T22:05:03.812Z
62,"bufferari.com",coding,"""buffer"" (a holding area for text) + ""-ari"" (a maker or keeper) — evokes buffer with a sense of a maker or keeper.",2026-07-23T22:05:03.813Z
63,"bufferaura.com",coding,"""buffer"" (a holding area for text) + ""-aura"" (a glow or atmosphere) — evokes buffer with a sense of a glow or atmosphere.",2026-07-23T22:05:03.813Z
64,"buffereon.com",coding,"""buffer"" (a holding area for text) + ""-eon"" (an age / something lasting) — evokes buffer with a sense of an age / something lasting.",2026-07-23T22:05:03.813Z
65,"bufferetto.com",coding,"""buffer"" (a holding area for text) + ""-etto"" (little one (Italian diminutive)) — evokes buffer with a sense of little one.",2026-07-23T22:05:03.813Z
66,"bufferflux.com",coding,"""buffer"" (a holding area for text) + ""-flux"" (flow / constant motion) — evokes buffer with a sense of flow / constant motion.",2026-07-23T22:05:03.813Z
67,"bufferika.com",coding,"""buffer"" (a holding area for text) + ""-ika"" (bright and quick (playful coinage)) — evokes buffer with a sense of bright and quick.",2026-07-23T22:05:03.813Z
68,"bufferlume.com",coding,"""buffer"" (a holding area for text) + ""-lume"" (light (from Latin lumen)) — evokes buffer with a sense of light.",2026-07-23T22:05:03.813Z
69,"buffermira.com",coding,"""buffer"" (a holding area for text) + ""-mira"" (wonder (from Latin mirari, to marvel)) — evokes buffer with a sense of wonder.",2026-07-23T22:05:03.813Z
70,"bufferora.com",coding,"""buffer"" (a holding area for text) + ""-ora"" (an hour / a shining moment) — evokes buffer with a sense of an hour / a shining moment.",2026-07-23T22:05:03.813Z
71,"bufferoso.com",coding,"""buffer"" (a holding area for text) + ""-oso"" (full of (Spanish/Italian -oso)) — evokes buffer with a sense of full of.",2026-07-23T22:05:03.813Z
72,"bufferova.com",coding,"""buffer"" (a holding area for text) + ""-ova"" (new (from Latin novus)) — evokes buffer with a sense of new.",2026-07-23T22:05:03.813Z
73,"buffervel.com",coding,"""buffer"" (a holding area for text) + ""-vel"" (swift and lively (from velocity)) — evokes buffer with a sense of swift and lively.",2026-07-23T22:05:03.813Z
74,"bufferyx.com",coding,"""buffer"" (a holding area for text) + ""-yx"" (crystalline finish (like onyx)) — evokes buffer with a sense of crystalline finish.",2026-07-23T22:05:03.813Z
75,"buildetto.com",coding,"""build"" (to assemble a program) + ""-etto"" (little one (Italian diminutive)) — evokes build with a sense of little one.",2026-07-23T22:05:03.813Z
76,"buildoso.com",coding,"""build"" (to assemble a program) + ""-oso"" (full of (Spanish/Italian -oso)) — evokes build with a sense of full of.",2026-07-23T22:05:03.813Z
77,"byteari.com",coding,"""byte"" (eight bits of data) + ""-ari"" (a maker or keeper) — evokes byte with a sense of a maker or keeper.",2026-07-23T22:05:03.813Z
78,"byteika.com",coding,"""byte"" (eight bits of data) + ""-ika"" (bright and quick (playful coinage)) — evokes byte with a sense of bright and quick.",2026-07-23T22:05:03.813Z
79,"byteoso.com",coding,"""byte"" (eight bits of data) + ""-oso"" (full of (Spanish/Italian -oso)) — evokes byte with a sense of full of.",2026-07-23T22:05:03.813Z
80,"byteura.com",coding,"""byte"" (eight bits of data) + ""-aura"" (a glow or atmosphere) — evokes byte with a sense of a glow or atmosphere.",2026-07-23T22:05:03.813Z
81,"bytevel.com",coding,"""byte"" (eight bits of data) + ""-vel"" (swift and lively (from velocity)) — evokes byte with a sense of swift and lively.",2026-07-23T22:05:03.813Z
82,"byteyx.com",coding,"""byte"" (eight bits of data) + ""-yx"" (crystalline finish (like onyx)) — evokes byte with a sense of crystalline finish.",2026-07-23T22:05:03.813Z
83,"cacheari.com",coding,"""cache"" (fast temporary storage) + ""-ari"" (a maker or keeper) — evokes cache with a sense of a maker or keeper.",2026-07-23T22:05:03.813Z
84,"cacheika.com",coding,"""cache"" (fast temporary storage) + ""-ika"" (bright and quick (playful coinage)) — evokes cache with a sense of bright and quick.",2026-07-23T22:05:03.813Z
85,"cacheora.com",coding,"""cache"" (fast temporary storage) + ""-ora"" (an hour / a shining moment) — evokes cache with a sense of an hour / a shining moment.",2026-07-23T22:05:03.813Z
86,"cacheoso.com",coding,"""cache"" (fast temporary storage) + ""-oso"" (full of (Spanish/Italian -oso)) — evokes cache with a sense of full of.",2026-07-23T22:05:03.813Z
87,"cacheova.com",coding,"""cache"" (fast temporary storage) + ""-ova"" (new (from Latin novus)) — evokes cache with a sense of new.",2026-07-23T22:05:03.813Z
88,"cacheura.com",coding,"""cache"" (fast temporary storage) + ""-aura"" (a glow or atmosphere) — evokes cache with a sense of a glow or atmosphere.",2026-07-23T22:05:03.813Z
89,"cachevel.com",coding,"""cache"" (fast temporary storage) + ""-vel"" (swift and lively (from velocity)) — evokes cache with a sense of swift and lively.",2026-07-23T22:05:03.813Z
90,"cacheyx.com",coding,"""cache"" (fast temporary storage) + ""-yx"" (crystalline finish (like onyx)) — evokes cache with a sense of crystalline finish.",2026-07-23T22:05:03.813Z
91,"caretari.com",coding,"""caret"" (the text-insertion mark) + ""-ari"" (a maker or keeper) — evokes caret with a sense of a maker or keeper.",2026-07-23T22:05:03.813Z
92,"caretaura.com",coding,"""caret"" (the text-insertion mark) + ""-aura"" (a glow or atmosphere) — evokes caret with a sense of a glow or atmosphere.",2026-07-23T22:05:03.813Z
93,"careteon.com",coding,"""caret"" (the text-insertion mark) + ""-eon"" (an age / something lasting) — evokes caret with a sense of an age / something lasting.",2026-07-23T22:05:03.813Z
94,"caretetto.com",coding,"""caret"" (the text-insertion mark) + ""-etto"" (little one (Italian diminutive)) — evokes caret with a sense of little one.",2026-07-23T22:05:03.813Z
95,"caretlume.com",coding,"""caret"" (the text-insertion mark) + ""-lume"" (light (from Latin lumen)) — evokes caret with a sense of light.",2026-07-23T22:05:03.813Z
96,"caretmira.com",coding,"""caret"" (the text-insertion mark) + ""-mira"" (wonder (from Latin mirari, to marvel)) — evokes caret with a sense of wonder.",2026-07-23T22:05:03.813Z
97,"caretoso.com",coding,"""caret"" (the text-insertion mark) + ""-oso"" (full of (Spanish/Italian -oso)) — evokes caret with a sense of full of.",2026-07-23T22:05:03.813Z
98,"caretova.com",coding,"""caret"" (the text-insertion mark) + ""-ova"" (new (from Latin novus)) — evokes caret with a sense of new.",2026-07-23T22:05:03.813Z
99,"caretvel.com",coding,"""caret"" (the text-insertion mark) + ""-vel"" (swift and lively (from velocity)) — evokes caret with a sense of swift and lively.",2026-07-23T22:05:03.813Z
100,"caretyx.com",coding,"""caret"" (the text-insertion mark) + ""-yx"" (crystalline finish (like onyx)) — evokes caret with a sense of crystalline finish.",2026-07-23T22:05:03.813Z
101,"checksumaura.com",coding,"""checksum"" (a value that verifies data) + ""-aura"" (a glow or atmosphere) — evokes checksum with a sense of a glow or atmosphere.",2026-07-23T22:08:39.207Z
102,"checksumcairn.com",coding,"""checksum"" (a value that verifies data) + ""-cairn"" (a stack of stones that marks a path) — evokes checksum with a sense of a stack of stones that marks a path.",2026-07-23T22:08:39.207Z
103,"checksumeon.com",coding,"""checksum"" (a value that verifies data) + ""-eon"" (an age / something lasting) — evokes checksum with a sense of an age / something lasting.",2026-07-23T22:08:39.207Z
104,"checksumera.com",coding,"""checksum"" (a value that verifies data) + ""-era"" (an age of its own) — evokes checksum with a sense of an age of its own.",2026-07-23T22:08:39.207Z
105,"checksumflux.com",coding,"""checksum"" (a value that verifies data) + ""-flux"" (flow / constant motion) — evokes checksum with a sense of flow / constant motion.",2026-07-23T22:08:39.207Z
106,"checksumira.com",coding,"""checksum"" (a value that verifies data) + ""-mira"" (wonder (from Latin mirari)) — evokes checksum with a sense of wonder.",2026-07-23T22:08:39.207Z
107,"checksumix.com",coding,"""checksum"" (a value that verifies data) + ""-ix"" (a crisp modern tail (like Netflix)) — evokes checksum with a sense of a crisp modern tail.",2026-07-23T22:08:39.207Z
108,"checksumlume.com",coding,"""checksum"" (a value that verifies data) + ""-lume"" (light (from Latin lumen)) — evokes checksum with a sense of light.",2026-07-23T22:08:39.207Z
109,"checksumora.com",coding,"""checksum"" (a value that verifies data) + ""-ora"" (an hour / a shining moment) — evokes checksum with a sense of an hour / a shining moment.",2026-07-23T22:08:39.207Z
110,"checksumova.com",coding,"""checksum"" (a value that verifies data) + ""-ova"" (new (from Latin novus)) — evokes checksum with a sense of new.",2026-07-23T22:08:39.207Z
111,"checksumrune.com",coding,"""checksum"" (a value that verifies data) + ""-rune"" (an ancient symbol of meaning) — evokes checksum with a sense of an ancient symbol of meaning.",2026-07-23T22:08:39.207Z
112,"checksumsigil.com",coding,"""checksum"" (a value that verifies data) + ""-sigil"" (a symbol with power) — evokes checksum with a sense of a symbol with power.",2026-07-23T22:08:39.207Z
113,"checksumvel.com",coding,"""checksum"" (a value that verifies data) + ""-vel"" (swift and lively (from velocity)) — evokes checksum with a sense of swift and lively.",2026-07-23T22:08:39.207Z
114,"checksumwave.com",coding,"""checksum"" (a value that verifies data) + ""-wave"" (a moving pulse) — evokes checksum with a sense of a moving pulse.",2026-07-23T22:08:39.207Z
115,"cipherari.com",coding,"""cipher"" (a code that hides data) + ""-ari"" (a maker or keeper) — evokes cipher with a sense of a maker or keeper.",2026-07-23T22:05:03.813Z
116,"cipheretto.com",coding,"""cipher"" (a code that hides data) + ""-etto"" (little one (Italian diminutive)) — evokes cipher with a sense of little one.",2026-07-23T22:05:03.813Z
117,"cipherika.com",coding,"""cipher"" (a code that hides data) + ""-ika"" (bright and quick (playful coinage)) — evokes cipher with a sense of bright and quick.",2026-07-23T22:05:03.813Z
118,"ciphermira.com",coding,"""cipher"" (a code that hides data) + ""-mira"" (wonder (from Latin mirari, to marvel)) — evokes cipher with a sense of wonder.",2026-07-23T22:05:03.813Z
119,"cipheroso.com",coding,"""cipher"" (a code that hides data) + ""-oso"" (full of (Spanish/Italian -oso)) — evokes cipher with a sense of full of.",2026-07-23T22:05:03.813Z
120,"ciphervel.com",coding,"""cipher"" (a code that hides data) + ""-vel"" (swift and lively (from velocity)) — evokes cipher with a sense of swift and lively.",2026-07-23T22:05:03.813Z
121,"clauseari.com",coding,"""clause"" (one condition in a query) + ""-ari"" (a maker or keeper) — evokes clause with a sense of a maker or keeper.",2026-07-23T22:05:03.813Z
122,"clauseflux.com",coding,"""clause"" (one condition in a query) + ""-flux"" (flow / constant motion) — evokes clause with a sense of flow / constant motion.",2026-07-23T22:05:03.813Z
123,"clauseika.com",coding,"""clause"" (one condition in a query) + ""-ika"" (bright and quick (playful coinage)) — evokes clause with a sense of bright and quick.",2026-07-23T22:05:03.813Z
124,"clauselume.com",coding,"""clause"" (one condition in a query) + ""-lume"" (light (from Latin lumen)) — evokes clause with a sense of light.",2026-07-23T22:05:03.813Z
125,"clausemira.com",coding,"""clause"" (one condition in a query) + ""-mira"" (wonder (from Latin mirari, to marvel)) — evokes clause with a sense of wonder.",2026-07-23T22:05:03.813Z
126,"clauseora.com",coding,"""clause"" (one condition in a query) + ""-ora"" (an hour / a shining moment) — evokes clause with a sense of an hour / a shining moment.",2026-07-23T22:05:03.813Z
127,"clauseoso.com",coding,"""clause"" (one condition in a query) + ""-oso"" (full of (Spanish/Italian -oso)) — evokes clause with a sense of full of.",2026-07-23T22:05:03.813Z
128,"clauseova.com",coding,"""clause"" (one condition in a query) + ""-ova"" (new (from Latin novus)) — evokes clause with a sense of new.",2026-07-23T22:05:03.813Z
129,"clausetto.com",coding,"""clause"" (one condition in a query) + ""-etto"" (little one (Italian diminutive)) — evokes clause with a sense of little one.",2026-07-23T22:05:03.813Z
130,"clauseura.com",coding,"""clause"" (one condition in a query) + ""-aura"" (a glow or atmosphere) — evokes clause with a sense of a glow or atmosphere.",2026-07-23T22:05:03.813Z
131,"clausevel.com",coding,"""clause"" (one condition in a query) + ""-vel"" (swift and lively (from velocity)) — evokes clause with a sense of swift and lively.",2026-07-23T22:05:03.813Z
132,"clauseyx.com",coding,"""clause"" (one condition in a query) + ""-yx"" (crystalline finish (like onyx)) — evokes clause with a sense of crystalline finish.",2026-07-23T22:05:03.813Z
133,"closurecairn.com",coding,"""closure"" (a function that remembers its context) + ""-cairn"" (a stack of stones that marks a path) — evokes closure with a sense of a stack of stones that marks a path.",2026-07-23T22:08:39.207Z
134,"closureflux.com",coding,"""closure"" (a function that remembers its context) + ""-flux"" (flow / constant motion) — evokes closure with a sense of flow / constant motion.",2026-07-23T22:08:39.207Z
135,"closureix.com",coding,"""closure"" (a function that remembers its context) + ""-ix"" (a crisp modern tail (like Netflix)) — evokes closure with a sense of a crisp modern tail.",2026-07-23T22:08:39.207Z
136,"closurelume.com",coding,"""closure"" (a function that remembers its context) + ""-lume"" (light (from Latin lumen)) — evokes closure with a sense of light.",2026-07-23T22:08:39.207Z
137,"closuremira.com",coding,"""closure"" (a function that remembers its context) + ""-mira"" (wonder (from Latin mirari)) — evokes closure with a sense of wonder.",2026-07-23T22:08:39.207Z
138,"closureon.com",coding,"""closure"" (a function that remembers its context) + ""-eon"" (an age / something lasting) — evokes closure with a sense of an age / something lasting.",2026-07-23T22:08:39.207Z
139,"closureora.com",coding,"""closure"" (a function that remembers its context) + ""-ora"" (an hour / a shining moment) — evokes closure with a sense of an hour / a shining moment.",2026-07-23T22:08:39.207Z
140,"closureova.com",coding,"""closure"" (a function that remembers its context) + ""-ova"" (new (from Latin novus)) — evokes closure with a sense of new.",2026-07-23T22:08:39.207Z
141,"closurera.com",coding,"""closure"" (a function that remembers its context) + ""-era"" (an age of its own) — evokes closure with a sense of an age of its own.",2026-07-23T22:08:39.207Z
142,"closurerune.com",coding,"""closure"" (a function that remembers its context) + ""-rune"" (an ancient symbol of meaning) — evokes closure with a sense of an ancient symbol of meaning.",2026-07-23T22:08:39.207Z
143,"closuresigil.com",coding,"""closure"" (a function that remembers its context) + ""-sigil"" (a symbol with power) — evokes closure with a sense of a symbol with power.",2026-07-23T22:08:39.207Z
144,"closureura.com",coding,"""closure"" (a function that remembers its context) + ""-aura"" (a glow or atmosphere) — evokes closure with a sense of a glow or atmosphere.",2026-07-23T22:08:39.207Z
145,"closurevel.com",coding,"""closure"" (a function that remembers its context) + ""-vel"" (swift and lively (from velocity)) — evokes closure with a sense of swift and lively.",2026-07-23T22:08:39.207Z
146,"closurewave.com",coding,"""closure"" (a function that remembers its context) + ""-wave"" (a moving pulse) — evokes closure with a sense of a moving pulse.",2026-07-23T22:08:39.207Z
147,"codeika.com",coding,"""code"" (the instructions you write) + ""-ika"" (bright and quick (playful coinage)) — evokes code with a sense of bright and quick.",2026-07-23T22:05:03.813Z
148,"commitari.com",coding,"""commit"" (to save a snapshot of your code) + ""-ari"" (a maker or keeper) — evokes commit with a sense of a maker or keeper.",2026-07-23T22:05:03.812Z
149,"commitaura.com",coding,"""commit"" (to save a snapshot of your code) + ""-aura"" (a glow or atmosphere) — evokes commit with a sense of a glow or atmosphere.",2026-07-23T22:05:03.812Z
150,"commiteon.com",coding,"""commit"" (to save a snapshot of your code) + ""-eon"" (an age / something lasting) — evokes commit with a sense of an age / something lasting.",2026-07-23T22:05:03.812Z
151,"commitetto.com",coding,"""commit"" (to save a snapshot of your code) + ""-etto"" (little one (Italian diminutive)) — evokes commit with a sense of little one.",2026-07-23T22:05:03.812Z
152,"commitflux.com",coding,"""commit"" (to save a snapshot of your code) + ""-flux"" (flow / constant motion) — evokes commit with a sense of flow / constant motion.",2026-07-23T22:05:03.812Z
153,"commitika.com",coding,"""commit"" (to save a snapshot of your code) + ""-ika"" (bright and quick (playful coinage)) — evokes commit with a sense of bright and quick.",2026-07-23T22:05:03.812Z
154,"commitlume.com",coding,"""commit"" (to save a snapshot of your code) + ""-lume"" (light (from Latin lumen)) — evokes commit with a sense of light.",2026-07-23T22:05:03.812Z
155,"commitmira.com",coding,"""commit"" (to save a snapshot of your code) + ""-mira"" (wonder (from Latin mirari, to marvel)) — evokes commit with a sense of wonder.",2026-07-23T22:05:03.812Z
156,"commitoso.com",coding,"""commit"" (to save a snapshot of your code) + ""-oso"" (full of (Spanish/Italian -oso)) — evokes commit with a sense of full of.",2026-07-23T22:05:03.812Z
157,"commitova.com",coding,"""commit"" (to save a snapshot of your code) + ""-ova"" (new (from Latin novus)) — evokes commit with a sense of new.",2026-07-23T22:05:03.812Z
158,"commitro.com",coding,"""commit"" (save a code snapshot) + a soft ""-ro"" tail — friendly take on the daily git verb.",2026-07-23T22:05:03.814Z
159,"commitvel.com",coding,"""commit"" (to save a snapshot of your code) + ""-vel"" (swift and lively (from velocity)) — evokes commit with a sense of swift and lively.",2026-07-23T22:05:03.812Z
160,"commityx.com",coding,"""commit"" (to save a snapshot of your code) + ""-yx"" (crystalline finish (like onyx)) — evokes commit with a sense of crystalline finish.",2026-07-23T22:05:03.812Z
161,"compileari.com",coding,"""compile"" (to turn source into a running program) + ""-ari"" (a maker or keeper) — evokes compile with a sense of a maker or keeper.",2026-07-23T22:05:03.812Z
162,"compileflux.com",coding,"""compile"" (to turn source into a running program) + ""-flux"" (flow / constant motion) — evokes compile with a sense of flow / constant motion.",2026-07-23T22:05:03.812Z
163,"compileify.com",coding,"""compile"" (to turn source into a running program) + ""-ify"" (to turn into) — evokes compile with a sense of to turn into.",2026-07-23T22:05:03.812Z
164,"compileika.com",coding,"""compile"" (to turn source into a running program) + ""-ika"" (bright and quick (playful coinage)) — evokes compile with a sense of bright and quick.",2026-07-23T22:05:03.812Z
165,"compilelume.com",coding,"""compile"" (to turn source into a running program) + ""-lume"" (light (from Latin lumen)) — evokes compile with a sense of light.",2026-07-23T22:05:03.812Z
166,"compilemira.com",coding,"""compile"" (to turn source into a running program) + ""-mira"" (wonder (from Latin mirari, to marvel)) — evokes compile with a sense of wonder.",2026-07-23T22:05:03.812Z
167,"compileoso.com",coding,"""compile"" (to turn source into a running program) + ""-oso"" (full of (Spanish/Italian -oso)) — evokes compile with a sense of full of.",2026-07-23T22:05:03.812Z
168,"compileova.com",coding,"""compile"" (to turn source into a running program) + ""-ova"" (new (from Latin novus)) — evokes compile with a sense of new.",2026-07-23T22:05:03.812Z
169,"compiletto.com",coding,"""compile"" (to turn source into a running program) + ""-etto"" (little one (Italian diminutive)) — evokes compile with a sense of little one.",2026-07-23T22:05:03.812Z
170,"compileura.com",coding,"""compile"" (to turn source into a running program) + ""-aura"" (a glow or atmosphere) — evokes compile with a sense of a glow or atmosphere.",2026-07-23T22:05:03.812Z
171,"compilevel.com",coding,"""compile"" (to turn source into a running program) + ""-vel"" (swift and lively (from velocity)) — evokes compile with a sense of swift and lively.",2026-07-23T22:05:03.812Z
172,"compileyx.com",coding,"""compile"" (to turn source into a running program) + ""-yx"" (crystalline finish (like onyx)) — evokes compile with a sense of crystalline finish.",2026-07-23T22:05:03.812Z
173,"consolecairn.com",coding,"""console"" (the text output window) + ""-cairn"" (a stack of stones that marks a path) — evokes console with a sense of a stack of stones that marks a path.",2026-07-23T22:08:39.207Z
174,"consoleix.com",coding,"""console"" (the text output window) + ""-ix"" (a crisp modern tail (like Netflix)) — evokes console with a sense of a crisp modern tail.",2026-07-23T22:08:39.207Z
175,"consolelume.com",coding,"""console"" (the text output window) + ""-lume"" (light (from Latin lumen)) — evokes console with a sense of light.",2026-07-23T22:08:39.207Z
176,"consolemira.com",coding,"""console"" (the text output window) + ""-mira"" (wonder (from Latin mirari)) — evokes console with a sense of wonder.",2026-07-23T22:08:39.207Z
177,"consoleora.com",coding,"""console"" (the text output window) + ""-ora"" (an hour / a shining moment) — evokes console with a sense of an hour / a shining moment.",2026-07-23T22:08:39.207Z
178,"consoleova.com",coding,"""console"" (the text output window) + ""-ova"" (new (from Latin novus)) — evokes console with a sense of new.",2026-07-23T22:08:39.207Z
179,"consolerune.com",coding,"""console"" (the text output window) + ""-rune"" (an ancient symbol of meaning) — evokes console with a sense of an ancient symbol of meaning.",2026-07-23T22:08:39.207Z
180,"consolesigil.com",coding,"""console"" (the text output window) + ""-sigil"" (a symbol with power) — evokes console with a sense of a symbol with power.",2026-07-23T22:08:39.207Z
181,"consoleura.com",coding,"""console"" (the text output window) + ""-aura"" (a glow or atmosphere) — evokes console with a sense of a glow or atmosphere.",2026-07-23T22:08:39.207Z
182,"consolevel.com",coding,"""console"" (the text output window) + ""-vel"" (swift and lively (from velocity)) — evokes console with a sense of swift and lively.",2026-07-23T22:08:39.207Z
183,"cortexcairn.com",coding,"""cortex"" (the thinking layer of a brain) + ""-cairn"" (a stack of stones that marks a path) — evokes cortex with a sense of a stack of stones that marks a path.",2026-07-23T22:08:39.207Z
184,"cortexlume.com",coding,"""cortex"" (the thinking layer of a brain) + ""-lume"" (light (from Latin lumen)) — evokes cortex with a sense of light.",2026-07-23T22:08:39.207Z
185,"cortexmira.com",coding,"""cortex"" (the thinking layer of a brain) + ""-mira"" (wonder (from Latin mirari)) — evokes cortex with a sense of wonder.",2026-07-23T22:08:39.207Z
186,"cortexova.com",coding,"""cortex"" (the thinking layer of a brain) + ""-ova"" (new (from Latin novus)) — evokes cortex with a sense of new.",2026-07-23T22:08:39.207Z
187,"cortexrune.com",coding,"""cortex"" (the thinking layer of a brain) + ""-rune"" (an ancient symbol of meaning) — evokes cortex with a sense of an ancient symbol of meaning.",2026-07-23T22:08:39.207Z
188,"cortexsigil.com",coding,"""cortex"" (the thinking layer of a brain) + ""-sigil"" (a symbol with power) — evokes cortex with a sense of a symbol with power.",2026-07-23T22:08:39.207Z
189,"cortexvel.com",coding,"""cortex"" (the thinking layer of a brain) + ""-vel"" (swift and lively (from velocity)) — evokes cortex with a sense of swift and lively.",2026-07-23T22:08:39.207Z
190,"cratecairn.com",coding,"""crate"" (a Rust code package) + ""-cairn"" (a stack of stones that marks a path) — evokes crate with a sense of a stack of stones that marks a path.",2026-07-23T22:08:39.207Z
191,"crateix.com",coding,"""crate"" (a Rust code package) + ""-ix"" (a crisp modern tail (like Netflix)) — evokes crate with a sense of a crisp modern tail.",2026-07-23T22:08:39.207Z
192,"cratelume.com",coding,"""crate"" (a Rust code package) + ""-lume"" (light (from Latin lumen)) — evokes crate with a sense of light.",2026-07-23T22:08:39.206Z
193,"cratemira.com",coding,"""crate"" (a Rust code package) + ""-mira"" (wonder (from Latin mirari)) — evokes crate with a sense of wonder.",2026-07-23T22:08:39.206Z
194,"crateora.com",coding,"""crate"" (a Rust code package) + ""-ora"" (an hour / a shining moment) — evokes crate with a sense of an hour / a shining moment.",2026-07-23T22:08:39.206Z
195,"crateova.com",coding,"""crate"" (a Rust code package) + ""-ova"" (new (from Latin novus)) — evokes crate with a sense of new.",2026-07-23T22:08:39.206Z
196,"craterune.com",coding,"""crate"" (a Rust code package) + ""-rune"" (an ancient symbol of meaning) — evokes crate with a sense of an ancient symbol of meaning.",2026-07-23T22:08:39.207Z
197,"cratesigil.com",coding,"""crate"" (a Rust code package) + ""-sigil"" (a symbol with power) — evokes crate with a sense of a symbol with power.",2026-07-23T22:08:39.207Z
198,"crateura.com",coding,"""crate"" (a Rust code package) + ""-aura"" (a glow or atmosphere) — evokes crate with a sense of a glow or atmosphere.",2026-07-23T22:08:39.206Z
199,"cratevel.com",coding,"""crate"" (a Rust code package) + ""-vel"" (swift and lively (from velocity)) — evokes crate with a sense of swift and lively.",2026-07-23T22:08:39.206Z
200,"cursorari.com",coding,"""cursor"" (the blinking spot where you type) + ""-ari"" (a maker or keeper) — evokes cursor with a sense of a maker or keeper.",2026-07-23T22:05:03.813Z
201,"cursoraura.com",coding,"""cursor"" (the blinking spot where you type) + ""-aura"" (a glow or atmosphere) — evokes cursor with a sense of a glow or atmosphere.",2026-07-23T22:05:03.813Z
202,"cursoreon.com",coding,"""cursor"" (the blinking spot where you type) + ""-eon"" (an age / something lasting) — evokes cursor with a sense of an age / something lasting.",2026-07-23T22:05:03.813Z
203,"cursoretto.com",coding,"""cursor"" (the blinking spot where you type) + ""-etto"" (little one (Italian diminutive)) — evokes cursor with a sense of little one.",2026-07-23T22:05:03.813Z
204,"cursorflux.com",coding,"""cursor"" (the blinking spot where you type) + ""-flux"" (flow / constant motion) — evokes cursor with a sense of flow / constant motion.",2026-07-23T22:05:03.813Z
205,"cursorika.com",coding,"""cursor"" (the blinking spot where you type) + ""-ika"" (bright and quick (playful coinage)) — evokes cursor with a sense of bright and quick.",2026-07-23T22:05:03.813Z
206,"cursorlume.com",coding,"""cursor"" (the blinking spot where you type) + ""-lume"" (light (from Latin lumen)) — evokes cursor with a sense of light.",2026-07-23T22:05:03.813Z
207,"cursormira.com",coding,"""cursor"" (the blinking spot where you type) + ""-mira"" (wonder (from Latin mirari, to marvel)) — evokes cursor with a sense of wonder.",2026-07-23T22:05:03.813Z
208,"cursorora.com",coding,"""cursor"" (the blinking spot where you type) + ""-ora"" (an hour / a shining moment) — evokes cursor with a sense of an hour / a shining moment.",2026-07-23T22:05:03.813Z
209,"cursoroso.com",coding,"""cursor"" (the blinking spot where you type) + ""-oso"" (full of (Spanish/Italian -oso)) — evokes cursor with a sense of full of.",2026-07-23T22:05:03.813Z
210,"cursorova.com",coding,"""cursor"" (the blinking spot where you type) + ""-ova"" (new (from Latin novus)) — evokes cursor with a sense of new.",2026-07-23T22:05:03.813Z
211,"cursorvel.com",coding,"""cursor"" (the blinking spot where you type) + ""-vel"" (swift and lively (from velocity)) — evokes cursor with a sense of swift and lively.",2026-07-23T22:05:03.813Z
212,"daemonari.com",coding,"""daemon"" (a background program) + ""-ari"" (a maker or keeper) — evokes daemon with a sense of a maker or keeper.",2026-07-23T22:05:03.813Z
213,"daemonaura.com",coding,"""daemon"" (a background program) + ""-aura"" (a glow or atmosphere) — evokes daemon with a sense of a glow or atmosphere.",2026-07-23T22:05:03.813Z
214,"daemonetto.com",coding,"""daemon"" (a background program) + ""-etto"" (little one (Italian diminutive)) — evokes daemon with a sense of little one.",2026-07-23T22:05:03.813Z
215,"daemonika.com",coding,"""daemon"" (a background program) + ""-ika"" (bright and quick (playful coinage)) — evokes daemon with a sense of bright and quick.",2026-07-23T22:05:03.813Z
216,"daemonlume.com",coding,"""daemon"" (a background program) + ""-lume"" (light (from Latin lumen)) — evokes daemon with a sense of light.",2026-07-23T22:05:03.813Z
217,"daemonmira.com",coding,"""daemon"" (a background program) + ""-mira"" (wonder (from Latin mirari, to marvel)) — evokes daemon with a sense of wonder.",2026-07-23T22:05:03.813Z
218,"daemonora.com",coding,"""daemon"" (a background program) + ""-ora"" (an hour / a shining moment) — evokes daemon with a sense of an hour / a shining moment.",2026-07-23T22:05:03.813Z
219,"daemonoso.com",coding,"""daemon"" (a background program) + ""-oso"" (full of (Spanish/Italian -oso)) — evokes daemon with a sense of full of.",2026-07-23T22:05:03.813Z
220,"daemonova.com",coding,"""daemon"" (a background program) + ""-ova"" (new (from Latin novus)) — evokes daemon with a sense of new.",2026-07-23T22:05:03.813Z
221,"daemonvel.com",coding,"""daemon"" (a background program) + ""-vel"" (swift and lively (from velocity)) — evokes daemon with a sense of swift and lively.",2026-07-23T22:05:03.813Z
222,"debugari.com",coding,"""debug"" (to hunt down code errors) + ""-ari"" (a maker or keeper) — evokes debug with a sense of a maker or keeper.",2026-07-23T22:05:03.813Z
223,"debugaura.com",coding,"""debug"" (to hunt down code errors) + ""-aura"" (a glow or atmosphere) — evokes debug with a sense of a glow or atmosphere.",2026-07-23T22:05:03.813Z
224,"debugeon.com",coding,"""debug"" (to hunt down code errors) + ""-eon"" (an age / something lasting) — evokes debug with a sense of an age / something lasting.",2026-07-23T22:05:03.813Z
225,"debugetto.com",coding,"""debug"" (to hunt down code errors) + ""-etto"" (little one (Italian diminutive)) — evokes debug with a sense of little one.",2026-07-23T22:05:03.813Z
226,"debugflux.com",coding,"""debug"" (to hunt down code errors) + ""-flux"" (flow / constant motion) — evokes debug with a sense of flow / constant motion.",2026-07-23T22:05:03.813Z
227,"debugika.com",coding,"""debug"" (to hunt down code errors) + ""-ika"" (bright and quick (playful coinage)) — evokes debug with a sense of bright and quick.",2026-07-23T22:05:03.813Z
228,"debuglume.com",coding,"""debug"" (to hunt down code errors) + ""-lume"" (light (from Latin lumen)) — evokes debug with a sense of light.",2026-07-23T22:05:03.813Z
229,"debugmira.com",coding,"""debug"" (to hunt down code errors) + ""-mira"" (wonder (from Latin mirari, to marvel)) — evokes debug with a sense of wonder.",2026-07-23T22:05:03.813Z
230,"debugoso.com",coding,"""debug"" (to hunt down code errors) + ""-oso"" (full of (Spanish/Italian -oso)) — evokes debug with a sense of full of.",2026-07-23T22:05:03.813Z
231,"debugova.com",coding,"""debug"" (to hunt down code errors) + ""-ova"" (new (from Latin novus)) — evokes debug with a sense of new.",2026-07-23T22:05:03.813Z
232,"debugvel.com",coding,"""debug"" (to hunt down code errors) + ""-vel"" (swift and lively (from velocity)) — evokes debug with a sense of swift and lively.",2026-07-23T22:05:03.813Z
233,"deployari.com",coding,"""deploy"" (to put software live) + ""-ari"" (a maker or keeper) — evokes deploy with a sense of a maker or keeper.",2026-07-23T22:05:03.813Z
234,"deployeon.com",coding,"""deploy"" (to put software live) + ""-eon"" (an age / something lasting) — evokes deploy with a sense of an age / something lasting.",2026-07-23T22:05:03.813Z
235,"deployetto.com",coding,"""deploy"" (to put software live) + ""-etto"" (little one (Italian diminutive)) — evokes deploy with a sense of little one.",2026-07-23T22:05:03.813Z
236,"deployika.com",coding,"""deploy"" (to put software live) + ""-ika"" (bright and quick (playful coinage)) — evokes deploy with a sense of bright and quick.",2026-07-23T22:05:03.813Z
237,"deploylume.com",coding,"""deploy"" (to put software live) + ""-lume"" (light (from Latin lumen)) — evokes deploy with a sense of light.",2026-07-23T22:05:03.813Z
238,"deploymira.com",coding,"""deploy"" (to put software live) + ""-mira"" (wonder (from Latin mirari, to marvel)) — evokes deploy with a sense of wonder.",2026-07-23T22:05:03.813Z
239,"deployoso.com",coding,"""deploy"" (to put software live) + ""-oso"" (full of (Spanish/Italian -oso)) — evokes deploy with a sense of full of.",2026-07-23T22:05:03.813Z
240,"deployova.com",coding,"""deploy"" (to put software live) + ""-ova"" (new (from Latin novus)) — evokes deploy with a sense of new.",2026-07-23T22:05:03.813Z
241,"deployvel.com",coding,"""deploy"" (to put software live) + ""-vel"" (swift and lively (from velocity)) — evokes deploy with a sense of swift and lively.",2026-07-23T22:05:03.813Z
242,"diffaura.com",coding,"""diff"" (the difference between two versions) + ""-aura"" (a glow or atmosphere) — evokes diff with a sense of a glow or atmosphere.",2026-07-23T22:05:03.812Z
243,"diffetto.com",coding,"""diff"" (the difference between two versions) + ""-etto"" (little one (Italian diminutive)) — evokes diff with a sense of little one.",2026-07-23T22:05:03.812Z
244,"diffika.com",coding,"""diff"" (the difference between two versions) + ""-ika"" (bright and quick (playful coinage)) — evokes diff with a sense of bright and quick.",2026-07-23T22:05:03.812Z
245,"difflume.com",coding,"""diff"" (the difference between two versions) + ""-lume"" (light (from Latin lumen)) — evokes diff with a sense of light.",2026-07-23T22:05:03.812Z
246,"diffmira.com",coding,"""diff"" (the difference between two versions) + ""-mira"" (wonder (from Latin mirari, to marvel)) — evokes diff with a sense of wonder.",2026-07-23T22:05:03.812Z
247,"diffoso.com",coding,"""diff"" (the difference between two versions) + ""-oso"" (full of (Spanish/Italian -oso)) — evokes diff with a sense of full of.",2026-07-23T22:05:03.812Z
248,"diffova.com",coding,"""diff"" (the difference between two versions) + ""-ova"" (new (from Latin novus)) — evokes diff with a sense of new.",2026-07-23T22:05:03.812Z
249,"diffvel.com",coding,"""diff"" (the difference between two versions) + ""-vel"" (swift and lively (from velocity)) — evokes diff with a sense of swift and lively.",2026-07-23T22:05:03.812Z
250,"diffyx.com",coding,"""diff"" (the difference between two versions) + ""-yx"" (crystalline finish (like onyx)) — evokes diff with a sense of crystalline finish.",2026-07-23T22:05:03.812Z
251,"assemblyaura.com",sharing,"""assembly"" (a group gathered) + ""-aura"" (a glow or atmosphere) — evokes assembly with a sense of a glow or atmosphere.",2026-07-23T22:08:39.207Z
252,"assemblycairn.com",sharing,"""assembly"" (a group gathered) + ""-cairn"" (a stack of stones that marks a path) — evokes assembly with a sense of a stack of stones that marks a path.",2026-07-23T22:08:39.207Z
253,"assemblyeon.com",sharing,"""assembly"" (a group gathered) + ""-eon"" (an age / something lasting) — evokes assembly with a sense of an age / something lasting.",2026-07-23T22:08:39.207Z
254,"assemblyera.com",sharing,"""assembly"" (a group gathered) + ""-era"" (an age of its own) — evokes assembly with a sense of an age of its own.",2026-07-23T22:08:39.207Z
255,"assemblyflux.com",sharing,"""assembly"" (a group gathered) + ""-flux"" (flow / constant motion) — evokes assembly with a sense of flow / constant motion.",2026-07-23T22:08:39.207Z
256,"assemblyix.com",sharing,"""assembly"" (a group gathered) + ""-ix"" (a crisp modern tail (like Netflix)) — evokes assembly with a sense of a crisp modern tail.",2026-07-23T22:08:39.207Z
257,"assemblylume.com",sharing,"""assembly"" (a group gathered) + ""-lume"" (light (from Latin lumen)) — evokes assembly with a sense of light.",2026-07-23T22:08:39.207Z
258,"assemblymira.com",sharing,"""assembly"" (a group gathered) + ""-mira"" (wonder (from Latin mirari)) — evokes assembly with a sense of wonder.",2026-07-23T22:08:39.207Z
259,"assemblyora.com",sharing,"""assembly"" (a group gathered) + ""-ora"" (an hour / a shining moment) — evokes assembly with a sense of an hour / a shining moment.",2026-07-23T22:08:39.207Z
260,"assemblyova.com",sharing,"""assembly"" (a group gathered) + ""-ova"" (new (from Latin novus)) — evokes assembly with a sense of new.",2026-07-23T22:08:39.207Z
261,"assemblyrune.com",sharing,"""assembly"" (a group gathered) + ""-rune"" (an ancient symbol of meaning) — evokes assembly with a sense of an ancient symbol of meaning.",2026-07-23T22:08:39.207Z
262,"assemblysigil.com",sharing,"""assembly"" (a group gathered) + ""-sigil"" (a symbol with power) — evokes assembly with a sense of a symbol with power.",2026-07-23T22:08:39.207Z
263,"assemblyvel.com",sharing,"""assembly"" (a group gathered) + ""-vel"" (swift and lively (from velocity)) — evokes assembly with a sense of swift and lively.",2026-07-23T22:08:39.207Z
264,"beaconcairn.com",sharing,"""beacon"" (a signal that guides) + ""-cairn"" (a stack of stones that marks a path) — evokes beacon with a sense of a stack of stones that marks a path.",2026-07-23T22:08:39.207Z
265,"beaconeon.com",sharing,"""beacon"" (a signal that guides) + ""-eon"" (an age / something lasting) — evokes beacon with a sense of an age / something lasting.",2026-07-23T22:08:39.207Z
266,"beaconlume.com",sharing,"""beacon"" (a signal that guides) + ""-lume"" (light (from Latin lumen)) — evokes beacon with a sense of light.",2026-07-23T22:08:39.207Z
267,"beaconmira.com",sharing,"""beacon"" (a signal that guides) + ""-mira"" (wonder (from Latin mirari)) — evokes beacon with a sense of wonder.",2026-07-23T22:08:39.207Z
268,"beaconrune.com",sharing,"""beacon"" (a signal that guides) + ""-rune"" (an ancient symbol of meaning) — evokes beacon with a sense of an ancient symbol of meaning.",2026-07-23T22:08:39.207Z
269,"beaconsigil.com",sharing,"""beacon"" (a signal that guides) + ""-sigil"" (a symbol with power) — evokes beacon with a sense of a symbol with power.",2026-07-23T22:08:39.207Z
270,"beaconvel.com",sharing,"""beacon"" (a signal that guides) + ""-vel"" (swift and lively (from velocity)) — evokes beacon with a sense of swift and lively.",2026-07-23T22:08:39.207Z
271,"beamari.com",sharing,"""beam"" (to send instantly) + ""-ari"" (a maker or keeper) — evokes beam with a sense of a maker or keeper.",2026-07-23T22:05:03.813Z
272,"beametto.com",sharing,"""beam"" (to send instantly) + ""-etto"" (little one (Italian diminutive)) — evokes beam with a sense of little one.",2026-07-23T22:05:03.813Z
273,"beamoso.com",sharing,"""beam"" (to send instantly) + ""-oso"" (full of (Spanish/Italian -oso)) — evokes beam with a sense of full of.",2026-07-23T22:05:03.813Z
274,"beamvel.com",sharing,"""beam"" (to send instantly) + ""-vel"" (swift and lively (from velocity)) — evokes beam with a sense of swift and lively.",2026-07-23T22:05:03.813Z
275,"bridgeari.com",sharing,"""bridge"" (a link between two sides) + ""-ari"" (a maker or keeper) — evokes bridge with a sense of a maker or keeper.",2026-07-23T22:05:03.813Z
276,"bridgeika.com",sharing,"""bridge"" (a link between two sides) + ""-ika"" (bright and quick (playful coinage)) — evokes bridge with a sense of bright and quick.",2026-07-23T22:05:03.813Z
277,"bridgemira.com",sharing,"""bridge"" (a link between two sides) + ""-mira"" (wonder (from Latin mirari, to marvel)) — evokes bridge with a sense of wonder.",2026-07-23T22:05:03.813Z
278,"bridgeoso.com",sharing,"""bridge"" (a link between two sides) + ""-oso"" (full of (Spanish/Italian -oso)) — evokes bridge with a sense of full of.",2026-07-23T22:05:03.813Z
279,"bridgetto.com",sharing,"""bridge"" (a link between two sides) + ""-etto"" (little one (Italian diminutive)) — evokes bridge with a sense of little one.",2026-07-23T22:05:03.813Z
280,"bridgeura.com",sharing,"""bridge"" (a link between two sides) + ""-aura"" (a glow or atmosphere) — evokes bridge with a sense of a glow or atmosphere.",2026-07-23T22:05:03.813Z
281,"bridgevel.com",sharing,"""bridge"" (a link between two sides) + ""-vel"" (swift and lively (from velocity)) — evokes bridge with a sense of swift and lively.",2026-07-23T22:05:03.813Z
282,"bridgeyx.com",sharing,"""bridge"" (a link between two sides) + ""-yx"" (crystalline finish (like onyx)) — evokes bridge with a sense of crystalline finish.",2026-07-23T22:05:03.813Z
283,"broadcastari.com",sharing,"""broadcast"" (to send to everyone) + ""-ari"" (a maker or keeper) — evokes broadcast with a sense of a maker or keeper.",2026-07-23T22:05:03.813Z
284,"broadcastaura.com",sharing,"""broadcast"" (to send to everyone) + ""-aura"" (a glow or atmosphere) — evokes broadcast with a sense of a glow or atmosphere.",2026-07-23T22:05:03.813Z
285,"broadcasteon.com",sharing,"""broadcast"" (to send to everyone) + ""-eon"" (an age / something lasting) — evokes broadcast with a sense of an age / something lasting.",2026-07-23T22:05:03.813Z
286,"broadcastetto.com",sharing,"""broadcast"" (to send to everyone) + ""-etto"" (little one (Italian diminutive)) — evokes broadcast with a sense of little one.",2026-07-23T22:05:03.813Z
287,"broadcastflux.com",sharing,"""broadcast"" (to send to everyone) + ""-flux"" (flow / constant motion) — evokes broadcast with a sense of flow / constant motion.",2026-07-23T22:05:03.813Z
288,"broadcastika.com",sharing,"""broadcast"" (to send to everyone) + ""-ika"" (bright and quick (playful coinage)) — evokes broadcast with a sense of bright and quick.",2026-07-23T22:05:03.813Z
289,"broadcastlume.com",sharing,"""broadcast"" (to send to everyone) + ""-lume"" (light (from Latin lumen)) — evokes broadcast with a sense of light.",2026-07-23T22:05:03.813Z
290,"broadcastmira.com",sharing,"""broadcast"" (to send to everyone) + ""-mira"" (wonder (from Latin mirari, to marvel)) — evokes broadcast with a sense of wonder.",2026-07-23T22:05:03.813Z
291,"broadcastoso.com",sharing,"""broadcast"" (to send to everyone) + ""-oso"" (full of (Spanish/Italian -oso)) — evokes broadcast with a sense of full of.",2026-07-23T22:05:03.813Z
292,"broadcastova.com",sharing,"""broadcast"" (to send to everyone) + ""-ova"" (new (from Latin novus)) — evokes broadcast with a sense of new.",2026-07-23T22:05:03.813Z
293,"broadcastvel.com",sharing,"""broadcast"" (to send to everyone) + ""-vel"" (swift and lively (from velocity)) — evokes broadcast with a sense of swift and lively.",2026-07-23T22:05:03.813Z
294,"broadcastyx.com",sharing,"""broadcast"" (to send to everyone) + ""-yx"" (crystalline finish (like onyx)) — evokes broadcast with a sense of crystalline finish.",2026-07-23T22:05:03.813Z
295,"castetto.com",sharing,"""cast"" (to broadcast out) + ""-etto"" (little one (Italian diminutive)) — evokes cast with a sense of little one.",2026-07-23T22:05:03.813Z
296,"castmira.com",sharing,"""cast"" (to broadcast out) + ""-mira"" (wonder (from Latin mirari, to marvel)) — evokes cast with a sense of wonder.",2026-07-23T22:05:03.813Z
297,"castoso.com",sharing,"""cast"" (to broadcast out) + ""-oso"" (full of (Spanish/Italian -oso)) — evokes cast with a sense of full of.",2026-07-23T22:05:03.813Z
298,"chorusari.com",sharing,"""chorus"" (many voices at once) + ""-ari"" (a maker or keeper) — evokes chorus with a sense of a maker or keeper.",2026-07-23T22:05:03.813Z
299,"chorusaura.com",sharing,"""chorus"" (many voices at once) + ""-aura"" (a glow or atmosphere) — evokes chorus with a sense of a glow or atmosphere.",2026-07-23T22:05:03.813Z
300,"choruseon.com",sharing,"""chorus"" (many voices at once) + ""-eon"" (an age / something lasting) — evokes chorus with a sense of an age / something lasting.",2026-07-23T22:05:03.813Z
301,"chorusetto.com",sharing,"""chorus"" (many voices at once) + ""-etto"" (little one (Italian diminutive)) — evokes chorus with a sense of little one.",2026-07-23T22:05:03.813Z
302,"chorusflux.com",sharing,"""chorus"" (many voices at once) + ""-flux"" (flow / constant motion) — evokes chorus with a sense of flow / constant motion.",2026-07-23T22:05:03.813Z
303,"chorusify.com",sharing,"""chorus"" (many voices at once) + ""-ify"" (to turn into) — evokes chorus with a sense of to turn into.",2026-07-23T22:05:03.813Z
304,"chorusika.com",sharing,"""chorus"" (many voices at once) + ""-ika"" (bright and quick (playful coinage)) — evokes chorus with a sense of bright and quick.",2026-07-23T22:05:03.813Z
305,"choruslume.com",sharing,"""chorus"" (many voices at once) + ""-lume"" (light (from Latin lumen)) — evokes chorus with a sense of light.",2026-07-23T22:05:03.813Z
306,"chorusmira.com",sharing,"""chorus"" (many voices at once) + ""-mira"" (wonder (from Latin mirari, to marvel)) — evokes chorus with a sense of wonder.",2026-07-23T22:05:03.813Z
307,"chorusora.com",sharing,"""chorus"" (many voices at once) + ""-ora"" (an hour / a shining moment) — evokes chorus with a sense of an hour / a shining moment.",2026-07-23T22:05:03.813Z
308,"chorusoso.com",sharing,"""chorus"" (many voices at once) + ""-oso"" (full of (Spanish/Italian -oso)) — evokes chorus with a sense of full of.",2026-07-23T22:05:03.813Z
309,"chorusova.com",sharing,"""chorus"" (many voices at once) + ""-ova"" (new (from Latin novus)) — evokes chorus with a sense of new.",2026-07-23T22:05:03.813Z
310,"chorusvel.com",sharing,"""chorus"" (many voices at once) + ""-vel"" (swift and lively (from velocity)) — evokes chorus with a sense of swift and lively.",2026-07-23T22:05:03.813Z
311,"chorusyx.com",sharing,"""chorus"" (many voices at once) + ""-yx"" (crystalline finish (like onyx)) — evokes chorus with a sense of crystalline finish.",2026-07-23T22:05:03.813Z
312,"circleari.com",sharing,"""circle"" (a close group) + ""-ari"" (a maker or keeper) — evokes circle with a sense of a maker or keeper.",2026-07-23T22:05:03.813Z
313,"circleika.com",sharing,"""circle"" (a close group) + ""-ika"" (bright and quick (playful coinage)) — evokes circle with a sense of bright and quick.",2026-07-23T22:05:03.813Z
314,"circlelume.com",sharing,"""circle"" (a close group) + ""-lume"" (light (from Latin lumen)) — evokes circle with a sense of light.",2026-07-23T22:05:03.813Z
315,"circlemira.com",sharing,"""circle"" (a close group) + ""-mira"" (wonder (from Latin mirari, to marvel)) — evokes circle with a sense of wonder.",2026-07-23T22:05:03.813Z
316,"circleora.com",sharing,"""circle"" (a close group) + ""-ora"" (an hour / a shining moment) — evokes circle with a sense of an hour / a shining moment.",2026-07-23T22:05:03.813Z
317,"circleoso.com",sharing,"""circle"" (a close group) + ""-oso"" (full of (Spanish/Italian -oso)) — evokes circle with a sense of full of.",2026-07-23T22:05:03.813Z
318,"circleova.com",sharing,"""circle"" (a close group) + ""-ova"" (new (from Latin novus)) — evokes circle with a sense of new.",2026-07-23T22:05:03.813Z
319,"circletto.com",sharing,"""circle"" (a close group) + ""-etto"" (little one (Italian diminutive)) — evokes circle with a sense of little one.",2026-07-23T22:05:03.813Z
320,"circleura.com",sharing,"""circle"" (a close group) + ""-aura"" (a glow or atmosphere) — evokes circle with a sense of a glow or atmosphere.",2026-07-23T22:05:03.813Z
321,"circlevel.com",sharing,"""circle"" (a close group) + ""-vel"" (swift and lively (from velocity)) — evokes circle with a sense of swift and lively.",2026-07-23T22:05:03.813Z
322,"circleyx.com",sharing,"""circle"" (a close group) + ""-yx"" (crystalline finish (like onyx)) — evokes circle with a sense of crystalline finish.",2026-07-23T22:05:03.813Z
323,"cohortaura.com",sharing,"""cohort"" (a group moving together) + ""-aura"" (a glow or atmosphere) — evokes cohort with a sense of a glow or atmosphere.",2026-07-23T22:08:39.207Z
324,"cohortcairn.com",sharing,"""cohort"" (a group moving together) + ""-cairn"" (a stack of stones that marks a path) — evokes cohort with a sense of a stack of stones that marks a path.",2026-07-23T22:08:39.207Z
325,"cohorteon.com",sharing,"""cohort"" (a group moving together) + ""-eon"" (an age / something lasting) — evokes cohort with a sense of an age / something lasting.",2026-07-23T22:08:39.207Z
326,"cohortera.com",sharing,"""cohort"" (a group moving together) + ""-era"" (an age of its own) — evokes cohort with a sense of an age of its own.",2026-07-23T22:08:39.207Z
327,"cohortflux.com",sharing,"""cohort"" (a group moving together) + ""-flux"" (flow / constant motion) — evokes cohort with a sense of flow / constant motion.",2026-07-23T22:08:39.207Z
328,"cohortlume.com",sharing,"""cohort"" (a group moving together) + ""-lume"" (light (from Latin lumen)) — evokes cohort with a sense of light.",2026-07-23T22:08:39.207Z
329,"cohortmira.com",sharing,"""cohort"" (a group moving together) + ""-mira"" (wonder (from Latin mirari)) — evokes cohort with a sense of wonder.",2026-07-23T22:08:39.207Z
330,"cohortora.com",sharing,"""cohort"" (a group moving together) + ""-ora"" (an hour / a shining moment) — evokes cohort with a sense of an hour / a shining moment.",2026-07-23T22:08:39.207Z
331,"cohortova.com",sharing,"""cohort"" (a group moving together) + ""-ova"" (new (from Latin novus)) — evokes cohort with a sense of new.",2026-07-23T22:08:39.207Z
332,"cohortrune.com",sharing,"""cohort"" (a group moving together) + ""-rune"" (an ancient symbol of meaning) — evokes cohort with a sense of an ancient symbol of meaning.",2026-07-23T22:08:39.207Z
333,"cohortsigil.com",sharing,"""cohort"" (a group moving together) + ""-sigil"" (a symbol with power) — evokes cohort with a sense of a symbol with power.",2026-07-23T22:08:39.207Z
334,"cohortvel.com",sharing,"""cohort"" (a group moving together) + ""-vel"" (swift and lively (from velocity)) — evokes cohort with a sense of swift and lively.",2026-07-23T22:08:39.207Z
335,"convergecairn.com",sharing,"""converge"" (to come together) + ""-cairn"" (a stack of stones that marks a path) — evokes converge with a sense of a stack of stones that marks a path.",2026-07-23T22:08:39.207Z
336,"convergeflux.com",sharing,"""converge"" (to come together) + ""-flux"" (flow / constant motion) — evokes converge with a sense of flow / constant motion.",2026-07-23T22:08:39.207Z
337,"convergelume.com",sharing,"""converge"" (to come together) + ""-lume"" (light (from Latin lumen)) — evokes converge with a sense of light.",2026-07-23T22:08:39.207Z
338,"convergemira.com",sharing,"""converge"" (to come together) + ""-mira"" (wonder (from Latin mirari)) — evokes converge with a sense of wonder.",2026-07-23T22:08:39.207Z
339,"convergeora.com",sharing,"""converge"" (to come together) + ""-ora"" (an hour / a shining moment) — evokes converge with a sense of an hour / a shining moment.",2026-07-23T22:08:39.207Z
340,"convergeova.com",sharing,"""converge"" (to come together) + ""-ova"" (new (from Latin novus)) — evokes converge with a sense of new.",2026-07-23T22:08:39.207Z
341,"convergerune.com",sharing,"""converge"" (to come together) + ""-rune"" (an ancient symbol of meaning) — evokes converge with a sense of an ancient symbol of meaning.",2026-07-23T22:08:39.207Z
342,"convergesigil.com",sharing,"""converge"" (to come together) + ""-sigil"" (a symbol with power) — evokes converge with a sense of a symbol with power.",2026-07-23T22:08:39.207Z
343,"convergeura.com",sharing,"""converge"" (to come together) + ""-aura"" (a glow or atmosphere) — evokes converge with a sense of a glow or atmosphere.",2026-07-23T22:08:39.207Z
344,"convergevel.com",sharing,"""converge"" (to come together) + ""-vel"" (swift and lively (from velocity)) — evokes converge with a sense of swift and lively.",2026-07-23T22:08:39.207Z
345,"convergewave.com",sharing,"""converge"" (to come together) + ""-wave"" (a moving pulse) — evokes converge with a sense of a moving pulse.",2026-07-23T22:08:39.207Z
346,"convoari.com",sharing,"""convo"" (a conversation) + ""-ari"" (a maker or keeper) — evokes convo with a sense of a maker or keeper.",2026-07-23T22:05:03.813Z
347,"convoetto.com",sharing,"""convo"" (a conversation) + ""-etto"" (little one (Italian diminutive)) — evokes convo with a sense of little one.",2026-07-23T22:05:03.813Z
348,"convoika.com",sharing,"""convo"" (a conversation) + ""-ika"" (bright and quick (playful coinage)) — evokes convo with a sense of bright and quick.",2026-07-23T22:05:03.813Z
349,"convolume.com",sharing,"""convo"" (a conversation) + ""-lume"" (light (from Latin lumen)) — evokes convo with a sense of light.",2026-07-23T22:05:03.813Z
350,"convomira.com",sharing,"""convo"" (a conversation) + ""-mira"" (wonder (from Latin mirari, to marvel)) — evokes convo with a sense of wonder.",2026-07-23T22:05:03.813Z
351,"convoon.com",sharing,"""convo"" (a conversation) + ""-eon"" (an age / something lasting) — evokes convo with a sense of an age / something lasting.",2026-07-23T22:05:03.813Z
352,"convovel.com",sharing,"""convo"" (a conversation) + ""-vel"" (swift and lively (from velocity)) — evokes convo with a sense of swift and lively.",2026-07-23T22:05:03.813Z
353,"councilaura.com",sharing,"""council"" (a group that decides together) + ""-aura"" (a glow or atmosphere) — evokes council with a sense of a glow or atmosphere.",2026-07-23T22:08:39.207Z
354,"councilcairn.com",sharing,"""council"" (a group that decides together) + ""-cairn"" (a stack of stones that marks a path) — evokes council with a sense of a stack of stones that marks a path.",2026-07-23T22:08:39.207Z
355,"councileon.com",sharing,"""council"" (a group that decides together) + ""-eon"" (an age / something lasting) — evokes council with a sense of an age / something lasting.",2026-07-23T22:08:39.207Z
356,"councilera.com",sharing,"""council"" (a group that decides together) + ""-era"" (an age of its own) — evokes council with a sense of an age of its own.",2026-07-23T22:08:39.207Z
357,"councilix.com",sharing,"""council"" (a group that decides together) + ""-ix"" (a crisp modern tail (like Netflix)) — evokes council with a sense of a crisp modern tail.",2026-07-23T22:08:39.207Z
358,"councilmira.com",sharing,"""council"" (a group that decides together) + ""-mira"" (wonder (from Latin mirari)) — evokes council with a sense of wonder.",2026-07-23T22:08:39.207Z
359,"councilora.com",sharing,"""council"" (a group that decides together) + ""-ora"" (an hour / a shining moment) — evokes council with a sense of an hour / a shining moment.",2026-07-23T22:08:39.207Z
360,"councilova.com",sharing,"""council"" (a group that decides together) + ""-ova"" (new (from Latin novus)) — evokes council with a sense of new.",2026-07-23T22:08:39.207Z
361,"councilrune.com",sharing,"""council"" (a group that decides together) + ""-rune"" (an ancient symbol of meaning) — evokes council with a sense of an ancient symbol of meaning.",2026-07-23T22:08:39.207Z
362,"councilsigil.com",sharing,"""council"" (a group that decides together) + ""-sigil"" (a symbol with power) — evokes council with a sense of a symbol with power.",2026-07-23T22:08:39.207Z
363,"councilume.com",sharing,"""council"" (a group that decides together) + ""-lume"" (light (from Latin lumen)) — evokes council with a sense of light.",2026-07-23T22:08:39.207Z
364,"councilvel.com",sharing,"""council"" (a group that decides together) + ""-vel"" (swift and lively (from velocity)) — evokes council with a sense of swift and lively.",2026-07-23T22:08:39.207Z
365,"councilwave.com",sharing,"""council"" (a group that decides together) + ""-wave"" (a moving pulse) — evokes council with a sense of a moving pulse.",2026-07-23T22:08:39.207Z
366,"courieraura.com",sharing,"""courier"" (one who carries messages) + ""-aura"" (a glow or atmosphere) — evokes courier with a sense of a glow or atmosphere.",2026-07-23T22:08:39.207Z
367,"couriercairn.com",sharing,"""courier"" (one who carries messages) + ""-cairn"" (a stack of stones that marks a path) — evokes courier with a sense of a stack of stones that marks a path.",2026-07-23T22:08:39.207Z
368,"couriereon.com",sharing,"""courier"" (one who carries messages) + ""-eon"" (an age / something lasting) — evokes courier with a sense of an age / something lasting.",2026-07-23T22:08:39.207Z
369,"courierera.com",sharing,"""courier"" (one who carries messages) + ""-era"" (an age of its own) — evokes courier with a sense of an age of its own.",2026-07-23T22:08:39.207Z
370,"courierflux.com",sharing,"""courier"" (one who carries messages) + ""-flux"" (flow / constant motion) — evokes courier with a sense of flow / constant motion.",2026-07-23T22:08:39.207Z
371,"courierix.com",sharing,"""courier"" (one who carries messages) + ""-ix"" (a crisp modern tail (like Netflix)) — evokes courier with a sense of a crisp modern tail.",2026-07-23T22:08:39.207Z
372,"courierlume.com",sharing,"""courier"" (one who carries messages) + ""-lume"" (light (from Latin lumen)) — evokes courier with a sense of light.",2026-07-23T22:08:39.207Z
373,"couriermira.com",sharing,"""courier"" (one who carries messages) + ""-mira"" (wonder (from Latin mirari)) — evokes courier with a sense of wonder.",2026-07-23T22:08:39.207Z
374,"courierora.com",sharing,"""courier"" (one who carries messages) + ""-ora"" (an hour / a shining moment) — evokes courier with a sense of an hour / a shining moment.",2026-07-23T22:08:39.207Z
375,"courierova.com",sharing,"""courier"" (one who carries messages) + ""-ova"" (new (from Latin novus)) — evokes courier with a sense of new.",2026-07-23T22:08:39.207Z
376,"couriersigil.com",sharing,"""courier"" (one who carries messages) + ""-sigil"" (a symbol with power) — evokes courier with a sense of a symbol with power.",2026-07-23T22:08:39.207Z
377,"courierune.com",sharing,"""courier"" (one who carries messages) + ""-rune"" (an ancient symbol of meaning) — evokes courier with a sense of an ancient symbol of meaning.",2026-07-23T22:08:39.207Z
378,"couriervel.com",sharing,"""courier"" (one who carries messages) + ""-vel"" (swift and lively (from velocity)) — evokes courier with a sense of swift and lively.",2026-07-23T22:08:39.207Z
379,"dispatchcairn.com",sharing,"""dispatch"" (to send off promptly) + ""-cairn"" (a stack of stones that marks a path) — evokes dispatch with a sense of a stack of stones that marks a path.",2026-07-23T22:08:39.207Z
380,"dispatcheon.com",sharing,"""dispatch"" (to send off promptly) + ""-eon"" (an age / something lasting) — evokes dispatch with a sense of an age / something lasting.",2026-07-23T22:08:39.207Z
381,"dispatchflux.com",sharing,"""dispatch"" (to send off promptly) + ""-flux"" (flow / constant motion) — evokes dispatch with a sense of flow / constant motion.",2026-07-23T22:08:39.207Z
382,"dispatchlume.com",sharing,"""dispatch"" (to send off promptly) + ""-lume"" (light (from Latin lumen)) — evokes dispatch with a sense of light.",2026-07-23T22:08:39.207Z
383,"dispatchmira.com",sharing,"""dispatch"" (to send off promptly) + ""-mira"" (wonder (from Latin mirari)) — evokes dispatch with a sense of wonder.",2026-07-23T22:08:39.207Z
384,"dispatchora.com",sharing,"""dispatch"" (to send off promptly) + ""-ora"" (an hour / a shining moment) — evokes dispatch with a sense of an hour / a shining moment.",2026-07-23T22:08:39.207Z
385,"dispatchova.com",sharing,"""dispatch"" (to send off promptly) + ""-ova"" (new (from Latin novus)) — evokes dispatch with a sense of new.",2026-07-23T22:08:39.207Z
386,"dispatchrune.com",sharing,"""dispatch"" (to send off promptly) + ""-rune"" (an ancient symbol of meaning) — evokes dispatch with a sense of an ancient symbol of meaning.",2026-07-23T22:08:39.207Z
387,"dispatchsigil.com",sharing,"""dispatch"" (to send off promptly) + ""-sigil"" (a symbol with power) — evokes dispatch with a sense of a symbol with power.",2026-07-23T22:08:39.207Z
388,"dispatchvel.com",sharing,"""dispatch"" (to send off promptly) + ""-vel"" (swift and lively (from velocity)) — evokes dispatch with a sense of swift and lively.",2026-07-23T22:08:39.207Z
389,"echoari.com",sharing,"""echo"" (a repeated signal) + ""-ari"" (a maker or keeper) — evokes echo with a sense of a maker or keeper.",2026-07-23T22:05:03.813Z
390,"echoetto.com",sharing,"""echo"" (a repeated signal) + ""-etto"" (little one (Italian diminutive)) — evokes echo with a sense of little one.",2026-07-23T22:05:03.813Z
391,"echoika.com",sharing,"""echo"" (a repeated signal) + ""-ika"" (bright and quick (playful coinage)) — evokes echo with a sense of bright and quick.",2026-07-23T22:05:03.813Z
392,"feedetto.com",sharing,"""feed"" (a running list of updates) + ""-etto"" (little one (Italian diminutive)) — evokes feed with a sense of little one.",2026-07-23T22:05:03.813Z
393,"feedmira.com",sharing,"""feed"" (a running list of updates) + ""-mira"" (wonder (from Latin mirari, to marvel)) — evokes feed with a sense of wonder.",2026-07-23T22:05:03.813Z
394,"feedoso.com",sharing,"""feed"" (a running list of updates) + ""-oso"" (full of (Spanish/Italian -oso)) — evokes feed with a sense of full of.",2026-07-23T22:05:03.813Z
395,"feedvel.com",sharing,"""feed"" (a running list of updates) + ""-vel"" (swift and lively (from velocity)) — evokes feed with a sense of swift and lively.",2026-07-23T22:05:03.813Z
396,"forkchoir.com",sharing,"""fork"" (branch a copy) + ""choir"" (voices in harmony) — many forks singing together.",2026-07-23T22:05:03.814Z
397,"forumaura.com",sharing,"""forum"" (a place for public talk) + ""-aura"" (a glow or atmosphere) — evokes forum with a sense of a glow or atmosphere.",2026-07-23T22:08:39.207Z
398,"forumcairn.com",sharing,"""forum"" (a place for public talk) + ""-cairn"" (a stack of stones that marks a path) — evokes forum with a sense of a stack of stones that marks a path.",2026-07-23T22:08:39.207Z
399,"forumeon.com",sharing,"""forum"" (a place for public talk) + ""-eon"" (an age / something lasting) — evokes forum with a sense of an age / something lasting.",2026-07-23T22:08:39.207Z
400,"forumflux.com",sharing,"""forum"" (a place for public talk) + ""-flux"" (flow / constant motion) — evokes forum with a sense of flow / constant motion.",2026-07-23T22:08:39.207Z
401,"forumlume.com",sharing,"""forum"" (a place for public talk) + ""-lume"" (light (from Latin lumen)) — evokes forum with a sense of light.",2026-07-23T22:08:39.207Z
402,"forumova.com",sharing,"""forum"" (a place for public talk) + ""-ova"" (new (from Latin novus)) — evokes forum with a sense of new.",2026-07-23T22:08:39.207Z
403,"forumrune.com",sharing,"""forum"" (a place for public talk) + ""-rune"" (an ancient symbol of meaning) — evokes forum with a sense of an ancient symbol of meaning.",2026-07-23T22:08:39.207Z
404,"forumsigil.com",sharing,"""forum"" (a place for public talk) + ""-sigil"" (a symbol with power) — evokes forum with a sense of a symbol with power.",2026-07-23T22:08:39.207Z
405,"forumvel.com",sharing,"""forum"" (a place for public talk) + ""-vel"" (swift and lively (from velocity)) — evokes forum with a sense of swift and lively.",2026-07-23T22:08:39.207Z
406,"gatherari.com",sharing,"""gather"" (to bring people together) + ""-ari"" (a maker or keeper) — evokes gather with a sense of a maker or keeper.",2026-07-23T22:05:03.813Z
407,"gathereon.com",sharing,"""gather"" (to bring people together) + ""-eon"" (an age / something lasting) — evokes gather with a sense of an age / something lasting.",2026-07-23T22:05:03.813Z
408,"gatheretto.com",sharing,"""gather"" (to bring people together) + ""-etto"" (little one (Italian diminutive)) — evokes gather with a sense of little one.",2026-07-23T22:05:03.813Z
409,"gatherflux.com",sharing,"""gather"" (to bring people together) + ""-flux"" (flow / constant motion) — evokes gather with a sense of flow / constant motion.",2026-07-23T22:05:03.813Z
410,"gathermira.com",sharing,"""gather"" (to bring people together) + ""-mira"" (wonder (from Latin mirari, to marvel)) — evokes gather with a sense of wonder.",2026-07-23T22:05:03.813Z
411,"gatheroso.com",sharing,"""gather"" (to bring people together) + ""-oso"" (full of (Spanish/Italian -oso)) — evokes gather with a sense of full of.",2026-07-23T22:05:03.813Z
412,"gathervel.com",sharing,"""gather"" (to bring people together) + ""-vel"" (swift and lively (from velocity)) — evokes gather with a sense of swift and lively.",2026-07-23T22:05:03.813Z
413,"gatheryx.com",sharing,"""gather"" (to bring people together) + ""-yx"" (crystalline finish (like onyx)) — evokes gather with a sense of crystalline finish.",2026-07-23T22:05:03.813Z
414,"guildari.com",sharing,"""guild"" (a group working together) + ""-ari"" (a maker or keeper) — evokes guild with a sense of a maker or keeper.",2026-07-23T22:05:03.813Z
415,"guildetto.com",sharing,"""guild"" (a group working together) + ""-etto"" (little one (Italian diminutive)) — evokes guild with a sense of little one.",2026-07-23T22:05:03.813Z
416,"guildflux.com",sharing,"""guild"" (a group working together) + ""-flux"" (flow / constant motion) — evokes guild with a sense of flow / constant motion.",2026-07-23T22:05:03.813Z
417,"guildika.com",sharing,"""guild"" (a group working together) + ""-ika"" (bright and quick (playful coinage)) — evokes guild with a sense of bright and quick.",2026-07-23T22:05:03.813Z
418,"guildlume.com",sharing,"""guild"" (a group working together) + ""-lume"" (light (from Latin lumen)) — evokes guild with a sense of light.",2026-07-23T22:05:03.813Z
419,"guildmira.com",sharing,"""guild"" (a group working together) + ""-mira"" (wonder (from Latin mirari, to marvel)) — evokes guild with a sense of wonder.",2026-07-23T22:05:03.813Z
420,"guildoso.com",sharing,"""guild"" (a group working together) + ""-oso"" (full of (Spanish/Italian -oso)) — evokes guild with a sense of full of.",2026-07-23T22:05:03.813Z
421,"guildvel.com",sharing,"""guild"" (a group working together) + ""-vel"" (swift and lively (from velocity)) — evokes guild with a sense of swift and lively.",2026-07-23T22:05:03.813Z
422,"harboreon.com",sharing,"""harbor"" (a safe place to gather ships) + ""-eon"" (an age / something lasting) — evokes harbor with a sense of an age / something lasting.",2026-07-23T22:08:39.207Z
423,"harborera.com",sharing,"""harbor"" (a safe place to gather ships) + ""-era"" (an age of its own) — evokes harbor with a sense of an age of its own.",2026-07-23T22:08:39.207Z
424,"harbormira.com",sharing,"""harbor"" (a safe place to gather ships) + ""-mira"" (wonder (from Latin mirari)) — evokes harbor with a sense of wonder.",2026-07-23T22:08:39.207Z
425,"harborora.com",sharing,"""harbor"" (a safe place to gather ships) + ""-ora"" (an hour / a shining moment) — evokes harbor with a sense of an hour / a shining moment.",2026-07-23T22:08:39.207Z
426,"harborova.com",sharing,"""harbor"" (a safe place to gather ships) + ""-ova"" (new (from Latin novus)) — evokes harbor with a sense of new.",2026-07-23T22:08:39.207Z
427,"harborsigil.com",sharing,"""harbor"" (a safe place to gather ships) + ""-sigil"" (a symbol with power) — evokes harbor with a sense of a symbol with power.",2026-07-23T22:08:39.207Z
428,"harborune.com",sharing,"""harbor"" (a safe place to gather ships) + ""-rune"" (an ancient symbol of meaning) — evokes harbor with a sense of an ancient symbol of meaning.",2026-07-23T22:08:39.207Z
429,"harborvel.com",sharing,"""harbor"" (a safe place to gather ships) + ""-vel"" (swift and lively (from velocity)) — evokes harbor with a sense of swift and lively.",2026-07-23T22:08:39.207Z
430,"invitecairn.com",sharing,"""invite"" (to bring someone in) + ""-cairn"" (a stack of stones that marks a path) — evokes invite with a sense of a stack of stones that marks a path.",2026-07-23T22:08:39.207Z
431,"inviteflux.com",sharing,"""invite"" (to bring someone in) + ""-flux"" (flow / constant motion) — evokes invite with a sense of flow / constant motion.",2026-07-23T22:08:39.207Z
432,"inviteix.com",sharing,"""invite"" (to bring someone in) + ""-ix"" (a crisp modern tail (like Netflix)) — evokes invite with a sense of a crisp modern tail.",2026-07-23T22:08:39.207Z
433,"invitelume.com",sharing,"""invite"" (to bring someone in) + ""-lume"" (light (from Latin lumen)) — evokes invite with a sense of light.",2026-07-23T22:08:39.207Z
434,"invitemira.com",sharing,"""invite"" (to bring someone in) + ""-mira"" (wonder (from Latin mirari)) — evokes invite with a sense of wonder.",2026-07-23T22:08:39.207Z
435,"inviteova.com",sharing,"""invite"" (to bring someone in) + ""-ova"" (new (from Latin novus)) — evokes invite with a sense of new.",2026-07-23T22:08:39.207Z
436,"inviterune.com",sharing,"""invite"" (to bring someone in) + ""-rune"" (an ancient symbol of meaning) — evokes invite with a sense of an ancient symbol of meaning.",2026-07-23T22:08:39.207Z
437,"invitesigil.com",sharing,"""invite"" (to bring someone in) + ""-sigil"" (a symbol with power) — evokes invite with a sense of a symbol with power.",2026-07-23T22:08:39.207Z
438,"inviteura.com",sharing,"""invite"" (to bring someone in) + ""-aura"" (a glow or atmosphere) — evokes invite with a sense of a glow or atmosphere.",2026-07-23T22:08:39.207Z
439,"invitevel.com",sharing,"""invite"" (to bring someone in) + ""-vel"" (swift and lively (from velocity)) — evokes invite with a sense of swift and lively.",2026-07-23T22:08:39.207Z
440,"kinshipaura.com",sharing,"""kinship"" (close connection) + ""-aura"" (a glow or atmosphere) — evokes kinship with a sense of a glow or atmosphere.",2026-07-23T22:08:39.207Z
441,"kinshipcairn.com",sharing,"""kinship"" (close connection) + ""-cairn"" (a stack of stones that marks a path) — evokes kinship with a sense of a stack of stones that marks a path.",2026-07-23T22:08:39.207Z
442,"kinshipeon.com",sharing,"""kinship"" (close connection) + ""-eon"" (an age / something lasting) — evokes kinship with a sense of an age / something lasting.",2026-07-23T22:08:39.207Z
443,"kinshipera.com",sharing,"""kinship"" (close connection) + ""-era"" (an age of its own) — evokes kinship with a sense of an age of its own.",2026-07-23T22:08:39.207Z
444,"kinshipflux.com",sharing,"""kinship"" (close connection) + ""-flux"" (flow / constant motion) — evokes kinship with a sense of flow / constant motion.",2026-07-23T22:08:39.207Z
445,"kinshipix.com",sharing,"""kinship"" (close connection) + ""-ix"" (a crisp modern tail (like Netflix)) — evokes kinship with a sense of a crisp modern tail.",2026-07-23T22:08:39.207Z
446,"kinshiplume.com",sharing,"""kinship"" (close connection) + ""-lume"" (light (from Latin lumen)) — evokes kinship with a sense of light.",2026-07-23T22:08:39.207Z
447,"kinshipmira.com",sharing,"""kinship"" (close connection) + ""-mira"" (wonder (from Latin mirari)) — evokes kinship with a sense of wonder.",2026-07-23T22:08:39.207Z
448,"kinshipora.com",sharing,"""kinship"" (close connection) + ""-ora"" (an hour / a shining moment) — evokes kinship with a sense of an hour / a shining moment.",2026-07-23T22:08:39.207Z
449,"kinshipova.com",sharing,"""kinship"" (close connection) + ""-ova"" (new (from Latin novus)) — evokes kinship with a sense of new.",2026-07-23T22:08:39.207Z
450,"kinshiprune.com",sharing,"""kinship"" (close connection) + ""-rune"" (an ancient symbol of meaning) — evokes kinship with a sense of an ancient symbol of meaning.",2026-07-23T22:08:39.207Z
451,"kinshipsigil.com",sharing,"""kinship"" (close connection) + ""-sigil"" (a symbol with power) — evokes kinship with a sense of a symbol with power.",2026-07-23T22:08:39.207Z
452,"kinshipvel.com",sharing,"""kinship"" (close connection) + ""-vel"" (swift and lively (from velocity)) — evokes kinship with a sense of swift and lively.",2026-07-23T22:08:39.207Z
453,"kinshipwave.com",sharing,"""kinship"" (close connection) + ""-wave"" (a moving pulse) — evokes kinship with a sense of a moving pulse.",2026-07-23T22:08:39.207Z
454,"lanternaura.com",sharing,"""lantern"" (a carried light) + ""-aura"" (a glow or atmosphere) — evokes lantern with a sense of a glow or atmosphere.",2026-07-23T22:08:39.207Z
455,"lanterncairn.com",sharing,"""lantern"" (a carried light) + ""-cairn"" (a stack of stones that marks a path) — evokes lantern with a sense of a stack of stones that marks a path.",2026-07-23T22:08:39.207Z
456,"lanterneon.com",sharing,"""lantern"" (a carried light) + ""-eon"" (an age / something lasting) — evokes lantern with a sense of an age / something lasting.",2026-07-23T22:08:39.207Z
457,"lanternera.com",sharing,"""lantern"" (a carried light) + ""-era"" (an age of its own) — evokes lantern with a sense of an age of its own.",2026-07-23T22:08:39.207Z
458,"lanternflux.com",sharing,"""lantern"" (a carried light) + ""-flux"" (flow / constant motion) — evokes lantern with a sense of flow / constant motion.",2026-07-23T22:08:39.207Z
459,"lanternlume.com",sharing,"""lantern"" (a carried light) + ""-lume"" (light (from Latin lumen)) — evokes lantern with a sense of light.",2026-07-23T22:08:39.207Z
460,"lanternmira.com",sharing,"""lantern"" (a carried light) + ""-mira"" (wonder (from Latin mirari)) — evokes lantern with a sense of wonder.",2026-07-23T22:08:39.207Z
461,"lanternora.com",sharing,"""lantern"" (a carried light) + ""-ora"" (an hour / a shining moment) — evokes lantern with a sense of an hour / a shining moment.",2026-07-23T22:08:39.207Z
462,"lanternrune.com",sharing,"""lantern"" (a carried light) + ""-rune"" (an ancient symbol of meaning) — evokes lantern with a sense of an ancient symbol of meaning.",2026-07-23T22:08:39.207Z
463,"lanternsigil.com",sharing,"""lantern"" (a carried light) + ""-sigil"" (a symbol with power) — evokes lantern with a sense of a symbol with power.",2026-07-23T22:08:39.207Z
464,"lanternvel.com",sharing,"""lantern"" (a carried light) + ""-vel"" (swift and lively (from velocity)) — evokes lantern with a sense of swift and lively.",2026-07-23T22:08:39.207Z
465,"linkmira.com",sharing,"""link"" (a clickable connection) + ""-mira"" (wonder (from Latin mirari, to marvel)) — evokes link with a sense of wonder.",2026-07-23T22:05:03.813Z
466,"mesheon.com",sharing,"""mesh"" (a web of connected peers) + ""-eon"" (an age / something lasting) — evokes mesh with a sense of an age / something lasting.",2026-07-23T22:05:03.813Z
467,"meshetto.com",sharing,"""mesh"" (a web of connected peers) + ""-etto"" (little one (Italian diminutive)) — evokes mesh with a sense of little one.",2026-07-23T22:05:03.813Z
468,"meshmira.com",sharing,"""mesh"" (a web of connected peers) + ""-mira"" (wonder (from Latin mirari, to marvel)) — evokes mesh with a sense of wonder.",2026-07-23T22:05:03.813Z
469,"meshoso.com",sharing,"""mesh"" (a web of connected peers) + ""-oso"" (full of (Spanish/Italian -oso)) — evokes mesh with a sense of full of.",2026-07-23T22:05:03.813Z
470,"meshvel.com",sharing,"""mesh"" (a web of connected peers) + ""-vel"" (swift and lively (from velocity)) — evokes mesh with a sense of swift and lively.",2026-07-23T22:05:03.813Z
471,"nexusari.com",sharing,"""nexus"" (a connection hub) + ""-ari"" (a maker or keeper) — evokes nexus with a sense of a maker or keeper.",2026-07-23T22:05:03.813Z
472,"nexusetto.com",sharing,"""nexus"" (a connection hub) + ""-etto"" (little one (Italian diminutive)) — evokes nexus with a sense of little one.",2026-07-23T22:05:03.813Z
473,"nexusika.com",sharing,"""nexus"" (a connection hub) + ""-ika"" (bright and quick (playful coinage)) — evokes nexus with a sense of bright and quick.",2026-07-23T22:05:03.813Z
474,"nexusmira.com",sharing,"""nexus"" (a connection hub) + ""-mira"" (wonder (from Latin mirari, to marvel)) — evokes nexus with a sense of wonder.",2026-07-23T22:05:03.813Z
475,"nexusoso.com",sharing,"""nexus"" (a connection hub) + ""-oso"" (full of (Spanish/Italian -oso)) — evokes nexus with a sense of full of.",2026-07-23T22:05:03.813Z
476,"nexusvel.com",sharing,"""nexus"" (a connection hub) + ""-vel"" (swift and lively (from velocity)) — evokes nexus with a sense of swift and lively.",2026-07-23T22:05:03.813Z
477,"orbitetto.com",sharing,"""orbit"" (a shared path around a center) + ""-etto"" (little one (Italian diminutive)) — evokes orbit with a sense of little one.",2026-07-23T22:05:03.813Z
478,"orbitmira.com",sharing,"""orbit"" (a shared path around a center) + ""-mira"" (wonder (from Latin mirari, to marvel)) — evokes orbit with a sense of wonder.",2026-07-23T22:05:03.813Z
479,"orbitoso.com",sharing,"""orbit"" (a shared path around a center) + ""-oso"" (full of (Spanish/Italian -oso)) — evokes orbit with a sense of full of.",2026-07-23T22:05:03.813Z
480,"pingetto.com",sharing,"""ping"" (a quick hello to a server) + ""-etto"" (little one (Italian diminutive)) — evokes ping with a sense of little one.",2026-07-23T22:05:03.813Z
481,"pingika.com",sharing,"""ping"" (a quick hello to a server) + ""-ika"" (bright and quick (playful coinage)) — evokes ping with a sense of bright and quick.",2026-07-23T22:05:03.813Z
482,"pingmira.com",sharing,"""ping"" (a quick hello to a server) + ""-mira"" (wonder (from Latin mirari, to marvel)) — evokes ping with a sense of wonder.",2026-07-23T22:05:03.813Z
483,"pingoso.com",sharing,"""ping"" (a quick hello to a server) + ""-oso"" (full of (Spanish/Italian -oso)) — evokes ping with a sense of full of.",2026-07-23T22:05:03.813Z
484,"pingvel.com",sharing,"""ping"" (a quick hello to a server) + ""-vel"" (swift and lively (from velocity)) — evokes ping with a sense of swift and lively.",2026-07-23T22:05:03.813Z
485,"plazacairn.com",sharing,"""plaza"" (an open public square) + ""-cairn"" (a stack of stones that marks a path) — evokes plaza with a sense of a stack of stones that marks a path.",2026-07-23T22:08:39.207Z
486,"plazaera.com",sharing,"""plaza"" (an open public square) + ""-era"" (an age of its own) — evokes plaza with a sense of an age of its own.",2026-07-23T22:08:39.207Z
487,"plazaflux.com",sharing,"""plaza"" (an open public square) + ""-flux"" (flow / constant motion) — evokes plaza with a sense of flow / constant motion.",2026-07-23T22:08:39.207Z
488,"plazaix.com",sharing,"""plaza"" (an open public square) + ""-ix"" (a crisp modern tail (like Netflix)) — evokes plaza with a sense of a crisp modern tail.",2026-07-23T22:08:39.207Z
489,"plazalume.com",sharing,"""plaza"" (an open public square) + ""-lume"" (light (from Latin lumen)) — evokes plaza with a sense of light.",2026-07-23T22:08:39.207Z
490,"plazamira.com",sharing,"""plaza"" (an open public square) + ""-mira"" (wonder (from Latin mirari)) — evokes plaza with a sense of wonder.",2026-07-23T22:08:39.207Z
491,"plazaora.com",sharing,"""plaza"" (an open public square) + ""-ora"" (an hour / a shining moment) — evokes plaza with a sense of an hour / a shining moment.",2026-07-23T22:08:39.207Z
492,"plazaova.com",sharing,"""plaza"" (an open public square) + ""-ova"" (new (from Latin novus)) — evokes plaza with a sense of new.",2026-07-23T22:08:39.207Z
493,"plazarune.com",sharing,"""plaza"" (an open public square) + ""-rune"" (an ancient symbol of meaning) — evokes plaza with a sense of an ancient symbol of meaning.",2026-07-23T22:08:39.207Z
494,"plazasigil.com",sharing,"""plaza"" (an open public square) + ""-sigil"" (a symbol with power) — evokes plaza with a sense of a symbol with power.",2026-07-23T22:08:39.207Z
495,"plazavel.com",sharing,"""plaza"" (an open public square) + ""-vel"" (swift and lively (from velocity)) — evokes plaza with a sense of swift and lively.",2026-07-23T22:08:39.207Z
496,"plazawave.com",sharing,"""plaza"" (an open public square) + ""-wave"" (a moving pulse) — evokes plaza with a sense of a moving pulse.",2026-07-23T22:08:39.207Z
497,"portalari.com",sharing,"""portal"" (a doorway to elsewhere) + ""-ari"" (a maker or keeper) — evokes portal with a sense of a maker or keeper.",2026-07-23T22:05:03.813Z
498,"portaletto.com",sharing,"""portal"" (a doorway to elsewhere) + ""-etto"" (little one (Italian diminutive)) — evokes portal with a sense of little one.",2026-07-23T22:05:03.813Z
499,"portalora.com",sharing,"""portal"" (a doorway to elsewhere) + ""-ora"" (an hour / a shining moment) — evokes portal with a sense of an hour / a shining moment.",2026-07-23T22:05:03.813Z
500,"portaloso.com",sharing,"""portal"" (a doorway to elsewhere) + ""-oso"" (full of (Spanish/Italian -oso)) — evokes portal with a sense of full of.",2026-07-23T22:05:03.813Z
501,"anvilari.com",making,"""anvil"" (the block a smith hammers on) + ""-ari"" (a maker or keeper) — evokes anvil with a sense of a maker or keeper.",2026-07-23T22:05:03.814Z
502,"anvilaura.com",making,"""anvil"" (the block a smith hammers on) + ""-aura"" (a glow or atmosphere) — evokes anvil with a sense of a glow or atmosphere.",2026-07-23T22:05:03.813Z
503,"anvileon.com",making,"""anvil"" (the block a smith hammers on) + ""-eon"" (an age / something lasting) — evokes anvil with a sense of an age / something lasting.",2026-07-23T22:05:03.814Z
504,"anviletto.com",making,"""anvil"" (the block a smith hammers on) + ""-etto"" (little one (Italian diminutive)) — evokes anvil with a sense of little one.",2026-07-23T22:05:03.814Z
505,"anvilflux.com",making,"""anvil"" (the block a smith hammers on) + ""-flux"" (flow / constant motion) — evokes anvil with a sense of flow / constant motion.",2026-07-23T22:05:03.813Z
506,"anvilify.com",making,"""anvil"" (the block a smith hammers on) + ""-ify"" (to turn into) — evokes anvil with a sense of to turn into.",2026-07-23T22:05:03.814Z
507,"anvilika.com",making,"""anvil"" (the block a smith hammers on) + ""-ika"" (bright and quick (playful coinage)) — evokes anvil with a sense of bright and quick.",2026-07-23T22:05:03.814Z
508,"anvilmira.com",making,"""anvil"" (the block a smith hammers on) + ""-mira"" (wonder (from Latin mirari, to marvel)) — evokes anvil with a sense of wonder.",2026-07-23T22:05:03.813Z
509,"anviloso.com",making,"""anvil"" (the block a smith hammers on) + ""-oso"" (full of (Spanish/Italian -oso)) — evokes anvil with a sense of full of.",2026-07-23T22:05:03.814Z
510,"anvilova.com",making,"""anvil"" (the block a smith hammers on) + ""-ova"" (new (from Latin novus)) — evokes anvil with a sense of new.",2026-07-23T22:05:03.814Z
511,"anvilume.com",making,"""anvil"" (the block a smith hammers on) + ""-lume"" (light (from Latin lumen)) — evokes anvil with a sense of light.",2026-07-23T22:05:03.813Z
512,"anvilvel.com",making,"""anvil"" (the block a smith hammers on) + ""-vel"" (swift and lively (from velocity)) — evokes anvil with a sense of swift and lively.",2026-07-23T22:05:03.813Z
513,"anvilyx.com",making,"""anvil"" (the block a smith hammers on) + ""-yx"" (crystalline finish (like onyx)) — evokes anvil with a sense of crystalline finish.",2026-07-23T22:05:03.814Z
514,"artisancairn.com",making,"""artisan"" (a skilled maker) + ""-cairn"" (a stack of stones that marks a path) — evokes artisan with a sense of a stack of stones that marks a path.",2026-07-23T22:08:39.207Z
515,"artisaneon.com",making,"""artisan"" (a skilled maker) + ""-eon"" (an age / something lasting) — evokes artisan with a sense of an age / something lasting.",2026-07-23T22:08:39.207Z
516,"artisanmira.com",making,"""artisan"" (a skilled maker) + ""-mira"" (wonder (from Latin mirari)) — evokes artisan with a sense of wonder.",2026-07-23T22:08:39.207Z
517,"artisanrune.com",making,"""artisan"" (a skilled maker) + ""-rune"" (an ancient symbol of meaning) — evokes artisan with a sense of an ancient symbol of meaning.",2026-07-23T22:08:39.207Z
518,"artisansigil.com",making,"""artisan"" (a skilled maker) + ""-sigil"" (a symbol with power) — evokes artisan with a sense of a symbol with power.",2026-07-23T22:08:39.207Z
519,"artisanvel.com",making,"""artisan"" (a skilled maker) + ""-vel"" (swift and lively (from velocity)) — evokes artisan with a sense of swift and lively.",2026-07-23T22:08:39.207Z
520,"atlasari.com",making,"""atlas"" (a book of maps / a bearer) + ""-ari"" (a maker or keeper) — evokes atlas with a sense of a maker or keeper.",2026-07-23T22:05:03.814Z
521,"atlasetto.com",making,"""atlas"" (a book of maps / a bearer) + ""-etto"" (little one (Italian diminutive)) — evokes atlas with a sense of little one.",2026-07-23T22:05:03.814Z
522,"atlaslume.com",making,"""atlas"" (a book of maps / a bearer) + ""-lume"" (light (from Latin lumen)) — evokes atlas with a sense of light.",2026-07-23T22:05:03.814Z
523,"atlasvel.com",making,"""atlas"" (a book of maps / a bearer) + ""-vel"" (swift and lively (from velocity)) — evokes atlas with a sense of swift and lively.",2026-07-23T22:05:03.814Z
524,"bloometto.com",making,"""bloom"" (to blossom) + ""-etto"" (little one (Italian diminutive)) — evokes bloom with a sense of little one.",2026-07-23T22:05:03.813Z
525,"bloomoso.com",making,"""bloom"" (to blossom) + ""-oso"" (full of (Spanish/Italian -oso)) — evokes bloom with a sense of full of.",2026-07-23T22:05:03.813Z
526,"canvasari.com",making,"""canvas"" (a blank surface to create on) + ""-ari"" (a maker or keeper) — evokes canvas with a sense of a maker or keeper.",2026-07-23T22:05:03.813Z
527,"canvaseon.com",making,"""canvas"" (a blank surface to create on) + ""-eon"" (an age / something lasting) — evokes canvas with a sense of an age / something lasting.",2026-07-23T22:05:03.813Z
528,"canvasetto.com",making,"""canvas"" (a blank surface to create on) + ""-etto"" (little one (Italian diminutive)) — evokes canvas with a sense of little one.",2026-07-23T22:05:03.813Z
529,"canvasika.com",making,"""canvas"" (a blank surface to create on) + ""-ika"" (bright and quick (playful coinage)) — evokes canvas with a sense of bright and quick.",2026-07-23T22:05:03.813Z
530,"canvasmira.com",making,"""canvas"" (a blank surface to create on) + ""-mira"" (wonder (from Latin mirari, to marvel)) — evokes canvas with a sense of wonder.",2026-07-23T22:05:03.813Z
531,"canvasoso.com",making,"""canvas"" (a blank surface to create on) + ""-oso"" (full of (Spanish/Italian -oso)) — evokes canvas with a sense of full of.",2026-07-23T22:05:03.813Z
532,"canvasvel.com",making,"""canvas"" (a blank surface to create on) + ""-vel"" (swift and lively (from velocity)) — evokes canvas with a sense of swift and lively.",2026-07-23T22:05:03.813Z
533,"carvecairn.com",making,"""carve"" (to shape by cutting) + ""-cairn"" (a stack of stones that marks a path) — evokes carve with a sense of a stack of stones that marks a path.",2026-07-23T22:08:39.207Z
534,"carveflux.com",making,"""carve"" (to shape by cutting) + ""-flux"" (flow / constant motion) — evokes carve with a sense of flow / constant motion.",2026-07-23T22:08:39.207Z
535,"carveix.com",making,"""carve"" (to shape by cutting) + ""-ix"" (a crisp modern tail (like Netflix)) — evokes carve with a sense of a crisp modern tail.",2026-07-23T22:08:39.207Z
536,"carvemira.com",making,"""carve"" (to shape by cutting) + ""-mira"" (wonder (from Latin mirari)) — evokes carve with a sense of wonder.",2026-07-23T22:08:39.207Z
537,"carveora.com",making,"""carve"" (to shape by cutting) + ""-ora"" (an hour / a shining moment) — evokes carve with a sense of an hour / a shining moment.",2026-07-23T22:08:39.207Z
538,"carveova.com",making,"""carve"" (to shape by cutting) + ""-ova"" (new (from Latin novus)) — evokes carve with a sense of new.",2026-07-23T22:08:39.207Z
539,"carverune.com",making,"""carve"" (to shape by cutting) + ""-rune"" (an ancient symbol of meaning) — evokes carve with a sense of an ancient symbol of meaning.",2026-07-23T22:08:39.207Z
540,"carvesigil.com",making,"""carve"" (to shape by cutting) + ""-sigil"" (a symbol with power) — evokes carve with a sense of a symbol with power.",2026-07-23T22:08:39.207Z
541,"carveura.com",making,"""carve"" (to shape by cutting) + ""-aura"" (a glow or atmosphere) — evokes carve with a sense of a glow or atmosphere.",2026-07-23T22:08:39.207Z
542,"carvevel.com",making,"""carve"" (to shape by cutting) + ""-vel"" (swift and lively (from velocity)) — evokes carve with a sense of swift and lively.",2026-07-23T22:08:39.207Z
543,"castcairn.com",making,"""cast"" (to pour into a mold) + ""-cairn"" (a stack of stones that marks a path) — evokes cast with a sense of a stack of stones that marks a path.",2026-07-23T22:08:39.207Z
544,"castrune.com",making,"""cast"" (to pour into a mold) + ""-rune"" (an ancient symbol of meaning) — evokes cast with a sense of an ancient symbol of meaning.",2026-07-23T22:08:39.207Z
545,"castsigil.com",making,"""cast"" (to pour into a mold) + ""-sigil"" (a symbol with power) — evokes cast with a sense of a symbol with power.",2026-07-23T22:08:39.207Z
546,"chiselari.com",making,"""chisel"" (a tool for carving) + ""-ari"" (a maker or keeper) — evokes chisel with a sense of a maker or keeper.",2026-07-23T22:05:03.814Z
547,"chiselaura.com",making,"""chisel"" (a tool for carving) + ""-aura"" (a glow or atmosphere) — evokes chisel with a sense of a glow or atmosphere.",2026-07-23T22:05:03.814Z
548,"chiseleon.com",making,"""chisel"" (a tool for carving) + ""-eon"" (an age / something lasting) — evokes chisel with a sense of an age / something lasting.",2026-07-23T22:05:03.814Z
549,"chiseletto.com",making,"""chisel"" (a tool for carving) + ""-etto"" (little one (Italian diminutive)) — evokes chisel with a sense of little one.",2026-07-23T22:05:03.814Z
550,"chiselflux.com",making,"""chisel"" (a tool for carving) + ""-flux"" (flow / constant motion) — evokes chisel with a sense of flow / constant motion.",2026-07-23T22:05:03.814Z
551,"chiselify.com",making,"""chisel"" (a tool for carving) + ""-ify"" (to turn into) — evokes chisel with a sense of to turn into.",2026-07-23T22:05:03.814Z
552,"chiselika.com",making,"""chisel"" (a tool for carving) + ""-ika"" (bright and quick (playful coinage)) — evokes chisel with a sense of bright and quick.",2026-07-23T22:05:03.814Z
553,"chiselmira.com",making,"""chisel"" (a tool for carving) + ""-mira"" (wonder (from Latin mirari, to marvel)) — evokes chisel with a sense of wonder.",2026-07-23T22:05:03.814Z
554,"chiselora.com",making,"""chisel"" (a tool for carving) + ""-ora"" (an hour / a shining moment) — evokes chisel with a sense of an hour / a shining moment.",2026-07-23T22:05:03.814Z
555,"chiseloso.com",making,"""chisel"" (a tool for carving) + ""-oso"" (full of (Spanish/Italian -oso)) — evokes chisel with a sense of full of.",2026-07-23T22:05:03.814Z
556,"chiselova.com",making,"""chisel"" (a tool for carving) + ""-ova"" (new (from Latin novus)) — evokes chisel with a sense of new.",2026-07-23T22:05:03.814Z
557,"chiselume.com",making,"""chisel"" (a tool for carving) + ""-lume"" (light (from Latin lumen)) — evokes chisel with a sense of light.",2026-07-23T22:05:03.814Z
558,"chiselvel.com",making,"""chisel"" (a tool for carving) + ""-vel"" (swift and lively (from velocity)) — evokes chisel with a sense of swift and lively.",2026-07-23T22:05:03.814Z
559,"chiselyx.com",making,"""chisel"" (a tool for carving) + ""-yx"" (crystalline finish (like onyx)) — evokes chisel with a sense of crystalline finish.",2026-07-23T22:05:03.814Z
560,"cinderaura.com",making,"""cinder"" (a bit of burnt fuel) + ""-aura"" (a glow or atmosphere) — evokes cinder with a sense of a glow or atmosphere.",2026-07-23T22:08:39.207Z
561,"cindercairn.com",making,"""cinder"" (a bit of burnt fuel) + ""-cairn"" (a stack of stones that marks a path) — evokes cinder with a sense of a stack of stones that marks a path.",2026-07-23T22:08:39.207Z
562,"cindereon.com",making,"""cinder"" (a bit of burnt fuel) + ""-eon"" (an age / something lasting) — evokes cinder with a sense of an age / something lasting.",2026-07-23T22:08:39.207Z
563,"cinderera.com",making,"""cinder"" (a bit of burnt fuel) + ""-era"" (an age of its own) — evokes cinder with a sense of an age of its own.",2026-07-23T22:08:39.207Z
564,"cinderlume.com",making,"""cinder"" (a bit of burnt fuel) + ""-lume"" (light (from Latin lumen)) — evokes cinder with a sense of light.",2026-07-23T22:08:39.207Z
565,"cindermira.com",making,"""cinder"" (a bit of burnt fuel) + ""-mira"" (wonder (from Latin mirari)) — evokes cinder with a sense of wonder.",2026-07-23T22:08:39.207Z
566,"cinderora.com",making,"""cinder"" (a bit of burnt fuel) + ""-ora"" (an hour / a shining moment) — evokes cinder with a sense of an hour / a shining moment.",2026-07-23T22:08:39.207Z
567,"cinderova.com",making,"""cinder"" (a bit of burnt fuel) + ""-ova"" (new (from Latin novus)) — evokes cinder with a sense of new.",2026-07-23T22:08:39.207Z
568,"cindersigil.com",making,"""cinder"" (a bit of burnt fuel) + ""-sigil"" (a symbol with power) — evokes cinder with a sense of a symbol with power.",2026-07-23T22:08:39.207Z
569,"cinderune.com",making,"""cinder"" (a bit of burnt fuel) + ""-rune"" (an ancient symbol of meaning) — evokes cinder with a sense of an ancient symbol of meaning.",2026-07-23T22:08:39.207Z
570,"cindervel.com",making,"""cinder"" (a bit of burnt fuel) + ""-vel"" (swift and lively (from velocity)) — evokes cinder with a sense of swift and lively.",2026-07-23T22:08:39.207Z
571,"cobblecairn.com",making,"""cobble"" (to piece together by hand) + ""-cairn"" (a stack of stones that marks a path) — evokes cobble with a sense of a stack of stones that marks a path.",2026-07-23T22:08:39.207Z
572,"cobbleflux.com",making,"""cobble"" (to piece together by hand) + ""-flux"" (flow / constant motion) — evokes cobble with a sense of flow / constant motion.",2026-07-23T22:08:39.207Z
573,"cobbleix.com",making,"""cobble"" (to piece together by hand) + ""-ix"" (a crisp modern tail (like Netflix)) — evokes cobble with a sense of a crisp modern tail.",2026-07-23T22:08:39.207Z
574,"cobblelume.com",making,"""cobble"" (to piece together by hand) + ""-lume"" (light (from Latin lumen)) — evokes cobble with a sense of light.",2026-07-23T22:08:39.207Z
575,"cobblemira.com",making,"""cobble"" (to piece together by hand) + ""-mira"" (wonder (from Latin mirari)) — evokes cobble with a sense of wonder.",2026-07-23T22:08:39.207Z
576,"cobbleora.com",making,"""cobble"" (to piece together by hand) + ""-ora"" (an hour / a shining moment) — evokes cobble with a sense of an hour / a shining moment.",2026-07-23T22:08:39.207Z
577,"cobbleova.com",making,"""cobble"" (to piece together by hand) + ""-ova"" (new (from Latin novus)) — evokes cobble with a sense of new.",2026-07-23T22:08:39.207Z
578,"cobblera.com",making,"""cobble"" (to piece together by hand) + ""-era"" (an age of its own) — evokes cobble with a sense of an age of its own.",2026-07-23T22:08:39.207Z
579,"cobblerune.com",making,"""cobble"" (to piece together by hand) + ""-rune"" (an ancient symbol of meaning) — evokes cobble with a sense of an ancient symbol of meaning.",2026-07-23T22:08:39.207Z
580,"cobblesigil.com",making,"""cobble"" (to piece together by hand) + ""-sigil"" (a symbol with power) — evokes cobble with a sense of a symbol with power.",2026-07-23T22:08:39.207Z
581,"cobbleura.com",making,"""cobble"" (to piece together by hand) + ""-aura"" (a glow or atmosphere) — evokes cobble with a sense of a glow or atmosphere.",2026-07-23T22:08:39.207Z
582,"cobblevel.com",making,"""cobble"" (to piece together by hand) + ""-vel"" (swift and lively (from velocity)) — evokes cobble with a sense of swift and lively.",2026-07-23T22:08:39.207Z
583,"cobblewave.com",making,"""cobble"" (to piece together by hand) + ""-wave"" (a moving pulse) — evokes cobble with a sense of a moving pulse.",2026-07-23T22:08:39.207Z
584,"cradlecairn.com",making,"""cradle"" (where something begins) + ""-cairn"" (a stack of stones that marks a path) — evokes cradle with a sense of a stack of stones that marks a path.",2026-07-23T22:08:39.207Z
585,"cradleflux.com",making,"""cradle"" (where something begins) + ""-flux"" (flow / constant motion) — evokes cradle with a sense of flow / constant motion.",2026-07-23T22:08:39.207Z
586,"cradlelume.com",making,"""cradle"" (where something begins) + ""-lume"" (light (from Latin lumen)) — evokes cradle with a sense of light.",2026-07-23T22:08:39.207Z
587,"cradlemira.com",making,"""cradle"" (where something begins) + ""-mira"" (wonder (from Latin mirari)) — evokes cradle with a sense of wonder.",2026-07-23T22:08:39.207Z
588,"cradleon.com",making,"""cradle"" (where something begins) + ""-eon"" (an age / something lasting) — evokes cradle with a sense of an age / something lasting.",2026-07-23T22:08:39.207Z
589,"cradleora.com",making,"""cradle"" (where something begins) + ""-ora"" (an hour / a shining moment) — evokes cradle with a sense of an hour / a shining moment.",2026-07-23T22:08:39.207Z
590,"cradleova.com",making,"""cradle"" (where something begins) + ""-ova"" (new (from Latin novus)) — evokes cradle with a sense of new.",2026-07-23T22:08:39.207Z
591,"cradlera.com",making,"""cradle"" (where something begins) + ""-era"" (an age of its own) — evokes cradle with a sense of an age of its own.",2026-07-23T22:08:39.207Z
592,"cradlerune.com",making,"""cradle"" (where something begins) + ""-rune"" (an ancient symbol of meaning) — evokes cradle with a sense of an ancient symbol of meaning.",2026-07-23T22:08:39.207Z
593,"cradlesigil.com",making,"""cradle"" (where something begins) + ""-sigil"" (a symbol with power) — evokes cradle with a sense of a symbol with power.",2026-07-23T22:08:39.207Z
594,"cradleura.com",making,"""cradle"" (where something begins) + ""-aura"" (a glow or atmosphere) — evokes cradle with a sense of a glow or atmosphere.",2026-07-23T22:08:39.207Z
595,"cradlevel.com",making,"""cradle"" (where something begins) + ""-vel"" (swift and lively (from velocity)) — evokes cradle with a sense of swift and lively.",2026-07-23T22:08:39.207Z
596,"craftetto.com",making,"""craft"" (to make with skill) + ""-etto"" (little one (Italian diminutive)) — evokes craft with a sense of little one.",2026-07-23T22:05:03.813Z
597,"craftvel.com",making,"""craft"" (to make with skill) + ""-vel"" (swift and lively (from velocity)) — evokes craft with a sense of swift and lively.",2026-07-23T22:05:03.813Z
598,"cursorbloom.com",making,"""cursor"" (typing spot) + ""bloom"" (blossom) — ideas blossom at the cursor.",2026-07-23T22:05:03.814Z
599,"draftetto.com",making,"""draft"" (an early version) + ""-etto"" (little one (Italian diminutive)) — evokes draft with a sense of little one.",2026-07-23T22:05:03.813Z
600,"draftmira.com",making,"""draft"" (an early version) + ""-mira"" (wonder (from Latin mirari, to marvel)) — evokes draft with a sense of wonder.",2026-07-23T22:05:03.813Z
601,"draftoso.com",making,"""draft"" (an early version) + ""-oso"" (full of (Spanish/Italian -oso)) — evokes draft with a sense of full of.",2026-07-23T22:05:03.813Z
602,"draftvel.com",making,"""draft"" (an early version) + ""-vel"" (swift and lively (from velocity)) — evokes draft with a sense of swift and lively.",2026-07-23T22:05:03.813Z
603,"embereon.com",making,"""ember"" (a glowing bit of fire) + ""-eon"" (an age / something lasting) — evokes ember with a sense of an age / something lasting.",2026-07-23T22:05:03.814Z
604,"emberetto.com",making,"""ember"" (a glowing bit of fire) + ""-etto"" (little one (Italian diminutive)) — evokes ember with a sense of little one.",2026-07-23T22:05:03.814Z
605,"emberika.com",making,"""ember"" (a glowing bit of fire) + ""-ika"" (bright and quick (playful coinage)) — evokes ember with a sense of bright and quick.",2026-07-23T22:05:03.814Z
606,"embermira.com",making,"""ember"" (a glowing bit of fire) + ""-mira"" (wonder (from Latin mirari, to marvel)) — evokes ember with a sense of wonder.",2026-07-23T22:05:03.814Z
607,"emberoso.com",making,"""ember"" (a glowing bit of fire) + ""-oso"" (full of (Spanish/Italian -oso)) — evokes ember with a sense of full of.",2026-07-23T22:05:03.814Z
608,"etchcairn.com",making,"""etch"" (to cut a design in) + ""-cairn"" (a stack of stones that marks a path) — evokes etch with a sense of a stack of stones that marks a path.",2026-07-23T22:08:39.207Z
609,"etchlume.com",making,"""etch"" (to cut a design in) + ""-lume"" (light (from Latin lumen)) — evokes etch with a sense of light.",2026-07-23T22:08:39.207Z
610,"etchmira.com",making,"""etch"" (to cut a design in) + ""-mira"" (wonder (from Latin mirari)) — evokes etch with a sense of wonder.",2026-07-23T22:08:39.207Z
611,"etchova.com",making,"""etch"" (to cut a design in) + ""-ova"" (new (from Latin novus)) — evokes etch with a sense of new.",2026-07-23T22:08:39.207Z
612,"etchrune.com",making,"""etch"" (to cut a design in) + ""-rune"" (an ancient symbol of meaning) — evokes etch with a sense of an ancient symbol of meaning.",2026-07-23T22:08:39.207Z
613,"etchsigil.com",making,"""etch"" (to cut a design in) + ""-sigil"" (a symbol with power) — evokes etch with a sense of a symbol with power.",2026-07-23T22:08:39.207Z
614,"etchvel.com",making,"""etch"" (to cut a design in) + ""-vel"" (swift and lively (from velocity)) — evokes etch with a sense of swift and lively.",2026-07-23T22:08:39.207Z
615,"forgeari.com",making,"""forge"" (to shape metal / make things) + ""-ari"" (a maker or keeper) — evokes forge with a sense of a maker or keeper.",2026-07-23T22:05:03.813Z
616,"forgeika.com",making,"""forge"" (to shape metal / make things) + ""-ika"" (bright and quick (playful coinage)) — evokes forge with a sense of bright and quick.",2026-07-23T22:05:03.813Z
617,"forgemira.com",making,"""forge"" (to shape metal / make things) + ""-mira"" (wonder (from Latin mirari, to marvel)) — evokes forge with a sense of wonder.",2026-07-23T22:05:03.813Z
618,"forgeoso.com",making,"""forge"" (to shape metal / make things) + ""-oso"" (full of (Spanish/Italian -oso)) — evokes forge with a sense of full of.",2026-07-23T22:05:03.813Z
619,"forgeryaura.com",making,"""forgery"" (the craft of the forge) + ""-aura"" (a glow or atmosphere) — evokes forgery with a sense of a glow or atmosphere.",2026-07-23T22:08:39.207Z
620,"forgerycairn.com",making,"""forgery"" (the craft of the forge) + ""-cairn"" (a stack of stones that marks a path) — evokes forgery with a sense of a stack of stones that marks a path.",2026-07-23T22:08:39.207Z
621,"forgeryeon.com",making,"""forgery"" (the craft of the forge) + ""-eon"" (an age / something lasting) — evokes forgery with a sense of an age / something lasting.",2026-07-23T22:08:39.207Z
622,"forgeryera.com",making,"""forgery"" (the craft of the forge) + ""-era"" (an age of its own) — evokes forgery with a sense of an age of its own.",2026-07-23T22:08:39.207Z
623,"forgeryflux.com",making,"""forgery"" (the craft of the forge) + ""-flux"" (flow / constant motion) — evokes forgery with a sense of flow / constant motion.",2026-07-23T22:08:39.207Z
624,"forgeryix.com",making,"""forgery"" (the craft of the forge) + ""-ix"" (a crisp modern tail (like Netflix)) — evokes forgery with a sense of a crisp modern tail.",2026-07-23T22:08:39.207Z
625,"forgerylume.com",making,"""forgery"" (the craft of the forge) + ""-lume"" (light (from Latin lumen)) — evokes forgery with a sense of light.",2026-07-23T22:08:39.207Z
626,"forgerymira.com",making,"""forgery"" (the craft of the forge) + ""-mira"" (wonder (from Latin mirari)) — evokes forgery with a sense of wonder.",2026-07-23T22:08:39.207Z
627,"forgeryora.com",making,"""forgery"" (the craft of the forge) + ""-ora"" (an hour / a shining moment) — evokes forgery with a sense of an hour / a shining moment.",2026-07-23T22:08:39.207Z
628,"forgeryova.com",making,"""forgery"" (the craft of the forge) + ""-ova"" (new (from Latin novus)) — evokes forgery with a sense of new.",2026-07-23T22:08:39.207Z
629,"forgeryrune.com",making,"""forgery"" (the craft of the forge) + ""-rune"" (an ancient symbol of meaning) — evokes forgery with a sense of an ancient symbol of meaning.",2026-07-23T22:08:39.207Z
630,"forgerysigil.com",making,"""forgery"" (the craft of the forge) + ""-sigil"" (a symbol with power) — evokes forgery with a sense of a symbol with power.",2026-07-23T22:08:39.207Z
631,"forgeryvel.com",making,"""forgery"" (the craft of the forge) + ""-vel"" (swift and lively (from velocity)) — evokes forgery with a sense of swift and lively.",2026-07-23T22:08:39.207Z
632,"forgerywave.com",making,"""forgery"" (the craft of the forge) + ""-wave"" (a moving pulse) — evokes forgery with a sense of a moving pulse.",2026-07-23T22:08:39.207Z
633,"forgeura.com",making,"""forge"" (to shape metal / make things) + ""-aura"" (a glow or atmosphere) — evokes forge with a sense of a glow or atmosphere.",2026-07-23T22:05:03.813Z
634,"forgevel.com",making,"""forge"" (to shape metal / make things) + ""-vel"" (swift and lively (from velocity)) — evokes forge with a sense of swift and lively.",2026-07-23T22:05:03.813Z
635,"kilneon.com",making,"""kiln"" (an oven that hardens clay) + ""-eon"" (an age / something lasting) — evokes kiln with a sense of an age / something lasting.",2026-07-23T22:05:03.813Z
636,"kilnetto.com",making,"""kiln"" (an oven that hardens clay) + ""-etto"" (little one (Italian diminutive)) — evokes kiln with a sense of little one.",2026-07-23T22:05:03.813Z
637,"kilnflux.com",making,"""kiln"" (an oven that hardens clay) + ""-flux"" (flow / constant motion) — evokes kiln with a sense of flow / constant motion.",2026-07-23T22:05:03.813Z
638,"kilnika.com",making,"""kiln"" (an oven that hardens clay) + ""-ika"" (bright and quick (playful coinage)) — evokes kiln with a sense of bright and quick.",2026-07-23T22:05:03.813Z
639,"kilnlume.com",making,"""kiln"" (an oven that hardens clay) + ""-lume"" (light (from Latin lumen)) — evokes kiln with a sense of light.",2026-07-23T22:05:03.813Z
640,"kilnmira.com",making,"""kiln"" (an oven that hardens clay) + ""-mira"" (wonder (from Latin mirari, to marvel)) — evokes kiln with a sense of wonder.",2026-07-23T22:05:03.813Z
641,"kilnoso.com",making,"""kiln"" (an oven that hardens clay) + ""-oso"" (full of (Spanish/Italian -oso)) — evokes kiln with a sense of full of.",2026-07-23T22:05:03.813Z
642,"kilnvel.com",making,"""kiln"" (an oven that hardens clay) + ""-vel"" (swift and lively (from velocity)) — evokes kiln with a sense of swift and lively.",2026-07-23T22:05:03.813Z
643,"kilnyx.com",making,"""kiln"" (an oven that hardens clay) + ""-yx"" (crystalline finish (like onyx)) — evokes kiln with a sense of crystalline finish.",2026-07-23T22:05:03.813Z
644,"kindleari.com",making,"""kindle"" (to light a fire) + ""-ari"" (a maker or keeper) — evokes kindle with a sense of a maker or keeper.",2026-07-23T22:05:03.813Z
645,"kindleify.com",making,"""kindle"" (to light a fire) + ""-ify"" (to turn into) — evokes kindle with a sense of to turn into.",2026-07-23T22:05:03.813Z
646,"kindleika.com",making,"""kindle"" (to light a fire) + ""-ika"" (bright and quick (playful coinage)) — evokes kindle with a sense of bright and quick.",2026-07-23T22:05:03.813Z
647,"kindlelume.com",making,"""kindle"" (to light a fire) + ""-lume"" (light (from Latin lumen)) — evokes kindle with a sense of light.",2026-07-23T22:05:03.813Z
648,"kindlemira.com",making,"""kindle"" (to light a fire) + ""-mira"" (wonder (from Latin mirari, to marvel)) — evokes kindle with a sense of wonder.",2026-07-23T22:05:03.813Z
649,"kindleora.com",making,"""kindle"" (to light a fire) + ""-ora"" (an hour / a shining moment) — evokes kindle with a sense of an hour / a shining moment.",2026-07-23T22:05:03.813Z
650,"kindleoso.com",making,"""kindle"" (to light a fire) + ""-oso"" (full of (Spanish/Italian -oso)) — evokes kindle with a sense of full of.",2026-07-23T22:05:03.813Z
651,"kindleova.com",making,"""kindle"" (to light a fire) + ""-ova"" (new (from Latin novus)) — evokes kindle with a sense of new.",2026-07-23T22:05:03.813Z
652,"kindletto.com",making,"""kindle"" (to light a fire) + ""-etto"" (little one (Italian diminutive)) — evokes kindle with a sense of little one.",2026-07-23T22:05:03.813Z
653,"kindleura.com",making,"""kindle"" (to light a fire) + ""-aura"" (a glow or atmosphere) — evokes kindle with a sense of a glow or atmosphere.",2026-07-23T22:05:03.813Z
654,"kindleyx.com",making,"""kindle"" (to light a fire) + ""-yx"" (crystalline finish (like onyx)) — evokes kindle with a sense of crystalline finish.",2026-07-23T22:05:03.813Z
655,"kintsugicairn.com",making,"""kintsugi"" (mending cracks with gold) + ""-cairn"" (a stack of stones that marks a path) — evokes kintsugi with a sense of a stack of stones that marks a path.",2026-07-23T22:08:39.207Z
656,"kintsugiera.com",making,"""kintsugi"" (mending cracks with gold) + ""-era"" (an age of its own) — evokes kintsugi with a sense of an age of its own.",2026-07-23T22:08:39.207Z
657,"kintsugiflux.com",making,"""kintsugi"" (mending cracks with gold) + ""-flux"" (flow / constant motion) — evokes kintsugi with a sense of flow / constant motion.",2026-07-23T22:08:39.207Z
658,"kintsugilume.com",making,"""kintsugi"" (mending cracks with gold) + ""-lume"" (light (from Latin lumen)) — evokes kintsugi with a sense of light.",2026-07-23T22:08:39.207Z
659,"kintsugimira.com",making,"""kintsugi"" (mending cracks with gold) + ""-mira"" (wonder (from Latin mirari)) — evokes kintsugi with a sense of wonder.",2026-07-23T22:08:39.207Z
660,"kintsugion.com",making,"""kintsugi"" (mending cracks with gold) + ""-eon"" (an age / something lasting) — evokes kintsugi with a sense of an age / something lasting.",2026-07-23T22:08:39.207Z
661,"kintsugiora.com",making,"""kintsugi"" (mending cracks with gold) + ""-ora"" (an hour / a shining moment) — evokes kintsugi with a sense of an hour / a shining moment.",2026-07-23T22:08:39.207Z
662,"kintsugiova.com",making,"""kintsugi"" (mending cracks with gold) + ""-ova"" (new (from Latin novus)) — evokes kintsugi with a sense of new.",2026-07-23T22:08:39.207Z
663,"kintsugirune.com",making,"""kintsugi"" (mending cracks with gold) + ""-rune"" (an ancient symbol of meaning) — evokes kintsugi with a sense of an ancient symbol of meaning.",2026-07-23T22:08:39.207Z
664,"kintsugisigil.com",making,"""kintsugi"" (mending cracks with gold) + ""-sigil"" (a symbol with power) — evokes kintsugi with a sense of a symbol with power.",2026-07-23T22:08:39.207Z
665,"kintsugiura.com",making,"""kintsugi"" (mending cracks with gold) + ""-aura"" (a glow or atmosphere) — evokes kintsugi with a sense of a glow or atmosphere.",2026-07-23T22:08:39.207Z
666,"kintsugivel.com",making,"""kintsugi"" (mending cracks with gold) + ""-vel"" (swift and lively (from velocity)) — evokes kintsugi with a sense of swift and lively.",2026-07-23T22:08:39.207Z
667,"kintsugiwave.com",making,"""kintsugi"" (mending cracks with gold) + ""-wave"" (a moving pulse) — evokes kintsugi with a sense of a moving pulse.",2026-07-23T22:08:39.207Z
668,"latticecairn.com",making,"""lattice"" (a crossed framework) + ""-cairn"" (a stack of stones that marks a path) — evokes lattice with a sense of a stack of stones that marks a path.",2026-07-23T22:08:39.207Z
669,"latticeix.com",making,"""lattice"" (a crossed framework) + ""-ix"" (a crisp modern tail (like Netflix)) — evokes lattice with a sense of a crisp modern tail.",2026-07-23T22:08:39.207Z
670,"latticelume.com",making,"""lattice"" (a crossed framework) + ""-lume"" (light (from Latin lumen)) — evokes lattice with a sense of light.",2026-07-23T22:08:39.207Z
671,"latticemira.com",making,"""lattice"" (a crossed framework) + ""-mira"" (wonder (from Latin mirari)) — evokes lattice with a sense of wonder.",2026-07-23T22:08:39.207Z
672,"latticeora.com",making,"""lattice"" (a crossed framework) + ""-ora"" (an hour / a shining moment) — evokes lattice with a sense of an hour / a shining moment.",2026-07-23T22:08:39.207Z
673,"latticeova.com",making,"""lattice"" (a crossed framework) + ""-ova"" (new (from Latin novus)) — evokes lattice with a sense of new.",2026-07-23T22:08:39.207Z
674,"latticerune.com",making,"""lattice"" (a crossed framework) + ""-rune"" (an ancient symbol of meaning) — evokes lattice with a sense of an ancient symbol of meaning.",2026-07-23T22:08:39.207Z
675,"latticesigil.com",making,"""lattice"" (a crossed framework) + ""-sigil"" (a symbol with power) — evokes lattice with a sense of a symbol with power.",2026-07-23T22:08:39.207Z
676,"latticeura.com",making,"""lattice"" (a crossed framework) + ""-aura"" (a glow or atmosphere) — evokes lattice with a sense of a glow or atmosphere.",2026-07-23T22:08:39.207Z
677,"latticevel.com",making,"""lattice"" (a crossed framework) + ""-vel"" (swift and lively (from velocity)) — evokes lattice with a sense of swift and lively.",2026-07-23T22:08:39.207Z
678,"loometto.com",making,"""loom"" (a machine for weaving) + ""-etto"" (little one (Italian diminutive)) — evokes loom with a sense of little one.",2026-07-23T22:05:03.813Z
679,"loomoso.com",making,"""loom"" (a machine for weaving) + ""-oso"" (full of (Spanish/Italian -oso)) — evokes loom with a sense of full of.",2026-07-23T22:05:03.813Z
680,"loomvel.com",making,"""loom"" (a machine for weaving) + ""-vel"" (swift and lively (from velocity)) — evokes loom with a sense of swift and lively.",2026-07-23T22:05:03.813Z
681,"mintetto.com",making,"""mint"" (to create fresh (as in coins)) + ""-etto"" (little one (Italian diminutive)) — evokes mint with a sense of little one.",2026-07-23T22:05:03.813Z
682,"mintmira.com",making,"""mint"" (to create fresh (as in coins)) + ""-mira"" (wonder (from Latin mirari, to marvel)) — evokes mint with a sense of wonder.",2026-07-23T22:05:03.813Z
683,"mintvel.com",making,"""mint"" (to create fresh (as in coins)) + ""-vel"" (swift and lively (from velocity)) — evokes mint with a sense of swift and lively.",2026-07-23T22:05:03.813Z
684,"mosaicari.com",making,"""mosaic"" (art from many small pieces) + ""-ari"" (a maker or keeper) — evokes mosaic with a sense of a maker or keeper.",2026-07-23T22:05:03.814Z
685,"mosaicaura.com",making,"""mosaic"" (art from many small pieces) + ""-aura"" (a glow or atmosphere) — evokes mosaic with a sense of a glow or atmosphere.",2026-07-23T22:05:03.814Z
686,"mosaiceon.com",making,"""mosaic"" (art from many small pieces) + ""-eon"" (an age / something lasting) — evokes mosaic with a sense of an age / something lasting.",2026-07-23T22:05:03.814Z
687,"mosaicetto.com",making,"""mosaic"" (art from many small pieces) + ""-etto"" (little one (Italian diminutive)) — evokes mosaic with a sense of little one.",2026-07-23T22:05:03.814Z
688,"mosaicflux.com",making,"""mosaic"" (art from many small pieces) + ""-flux"" (flow / constant motion) — evokes mosaic with a sense of flow / constant motion.",2026-07-23T22:05:03.814Z
689,"mosaicika.com",making,"""mosaic"" (art from many small pieces) + ""-ika"" (bright and quick (playful coinage)) — evokes mosaic with a sense of bright and quick.",2026-07-23T22:05:03.814Z
690,"mosaiclume.com",making,"""mosaic"" (art from many small pieces) + ""-lume"" (light (from Latin lumen)) — evokes mosaic with a sense of light.",2026-07-23T22:05:03.814Z
691,"mosaicmira.com",making,"""mosaic"" (art from many small pieces) + ""-mira"" (wonder (from Latin mirari, to marvel)) — evokes mosaic with a sense of wonder.",2026-07-23T22:05:03.814Z
692,"mosaicora.com",making,"""mosaic"" (art from many small pieces) + ""-ora"" (an hour / a shining moment) — evokes mosaic with a sense of an hour / a shining moment.",2026-07-23T22:05:03.814Z
693,"mosaicoso.com",making,"""mosaic"" (art from many small pieces) + ""-oso"" (full of (Spanish/Italian -oso)) — evokes mosaic with a sense of full of.",2026-07-23T22:05:03.814Z
694,"mosaicova.com",making,"""mosaic"" (art from many small pieces) + ""-ova"" (new (from Latin novus)) — evokes mosaic with a sense of new.",2026-07-23T22:05:03.814Z
695,"mosaicvel.com",making,"""mosaic"" (art from many small pieces) + ""-vel"" (swift and lively (from velocity)) — evokes mosaic with a sense of swift and lively.",2026-07-23T22:05:03.814Z
696,"mosaicyx.com",making,"""mosaic"" (art from many small pieces) + ""-yx"" (crystalline finish (like onyx)) — evokes mosaic with a sense of crystalline finish.",2026-07-23T22:05:03.814Z
697,"museoso.com",making,"""muse"" (a source of inspiration) + ""-oso"" (full of (Spanish/Italian -oso)) — evokes muse with a sense of full of.",2026-07-23T22:05:03.813Z
698,"musevel.com",making,"""muse"" (a source of inspiration) + ""-vel"" (swift and lively (from velocity)) — evokes muse with a sense of swift and lively.",2026-07-23T22:05:03.813Z
699,"museyx.com",making,"""muse"" (a source of inspiration) + ""-yx"" (crystalline finish (like onyx)) — evokes muse with a sense of crystalline finish.",2026-07-23T22:05:03.813Z
700,"origamicairn.com",making,"""origami"" (the art of paper folding) + ""-cairn"" (a stack of stones that marks a path) — evokes origami with a sense of a stack of stones that marks a path.",2026-07-23T22:08:39.207Z
701,"origamiera.com",making,"""origami"" (the art of paper folding) + ""-era"" (an age of its own) — evokes origami with a sense of an age of its own.",2026-07-23T22:08:39.207Z
702,"origamiflux.com",making,"""origami"" (the art of paper folding) + ""-flux"" (flow / constant motion) — evokes origami with a sense of flow / constant motion.",2026-07-23T22:08:39.207Z
703,"origamilume.com",making,"""origami"" (the art of paper folding) + ""-lume"" (light (from Latin lumen)) — evokes origami with a sense of light.",2026-07-23T22:08:39.207Z
704,"origamimira.com",making,"""origami"" (the art of paper folding) + ""-mira"" (wonder (from Latin mirari)) — evokes origami with a sense of wonder.",2026-07-23T22:08:39.207Z
705,"origamion.com",making,"""origami"" (the art of paper folding) + ""-eon"" (an age / something lasting) — evokes origami with a sense of an age / something lasting.",2026-07-23T22:08:39.207Z
706,"origamiora.com",making,"""origami"" (the art of paper folding) + ""-ora"" (an hour / a shining moment) — evokes origami with a sense of an hour / a shining moment.",2026-07-23T22:08:39.207Z
707,"origamiova.com",making,"""origami"" (the art of paper folding) + ""-ova"" (new (from Latin novus)) — evokes origami with a sense of new.",2026-07-23T22:08:39.207Z
708,"origamirune.com",making,"""origami"" (the art of paper folding) + ""-rune"" (an ancient symbol of meaning) — evokes origami with a sense of an ancient symbol of meaning.",2026-07-23T22:08:39.207Z
709,"origamisigil.com",making,"""origami"" (the art of paper folding) + ""-sigil"" (a symbol with power) — evokes origami with a sense of a symbol with power.",2026-07-23T22:08:39.207Z
710,"origamiura.com",making,"""origami"" (the art of paper folding) + ""-aura"" (a glow or atmosphere) — evokes origami with a sense of a glow or atmosphere.",2026-07-23T22:08:39.207Z
711,"origamivel.com",making,"""origami"" (the art of paper folding) + ""-vel"" (swift and lively (from velocity)) — evokes origami with a sense of swift and lively.",2026-07-23T22:08:39.207Z
712,"origamiwave.com",making,"""origami"" (the art of paper folding) + ""-wave"" (a moving pulse) — evokes origami with a sense of a moving pulse.",2026-07-23T22:08:39.207Z
713,"parchmentaura.com",making,"""parchment"" (an old writing surface) + ""-aura"" (a glow or atmosphere) — evokes parchment with a sense of a glow or atmosphere.",2026-07-23T22:08:39.207Z
714,"parchmenteon.com",making,"""parchment"" (an old writing surface) + ""-eon"" (an age / something lasting) — evokes parchment with a sense of an age / something lasting.",2026-07-23T22:08:39.207Z
715,"parchmentera.com",making,"""parchment"" (an old writing surface) + ""-era"" (an age of its own) — evokes parchment with a sense of an age of its own.",2026-07-23T22:08:39.207Z
716,"parchmentflux.com",making,"""parchment"" (an old writing surface) + ""-flux"" (flow / constant motion) — evokes parchment with a sense of flow / constant motion.",2026-07-23T22:08:39.207Z
717,"parchmentix.com",making,"""parchment"" (an old writing surface) + ""-ix"" (a crisp modern tail (like Netflix)) — evokes parchment with a sense of a crisp modern tail.",2026-07-23T22:08:39.207Z
718,"parchmentlume.com",making,"""parchment"" (an old writing surface) + ""-lume"" (light (from Latin lumen)) — evokes parchment with a sense of light.",2026-07-23T22:08:39.207Z
719,"parchmentmira.com",making,"""parchment"" (an old writing surface) + ""-mira"" (wonder (from Latin mirari)) — evokes parchment with a sense of wonder.",2026-07-23T22:08:39.207Z
720,"parchmentora.com",making,"""parchment"" (an old writing surface) + ""-ora"" (an hour / a shining moment) — evokes parchment with a sense of an hour / a shining moment.",2026-07-23T22:08:39.207Z
721,"parchmentova.com",making,"""parchment"" (an old writing surface) + ""-ova"" (new (from Latin novus)) — evokes parchment with a sense of new.",2026-07-23T22:08:39.207Z
722,"parchmentrune.com",making,"""parchment"" (an old writing surface) + ""-rune"" (an ancient symbol of meaning) — evokes parchment with a sense of an ancient symbol of meaning.",2026-07-23T22:08:39.207Z
723,"parchmentvel.com",making,"""parchment"" (an old writing surface) + ""-vel"" (swift and lively (from velocity)) — evokes parchment with a sense of swift and lively.",2026-07-23T22:08:39.207Z
724,"parchmentwave.com",making,"""parchment"" (an old writing surface) + ""-wave"" (a moving pulse) — evokes parchment with a sense of a moving pulse.",2026-07-23T22:08:39.207Z
725,"polishcairn.com",making,"""polish"" (to refine to a shine) + ""-cairn"" (a stack of stones that marks a path) — evokes polish with a sense of a stack of stones that marks a path.",2026-07-23T22:08:39.207Z
726,"polisheon.com",making,"""polish"" (to refine to a shine) + ""-eon"" (an age / something lasting) — evokes polish with a sense of an age / something lasting.",2026-07-23T22:08:39.207Z
727,"polishera.com",making,"""polish"" (to refine to a shine) + ""-era"" (an age of its own) — evokes polish with a sense of an age of its own.",2026-07-23T22:08:39.207Z
728,"polishflux.com",making,"""polish"" (to refine to a shine) + ""-flux"" (flow / constant motion) — evokes polish with a sense of flow / constant motion.",2026-07-23T22:08:39.207Z
729,"polishix.com",making,"""polish"" (to refine to a shine) + ""-ix"" (a crisp modern tail (like Netflix)) — evokes polish with a sense of a crisp modern tail.",2026-07-23T22:08:39.207Z
730,"polishlume.com",making,"""polish"" (to refine to a shine) + ""-lume"" (light (from Latin lumen)) — evokes polish with a sense of light.",2026-07-23T22:08:39.207Z
731,"polishmira.com",making,"""polish"" (to refine to a shine) + ""-mira"" (wonder (from Latin mirari)) — evokes polish with a sense of wonder.",2026-07-23T22:08:39.207Z
732,"polishova.com",making,"""polish"" (to refine to a shine) + ""-ova"" (new (from Latin novus)) — evokes polish with a sense of new.",2026-07-23T22:08:39.207Z
733,"polishrune.com",making,"""polish"" (to refine to a shine) + ""-rune"" (an ancient symbol of meaning) — evokes polish with a sense of an ancient symbol of meaning.",2026-07-23T22:08:39.207Z
734,"polishsigil.com",making,"""polish"" (to refine to a shine) + ""-sigil"" (a symbol with power) — evokes polish with a sense of a symbol with power.",2026-07-23T22:08:39.207Z
735,"polishvel.com",making,"""polish"" (to refine to a shine) + ""-vel"" (swift and lively (from velocity)) — evokes polish with a sense of swift and lively.",2026-07-23T22:08:39.207Z
736,"prismetto.com",making,"""prism"" (splits light into colors) + ""-etto"" (little one (Italian diminutive)) — evokes prism with a sense of little one.",2026-07-23T22:05:03.814Z
737,"prismvel.com",making,"""prism"" (splits light into colors) + ""-vel"" (swift and lively (from velocity)) — evokes prism with a sense of swift and lively.",2026-07-23T22:05:03.814Z
738,"quartzari.com",making,"""quartz"" (a crystal / precision) + ""-ari"" (a maker or keeper) — evokes quartz with a sense of a maker or keeper.",2026-07-23T22:05:03.814Z
739,"quartzaura.com",making,"""quartz"" (a crystal / precision) + ""-aura"" (a glow or atmosphere) — evokes quartz with a sense of a glow or atmosphere.",2026-07-23T22:05:03.814Z
740,"quartzeon.com",making,"""quartz"" (a crystal / precision) + ""-eon"" (an age / something lasting) — evokes quartz with a sense of an age / something lasting.",2026-07-23T22:05:03.814Z
741,"quartzika.com",making,"""quartz"" (a crystal / precision) + ""-ika"" (bright and quick (playful coinage)) — evokes quartz with a sense of bright and quick.",2026-07-23T22:05:03.814Z
742,"quartzlume.com",making,"""quartz"" (a crystal / precision) + ""-lume"" (light (from Latin lumen)) — evokes quartz with a sense of light.",2026-07-23T22:05:03.814Z
743,"quartzmira.com",making,"""quartz"" (a crystal / precision) + ""-mira"" (wonder (from Latin mirari, to marvel)) — evokes quartz with a sense of wonder.",2026-07-23T22:05:03.814Z
744,"quartzoso.com",making,"""quartz"" (a crystal / precision) + ""-oso"" (full of (Spanish/Italian -oso)) — evokes quartz with a sense of full of.",2026-07-23T22:05:03.814Z
745,"quartzova.com",making,"""quartz"" (a crystal / precision) + ""-ova"" (new (from Latin novus)) — evokes quartz with a sense of new.",2026-07-23T22:05:03.814Z
746,"quartzvel.com",making,"""quartz"" (a crystal / precision) + ""-vel"" (swift and lively (from velocity)) — evokes quartz with a sense of swift and lively.",2026-07-23T22:05:03.814Z
747,"quartzyx.com",making,"""quartz"" (a crystal / precision) + ""-yx"" (crystalline finish (like onyx)) — evokes quartz with a sense of crystalline finish.",2026-07-23T22:05:03.814Z
748,"quillcairn.com",making,"""quill"" (a writing pen) + ""-cairn"" (a stack of stones that marks a path) — evokes quill with a sense of a stack of stones that marks a path.",2026-07-23T22:08:39.207Z
749,"quillflux.com",making,"""quill"" (a writing pen) + ""-flux"" (flow / constant motion) — evokes quill with a sense of flow / constant motion.",2026-07-23T22:08:39.207Z
750,"quillmira.com",making,"""quill"" (a writing pen) + ""-mira"" (wonder (from Latin mirari)) — evokes quill with a sense of wonder.",2026-07-23T22:08:39.207Z
751,"banterari.com",vibe,"""banter"" (playful back-and-forth talk) + ""-ari"" (a maker or keeper) — evokes banter with a sense of a maker or keeper.",2026-07-23T22:05:03.814Z
752,"banteraura.com",vibe,"""banter"" (playful back-and-forth talk) + ""-aura"" (a glow or atmosphere) — evokes banter with a sense of a glow or atmosphere.",2026-07-23T22:05:03.814Z
753,"bantereon.com",vibe,"""banter"" (playful back-and-forth talk) + ""-eon"" (an age / something lasting) — evokes banter with a sense of an age / something lasting.",2026-07-23T22:05:03.814Z
754,"banteretto.com",vibe,"""banter"" (playful back-and-forth talk) + ""-etto"" (little one (Italian diminutive)) — evokes banter with a sense of little one.",2026-07-23T22:05:03.814Z
755,"banterflux.com",vibe,"""banter"" (playful back-and-forth talk) + ""-flux"" (flow / constant motion) — evokes banter with a sense of flow / constant motion.",2026-07-23T22:05:03.814Z
756,"banterika.com",vibe,"""banter"" (playful back-and-forth talk) + ""-ika"" (bright and quick (playful coinage)) — evokes banter with a sense of bright and quick.",2026-07-23T22:05:03.814Z
757,"banterlume.com",vibe,"""banter"" (playful back-and-forth talk) + ""-lume"" (light (from Latin lumen)) — evokes banter with a sense of light.",2026-07-23T22:05:03.814Z
758,"bantermira.com",vibe,"""banter"" (playful back-and-forth talk) + ""-mira"" (wonder (from Latin mirari, to marvel)) — evokes banter with a sense of wonder.",2026-07-23T22:05:03.814Z
759,"banterora.com",vibe,"""banter"" (playful back-and-forth talk) + ""-ora"" (an hour / a shining moment) — evokes banter with a sense of an hour / a shining moment.",2026-07-23T22:05:03.814Z
760,"banteroso.com",vibe,"""banter"" (playful back-and-forth talk) + ""-oso"" (full of (Spanish/Italian -oso)) — evokes banter with a sense of full of.",2026-07-23T22:05:03.814Z
761,"banterova.com",vibe,"""banter"" (playful back-and-forth talk) + ""-ova"" (new (from Latin novus)) — evokes banter with a sense of new.",2026-07-23T22:05:03.814Z
762,"bantervel.com",vibe,"""banter"" (playful back-and-forth talk) + ""-vel"" (swift and lively (from velocity)) — evokes banter with a sense of swift and lively.",2026-07-23T22:05:03.814Z
763,"banteryx.com",vibe,"""banter"" (playful back-and-forth talk) + ""-yx"" (crystalline finish (like onyx)) — evokes banter with a sense of crystalline finish.",2026-07-23T22:05:03.814Z
764,"blithecairn.com",vibe,"""blithe"" (carefree and happy) + ""-cairn"" (a stack of stones that marks a path) — evokes blithe with a sense of a stack of stones that marks a path.",2026-07-23T22:08:39.207Z
765,"blitheflux.com",vibe,"""blithe"" (carefree and happy) + ""-flux"" (flow / constant motion) — evokes blithe with a sense of flow / constant motion.",2026-07-23T22:08:39.207Z
766,"blitheix.com",vibe,"""blithe"" (carefree and happy) + ""-ix"" (a crisp modern tail (like Netflix)) — evokes blithe with a sense of a crisp modern tail.",2026-07-23T22:08:39.207Z
767,"blithelume.com",vibe,"""blithe"" (carefree and happy) + ""-lume"" (light (from Latin lumen)) — evokes blithe with a sense of light.",2026-07-23T22:08:39.207Z
768,"blithemira.com",vibe,"""blithe"" (carefree and happy) + ""-mira"" (wonder (from Latin mirari)) — evokes blithe with a sense of wonder.",2026-07-23T22:08:39.207Z
769,"blitheon.com",vibe,"""blithe"" (carefree and happy) + ""-eon"" (an age / something lasting) — evokes blithe with a sense of an age / something lasting.",2026-07-23T22:08:39.207Z
770,"blitheora.com",vibe,"""blithe"" (carefree and happy) + ""-ora"" (an hour / a shining moment) — evokes blithe with a sense of an hour / a shining moment.",2026-07-23T22:08:39.207Z
771,"blitheova.com",vibe,"""blithe"" (carefree and happy) + ""-ova"" (new (from Latin novus)) — evokes blithe with a sense of new.",2026-07-23T22:08:39.207Z
772,"blitherune.com",vibe,"""blithe"" (carefree and happy) + ""-rune"" (an ancient symbol of meaning) — evokes blithe with a sense of an ancient symbol of meaning.",2026-07-23T22:08:39.207Z
773,"blithesigil.com",vibe,"""blithe"" (carefree and happy) + ""-sigil"" (a symbol with power) — evokes blithe with a sense of a symbol with power.",2026-07-23T22:08:39.207Z
774,"blitheura.com",vibe,"""blithe"" (carefree and happy) + ""-aura"" (a glow or atmosphere) — evokes blithe with a sense of a glow or atmosphere.",2026-07-23T22:08:39.207Z
775,"blithevel.com",vibe,"""blithe"" (carefree and happy) + ""-vel"" (swift and lively (from velocity)) — evokes blithe with a sense of swift and lively.",2026-07-23T22:08:39.207Z
776,"blithewave.com",vibe,"""blithe"" (carefree and happy) + ""-wave"" (a moving pulse) — evokes blithe with a sense of a moving pulse.",2026-07-23T22:08:39.207Z
777,"breezyari.com",vibe,"""breezy"" (easy and relaxed) + ""-ari"" (a maker or keeper) — evokes breezy with a sense of a maker or keeper.",2026-07-23T22:05:03.814Z
778,"breezyaura.com",vibe,"""breezy"" (easy and relaxed) + ""-aura"" (a glow or atmosphere) — evokes breezy with a sense of a glow or atmosphere.",2026-07-23T22:05:03.814Z
779,"breezydebug.com",vibe,"""breezy"" (relaxed) + ""debug"" (fix errors) — bug-fixing without the stress.",2026-07-23T22:05:03.814Z
780,"breezyeon.com",vibe,"""breezy"" (easy and relaxed) + ""-eon"" (an age / something lasting) — evokes breezy with a sense of an age / something lasting.",2026-07-23T22:05:03.814Z
781,"breezyetto.com",vibe,"""breezy"" (easy and relaxed) + ""-etto"" (little one (Italian diminutive)) — evokes breezy with a sense of little one.",2026-07-23T22:05:03.814Z
782,"breezyflux.com",vibe,"""breezy"" (easy and relaxed) + ""-flux"" (flow / constant motion) — evokes breezy with a sense of flow / constant motion.",2026-07-23T22:05:03.814Z
783,"breezyify.com",vibe,"""breezy"" (easy and relaxed) + ""-ify"" (to turn into) — evokes breezy with a sense of to turn into.",2026-07-23T22:05:03.814Z
784,"breezyika.com",vibe,"""breezy"" (easy and relaxed) + ""-ika"" (bright and quick (playful coinage)) — evokes breezy with a sense of bright and quick.",2026-07-23T22:05:03.814Z
785,"breezylume.com",vibe,"""breezy"" (easy and relaxed) + ""-lume"" (light (from Latin lumen)) — evokes breezy with a sense of light.",2026-07-23T22:05:03.814Z
786,"breezymira.com",vibe,"""breezy"" (easy and relaxed) + ""-mira"" (wonder (from Latin mirari, to marvel)) — evokes breezy with a sense of wonder.",2026-07-23T22:05:03.814Z
787,"breezyora.com",vibe,"""breezy"" (easy and relaxed) + ""-ora"" (an hour / a shining moment) — evokes breezy with a sense of an hour / a shining moment.",2026-07-23T22:05:03.814Z
788,"breezyoso.com",vibe,"""breezy"" (easy and relaxed) + ""-oso"" (full of (Spanish/Italian -oso)) — evokes breezy with a sense of full of.",2026-07-23T22:05:03.814Z
789,"breezyova.com",vibe,"""breezy"" (easy and relaxed) + ""-ova"" (new (from Latin novus)) — evokes breezy with a sense of new.",2026-07-23T22:05:03.814Z
790,"breezyvel.com",vibe,"""breezy"" (easy and relaxed) + ""-vel"" (swift and lively (from velocity)) — evokes breezy with a sense of swift and lively.",2026-07-23T22:05:03.814Z
791,"cheekyaura.com",vibe,"""cheeky"" (playfully bold) + ""-aura"" (a glow or atmosphere) — evokes cheeky with a sense of a glow or atmosphere.",2026-07-23T22:08:39.207Z
792,"cheekycairn.com",vibe,"""cheeky"" (playfully bold) + ""-cairn"" (a stack of stones that marks a path) — evokes cheeky with a sense of a stack of stones that marks a path.",2026-07-23T22:08:39.207Z
793,"cheekyeon.com",vibe,"""cheeky"" (playfully bold) + ""-eon"" (an age / something lasting) — evokes cheeky with a sense of an age / something lasting.",2026-07-23T22:08:39.207Z
794,"cheekyera.com",vibe,"""cheeky"" (playfully bold) + ""-era"" (an age of its own) — evokes cheeky with a sense of an age of its own.",2026-07-23T22:08:39.207Z
795,"cheekyflux.com",vibe,"""cheeky"" (playfully bold) + ""-flux"" (flow / constant motion) — evokes cheeky with a sense of flow / constant motion.",2026-07-23T22:08:39.207Z
796,"cheekyix.com",vibe,"""cheeky"" (playfully bold) + ""-ix"" (a crisp modern tail (like Netflix)) — evokes cheeky with a sense of a crisp modern tail.",2026-07-23T22:08:39.207Z
797,"cheekylume.com",vibe,"""cheeky"" (playfully bold) + ""-lume"" (light (from Latin lumen)) — evokes cheeky with a sense of light.",2026-07-23T22:08:39.207Z
798,"cheekymira.com",vibe,"""cheeky"" (playfully bold) + ""-mira"" (wonder (from Latin mirari)) — evokes cheeky with a sense of wonder.",2026-07-23T22:08:39.207Z
799,"cheekyora.com",vibe,"""cheeky"" (playfully bold) + ""-ora"" (an hour / a shining moment) — evokes cheeky with a sense of an hour / a shining moment.",2026-07-23T22:08:39.207Z
800,"cheekyova.com",vibe,"""cheeky"" (playfully bold) + ""-ova"" (new (from Latin novus)) — evokes cheeky with a sense of new.",2026-07-23T22:08:39.207Z
801,"cheekyrune.com",vibe,"""cheeky"" (playfully bold) + ""-rune"" (an ancient symbol of meaning) — evokes cheeky with a sense of an ancient symbol of meaning.",2026-07-23T22:08:39.207Z
802,"cheekysigil.com",vibe,"""cheeky"" (playfully bold) + ""-sigil"" (a symbol with power) — evokes cheeky with a sense of a symbol with power.",2026-07-23T22:08:39.207Z
803,"cheekyvel.com",vibe,"""cheeky"" (playfully bold) + ""-vel"" (swift and lively (from velocity)) — evokes cheeky with a sense of swift and lively.",2026-07-23T22:08:39.207Z
804,"cheekywave.com",vibe,"""cheeky"" (playfully bold) + ""-wave"" (a moving pulse) — evokes cheeky with a sense of a moving pulse.",2026-07-23T22:08:39.207Z
805,"chillmira.com",vibe,"""chill"" (relaxed) + ""-mira"" (wonder (from Latin mirari, to marvel)) — evokes chill with a sense of wonder.",2026-07-23T22:05:03.814Z
806,"chilloso.com",vibe,"""chill"" (relaxed) + ""-oso"" (full of (Spanish/Italian -oso)) — evokes chill with a sense of full of.",2026-07-23T22:05:03.814Z
807,"cozyeon.com",vibe,"""cozy"" (warm and comfortable) + ""-eon"" (an age / something lasting) — evokes cozy with a sense of an age / something lasting.",2026-07-23T22:08:39.207Z
808,"cozyova.com",vibe,"""cozy"" (warm and comfortable) + ""-ova"" (new (from Latin novus)) — evokes cozy with a sense of new.",2026-07-23T22:08:39.207Z
809,"cozyrune.com",vibe,"""cozy"" (warm and comfortable) + ""-rune"" (an ancient symbol of meaning) — evokes cozy with a sense of an ancient symbol of meaning.",2026-07-23T22:08:39.207Z
810,"cozysigil.com",vibe,"""cozy"" (warm and comfortable) + ""-sigil"" (a symbol with power) — evokes cozy with a sense of a symbol with power.",2026-07-23T22:08:39.207Z
811,"cozyvel.com",vibe,"""cozy"" (warm and comfortable) + ""-vel"" (swift and lively (from velocity)) — evokes cozy with a sense of swift and lively.",2026-07-23T22:08:39.207Z
812,"dapperaura.com",vibe,"""dapper"" (sharp and stylish) + ""-aura"" (a glow or atmosphere) — evokes dapper with a sense of a glow or atmosphere.",2026-07-23T22:08:39.207Z
813,"dappercairn.com",vibe,"""dapper"" (sharp and stylish) + ""-cairn"" (a stack of stones that marks a path) — evokes dapper with a sense of a stack of stones that marks a path.",2026-07-23T22:08:39.207Z
814,"dappereon.com",vibe,"""dapper"" (sharp and stylish) + ""-eon"" (an age / something lasting) — evokes dapper with a sense of an age / something lasting.",2026-07-23T22:08:39.207Z
815,"dapperera.com",vibe,"""dapper"" (sharp and stylish) + ""-era"" (an age of its own) — evokes dapper with a sense of an age of its own.",2026-07-23T22:08:39.207Z
816,"dapperflux.com",vibe,"""dapper"" (sharp and stylish) + ""-flux"" (flow / constant motion) — evokes dapper with a sense of flow / constant motion.",2026-07-23T22:08:39.207Z
817,"dapperix.com",vibe,"""dapper"" (sharp and stylish) + ""-ix"" (a crisp modern tail (like Netflix)) — evokes dapper with a sense of a crisp modern tail.",2026-07-23T22:08:39.207Z
818,"dapperlume.com",vibe,"""dapper"" (sharp and stylish) + ""-lume"" (light (from Latin lumen)) — evokes dapper with a sense of light.",2026-07-23T22:08:39.207Z
819,"dappermira.com",vibe,"""dapper"" (sharp and stylish) + ""-mira"" (wonder (from Latin mirari)) — evokes dapper with a sense of wonder.",2026-07-23T22:08:39.207Z
820,"dapperora.com",vibe,"""dapper"" (sharp and stylish) + ""-ora"" (an hour / a shining moment) — evokes dapper with a sense of an hour / a shining moment.",2026-07-23T22:08:39.207Z
821,"dapperova.com",vibe,"""dapper"" (sharp and stylish) + ""-ova"" (new (from Latin novus)) — evokes dapper with a sense of new.",2026-07-23T22:08:39.207Z
822,"dappersigil.com",vibe,"""dapper"" (sharp and stylish) + ""-sigil"" (a symbol with power) — evokes dapper with a sense of a symbol with power.",2026-07-23T22:08:39.207Z
823,"dapperune.com",vibe,"""dapper"" (sharp and stylish) + ""-rune"" (an ancient symbol of meaning) — evokes dapper with a sense of an ancient symbol of meaning.",2026-07-23T22:08:39.207Z
824,"dappervel.com",vibe,"""dapper"" (sharp and stylish) + ""-vel"" (swift and lively (from velocity)) — evokes dapper with a sense of swift and lively.",2026-07-23T22:08:39.207Z
825,"dapperwave.com",vibe,"""dapper"" (sharp and stylish) + ""-wave"" (a moving pulse) — evokes dapper with a sense of a moving pulse.",2026-07-23T22:08:39.207Z
826,"dazzleari.com",vibe,"""dazzle"" (to impress brilliantly) + ""-ari"" (a maker or keeper) — evokes dazzle with a sense of a maker or keeper.",2026-07-23T22:05:03.814Z
827,"dazzleflux.com",vibe,"""dazzle"" (to impress brilliantly) + ""-flux"" (flow / constant motion) — evokes dazzle with a sense of flow / constant motion.",2026-07-23T22:05:03.814Z
828,"dazzleika.com",vibe,"""dazzle"" (to impress brilliantly) + ""-ika"" (bright and quick (playful coinage)) — evokes dazzle with a sense of bright and quick.",2026-07-23T22:05:03.814Z
829,"dazzlemira.com",vibe,"""dazzle"" (to impress brilliantly) + ""-mira"" (wonder (from Latin mirari, to marvel)) — evokes dazzle with a sense of wonder.",2026-07-23T22:05:03.814Z
830,"dazzleora.com",vibe,"""dazzle"" (to impress brilliantly) + ""-ora"" (an hour / a shining moment) — evokes dazzle with a sense of an hour / a shining moment.",2026-07-23T22:05:03.814Z
831,"dazzleoso.com",vibe,"""dazzle"" (to impress brilliantly) + ""-oso"" (full of (Spanish/Italian -oso)) — evokes dazzle with a sense of full of.",2026-07-23T22:05:03.814Z
832,"dazzleova.com",vibe,"""dazzle"" (to impress brilliantly) + ""-ova"" (new (from Latin novus)) — evokes dazzle with a sense of new.",2026-07-23T22:05:03.814Z
833,"dazzletto.com",vibe,"""dazzle"" (to impress brilliantly) + ""-etto"" (little one (Italian diminutive)) — evokes dazzle with a sense of little one.",2026-07-23T22:05:03.814Z
834,"dazzleura.com",vibe,"""dazzle"" (to impress brilliantly) + ""-aura"" (a glow or atmosphere) — evokes dazzle with a sense of a glow or atmosphere.",2026-07-23T22:05:03.814Z
835,"dazzlevel.com",vibe,"""dazzle"" (to impress brilliantly) + ""-vel"" (swift and lively (from velocity)) — evokes dazzle with a sense of swift and lively.",2026-07-23T22:05:03.814Z
836,"dazzleyx.com",vibe,"""dazzle"" (to impress brilliantly) + ""-yx"" (crystalline finish (like onyx)) — evokes dazzle with a sense of crystalline finish.",2026-07-23T22:05:03.814Z
837,"doodleari.com",vibe,"""doodle"" (a casual little drawing) + ""-ari"" (a maker or keeper) — evokes doodle with a sense of a maker or keeper.",2026-07-23T22:05:03.814Z
838,"doodleify.com",vibe,"""doodle"" (a casual little drawing) + ""-ify"" (to turn into) — evokes doodle with a sense of to turn into.",2026-07-23T22:05:03.814Z
839,"doodleika.com",vibe,"""doodle"" (a casual little drawing) + ""-ika"" (bright and quick (playful coinage)) — evokes doodle with a sense of bright and quick.",2026-07-23T22:05:03.814Z
840,"doodlelume.com",vibe,"""doodle"" (a casual little drawing) + ""-lume"" (light (from Latin lumen)) — evokes doodle with a sense of light.",2026-07-23T22:05:03.814Z
841,"doodlemira.com",vibe,"""doodle"" (a casual little drawing) + ""-mira"" (wonder (from Latin mirari, to marvel)) — evokes doodle with a sense of wonder.",2026-07-23T22:05:03.814Z
842,"doodleora.com",vibe,"""doodle"" (a casual little drawing) + ""-ora"" (an hour / a shining moment) — evokes doodle with a sense of an hour / a shining moment.",2026-07-23T22:05:03.814Z
843,"doodleoso.com",vibe,"""doodle"" (a casual little drawing) + ""-oso"" (full of (Spanish/Italian -oso)) — evokes doodle with a sense of full of.",2026-07-23T22:05:03.814Z
844,"doodleova.com",vibe,"""doodle"" (a casual little drawing) + ""-ova"" (new (from Latin novus)) — evokes doodle with a sense of new.",2026-07-23T22:05:03.814Z
845,"doodletto.com",vibe,"""doodle"" (a casual little drawing) + ""-etto"" (little one (Italian diminutive)) — evokes doodle with a sense of little one.",2026-07-23T22:05:03.814Z
846,"doodleura.com",vibe,"""doodle"" (a casual little drawing) + ""-aura"" (a glow or atmosphere) — evokes doodle with a sense of a glow or atmosphere.",2026-07-23T22:05:03.814Z
847,"doodlevel.com",vibe,"""doodle"" (a casual little drawing) + ""-vel"" (swift and lively (from velocity)) — evokes doodle with a sense of swift and lively.",2026-07-23T22:05:03.814Z
848,"doodleyx.com",vibe,"""doodle"" (a casual little drawing) + ""-yx"" (crystalline finish (like onyx)) — evokes doodle with a sense of crystalline finish.",2026-07-23T22:05:03.814Z
849,"flowetto.com",vibe,"""flow"" (an effortless state) + ""-etto"" (little one (Italian diminutive)) — evokes flow with a sense of little one.",2026-07-23T22:05:03.814Z
850,"flowoso.com",vibe,"""flow"" (an effortless state) + ""-oso"" (full of (Spanish/Italian -oso)) — evokes flow with a sense of full of.",2026-07-23T22:05:03.814Z
851,"frolicari.com",vibe,"""frolic"" (to play joyfully) + ""-ari"" (a maker or keeper) — evokes frolic with a sense of a maker or keeper.",2026-07-23T22:05:03.814Z
852,"frolicaura.com",vibe,"""frolic"" (to play joyfully) + ""-aura"" (a glow or atmosphere) — evokes frolic with a sense of a glow or atmosphere.",2026-07-23T22:05:03.814Z
853,"froliceon.com",vibe,"""frolic"" (to play joyfully) + ""-eon"" (an age / something lasting) — evokes frolic with a sense of an age / something lasting.",2026-07-23T22:05:03.814Z
854,"frolicetto.com",vibe,"""frolic"" (to play joyfully) + ""-etto"" (little one (Italian diminutive)) — evokes frolic with a sense of little one.",2026-07-23T22:05:03.814Z
855,"frolicflux.com",vibe,"""frolic"" (to play joyfully) + ""-flux"" (flow / constant motion) — evokes frolic with a sense of flow / constant motion.",2026-07-23T22:05:03.814Z
856,"frolicify.com",vibe,"""frolic"" (to play joyfully) + ""-ify"" (to turn into) — evokes frolic with a sense of to turn into.",2026-07-23T22:05:03.814Z
857,"frolicika.com",vibe,"""frolic"" (to play joyfully) + ""-ika"" (bright and quick (playful coinage)) — evokes frolic with a sense of bright and quick.",2026-07-23T22:05:03.814Z
858,"froliclume.com",vibe,"""frolic"" (to play joyfully) + ""-lume"" (light (from Latin lumen)) — evokes frolic with a sense of light.",2026-07-23T22:05:03.814Z
859,"frolicmira.com",vibe,"""frolic"" (to play joyfully) + ""-mira"" (wonder (from Latin mirari, to marvel)) — evokes frolic with a sense of wonder.",2026-07-23T22:05:03.814Z
860,"frolicora.com",vibe,"""frolic"" (to play joyfully) + ""-ora"" (an hour / a shining moment) — evokes frolic with a sense of an hour / a shining moment.",2026-07-23T22:05:03.814Z
861,"frolicoso.com",vibe,"""frolic"" (to play joyfully) + ""-oso"" (full of (Spanish/Italian -oso)) — evokes frolic with a sense of full of.",2026-07-23T22:05:03.814Z
862,"frolicova.com",vibe,"""frolic"" (to play joyfully) + ""-ova"" (new (from Latin novus)) — evokes frolic with a sense of new.",2026-07-23T22:05:03.814Z
863,"frolicvel.com",vibe,"""frolic"" (to play joyfully) + ""-vel"" (swift and lively (from velocity)) — evokes frolic with a sense of swift and lively.",2026-07-23T22:05:03.814Z
864,"frolicyx.com",vibe,"""frolic"" (to play joyfully) + ""-yx"" (crystalline finish (like onyx)) — evokes frolic with a sense of crystalline finish.",2026-07-23T22:05:03.814Z
865,"giggleari.com",vibe,"""giggle"" (a light laugh) + ""-ari"" (a maker or keeper) — evokes giggle with a sense of a maker or keeper.",2026-07-23T22:05:03.814Z
866,"giggleify.com",vibe,"""giggle"" (a light laugh) + ""-ify"" (to turn into) — evokes giggle with a sense of to turn into.",2026-07-23T22:05:03.814Z
867,"giggleika.com",vibe,"""giggle"" (a light laugh) + ""-ika"" (bright and quick (playful coinage)) — evokes giggle with a sense of bright and quick.",2026-07-23T22:05:03.814Z
868,"gigglelume.com",vibe,"""giggle"" (a light laugh) + ""-lume"" (light (from Latin lumen)) — evokes giggle with a sense of light.",2026-07-23T22:05:03.814Z
869,"gigglemira.com",vibe,"""giggle"" (a light laugh) + ""-mira"" (wonder (from Latin mirari, to marvel)) — evokes giggle with a sense of wonder.",2026-07-23T22:05:03.814Z
870,"giggleora.com",vibe,"""giggle"" (a light laugh) + ""-ora"" (an hour / a shining moment) — evokes giggle with a sense of an hour / a shining moment.",2026-07-23T22:05:03.814Z
871,"giggleoso.com",vibe,"""giggle"" (a light laugh) + ""-oso"" (full of (Spanish/Italian -oso)) — evokes giggle with a sense of full of.",2026-07-23T22:05:03.814Z
872,"giggleova.com",vibe,"""giggle"" (a light laugh) + ""-ova"" (new (from Latin novus)) — evokes giggle with a sense of new.",2026-07-23T22:05:03.814Z
873,"giggletto.com",vibe,"""giggle"" (a light laugh) + ""-etto"" (little one (Italian diminutive)) — evokes giggle with a sense of little one.",2026-07-23T22:05:03.814Z
874,"giggleura.com",vibe,"""giggle"" (a light laugh) + ""-aura"" (a glow or atmosphere) — evokes giggle with a sense of a glow or atmosphere.",2026-07-23T22:05:03.814Z
875,"gigglevel.com",vibe,"""giggle"" (a light laugh) + ""-vel"" (swift and lively (from velocity)) — evokes giggle with a sense of swift and lively.",2026-07-23T22:05:03.814Z
876,"giggleyx.com",vibe,"""giggle"" (a light laugh) + ""-yx"" (crystalline finish (like onyx)) — evokes giggle with a sense of crystalline finish.",2026-07-23T22:05:03.814Z
877,"gleeari.com",vibe,"""glee"" (delighted joy) + ""-ari"" (a maker or keeper) — evokes glee with a sense of a maker or keeper.",2026-07-23T22:05:03.814Z
878,"gleeflux.com",vibe,"""glee"" (delighted joy) + ""-flux"" (flow / constant motion) — evokes glee with a sense of flow / constant motion.",2026-07-23T22:05:03.814Z
879,"gleeika.com",vibe,"""glee"" (delighted joy) + ""-ika"" (bright and quick (playful coinage)) — evokes glee with a sense of bright and quick.",2026-07-23T22:05:03.814Z
880,"gleelume.com",vibe,"""glee"" (delighted joy) + ""-lume"" (light (from Latin lumen)) — evokes glee with a sense of light.",2026-07-23T22:05:03.814Z
881,"gleemira.com",vibe,"""glee"" (delighted joy) + ""-mira"" (wonder (from Latin mirari, to marvel)) — evokes glee with a sense of wonder.",2026-07-23T22:05:03.814Z
882,"gleeoso.com",vibe,"""glee"" (delighted joy) + ""-oso"" (full of (Spanish/Italian -oso)) — evokes glee with a sense of full of.",2026-07-23T22:05:03.814Z
883,"gleeova.com",vibe,"""glee"" (delighted joy) + ""-ova"" (new (from Latin novus)) — evokes glee with a sense of new.",2026-07-23T22:05:03.814Z
884,"gleetto.com",vibe,"""glee"" (delighted joy) + ""-etto"" (little one (Italian diminutive)) — evokes glee with a sense of little one.",2026-07-23T22:05:03.814Z
885,"gleeura.com",vibe,"""glee"" (delighted joy) + ""-aura"" (a glow or atmosphere) — evokes glee with a sense of a glow or atmosphere.",2026-07-23T22:05:03.814Z
886,"gleevel.com",vibe,"""glee"" (delighted joy) + ""-vel"" (swift and lively (from velocity)) — evokes glee with a sense of swift and lively.",2026-07-23T22:05:03.814Z
887,"gleeyx.com",vibe,"""glee"" (delighted joy) + ""-yx"" (crystalline finish (like onyx)) — evokes glee with a sense of crystalline finish.",2026-07-23T22:05:03.814Z
888,"glowcompile.com",vibe,"""glow"" (warm light) + ""compile"" (build a program) — builds that feel good.",2026-07-23T22:05:03.814Z
889,"grooveari.com",vibe,"""groove"" (a smooth rhythm) + ""-ari"" (a maker or keeper) — evokes groove with a sense of a maker or keeper.",2026-07-23T22:05:03.814Z
890,"grooveika.com",vibe,"""groove"" (a smooth rhythm) + ""-ika"" (bright and quick (playful coinage)) — evokes groove with a sense of bright and quick.",2026-07-23T22:05:03.814Z
891,"groovelume.com",vibe,"""groove"" (a smooth rhythm) + ""-lume"" (light (from Latin lumen)) — evokes groove with a sense of light.",2026-07-23T22:05:03.814Z
892,"groovemira.com",vibe,"""groove"" (a smooth rhythm) + ""-mira"" (wonder (from Latin mirari, to marvel)) — evokes groove with a sense of wonder.",2026-07-23T22:05:03.814Z
893,"grooveora.com",vibe,"""groove"" (a smooth rhythm) + ""-ora"" (an hour / a shining moment) — evokes groove with a sense of an hour / a shining moment.",2026-07-23T22:05:03.814Z
894,"grooveoso.com",vibe,"""groove"" (a smooth rhythm) + ""-oso"" (full of (Spanish/Italian -oso)) — evokes groove with a sense of full of.",2026-07-23T22:05:03.814Z
895,"grooveova.com",vibe,"""groove"" (a smooth rhythm) + ""-ova"" (new (from Latin novus)) — evokes groove with a sense of new.",2026-07-23T22:05:03.814Z
896,"grooveura.com",vibe,"""groove"" (a smooth rhythm) + ""-aura"" (a glow or atmosphere) — evokes groove with a sense of a glow or atmosphere.",2026-07-23T22:05:03.814Z
897,"groovevel.com",vibe,"""groove"" (a smooth rhythm) + ""-vel"" (swift and lively (from velocity)) — evokes groove with a sense of swift and lively.",2026-07-23T22:05:03.814Z
898,"grooveyx.com",vibe,"""groove"" (a smooth rhythm) + ""-yx"" (crystalline finish (like onyx)) — evokes groove with a sense of crystalline finish.",2026-07-23T22:05:03.814Z
899,"gustocairn.com",vibe,"""gusto"" (hearty enjoyment) + ""-cairn"" (a stack of stones that marks a path) — evokes gusto with a sense of a stack of stones that marks a path.",2026-07-23T22:08:39.207Z
900,"gustoera.com",vibe,"""gusto"" (hearty enjoyment) + ""-era"" (an age of its own) — evokes gusto with a sense of an age of its own.",2026-07-23T22:08:39.207Z
901,"gustoflux.com",vibe,"""gusto"" (hearty enjoyment) + ""-flux"" (flow / constant motion) — evokes gusto with a sense of flow / constant motion.",2026-07-23T22:08:39.207Z
902,"gustoix.com",vibe,"""gusto"" (hearty enjoyment) + ""-ix"" (a crisp modern tail (like Netflix)) — evokes gusto with a sense of a crisp modern tail.",2026-07-23T22:08:39.207Z
903,"gustolume.com",vibe,"""gusto"" (hearty enjoyment) + ""-lume"" (light (from Latin lumen)) — evokes gusto with a sense of light.",2026-07-23T22:08:39.207Z
904,"gustomira.com",vibe,"""gusto"" (hearty enjoyment) + ""-mira"" (wonder (from Latin mirari)) — evokes gusto with a sense of wonder.",2026-07-23T22:08:39.207Z
905,"gustorune.com",vibe,"""gusto"" (hearty enjoyment) + ""-rune"" (an ancient symbol of meaning) — evokes gusto with a sense of an ancient symbol of meaning.",2026-07-23T22:08:39.207Z
906,"gustosigil.com",vibe,"""gusto"" (hearty enjoyment) + ""-sigil"" (a symbol with power) — evokes gusto with a sense of a symbol with power.",2026-07-23T22:08:39.207Z
907,"gustoura.com",vibe,"""gusto"" (hearty enjoyment) + ""-aura"" (a glow or atmosphere) — evokes gusto with a sense of a glow or atmosphere.",2026-07-23T22:08:39.207Z
908,"gustovel.com",vibe,"""gusto"" (hearty enjoyment) + ""-vel"" (swift and lively (from velocity)) — evokes gusto with a sense of swift and lively.",2026-07-23T22:08:39.207Z
909,"jametto.com",vibe,"""jam"" (a casual creative session) + ""-etto"" (little one (Italian diminutive)) — evokes jam with a sense of little one.",2026-07-23T22:05:03.814Z
910,"jamlume.com",vibe,"""jam"" (a casual creative session) + ""-lume"" (light (from Latin lumen)) — evokes jam with a sense of light.",2026-07-23T22:05:03.814Z
911,"jamvel.com",vibe,"""jam"" (a casual creative session) + ""-vel"" (swift and lively (from velocity)) — evokes jam with a sense of swift and lively.",2026-07-23T22:05:03.814Z
912,"jauntyaura.com",vibe,"""jaunty"" (cheerful and lively) + ""-aura"" (a glow or atmosphere) — evokes jaunty with a sense of a glow or atmosphere.",2026-07-23T22:08:39.207Z
913,"jauntycairn.com",vibe,"""jaunty"" (cheerful and lively) + ""-cairn"" (a stack of stones that marks a path) — evokes jaunty with a sense of a stack of stones that marks a path.",2026-07-23T22:08:39.207Z
914,"jauntyeon.com",vibe,"""jaunty"" (cheerful and lively) + ""-eon"" (an age / something lasting) — evokes jaunty with a sense of an age / something lasting.",2026-07-23T22:08:39.207Z
915,"jauntyera.com",vibe,"""jaunty"" (cheerful and lively) + ""-era"" (an age of its own) — evokes jaunty with a sense of an age of its own.",2026-07-23T22:08:39.207Z
916,"jauntyflux.com",vibe,"""jaunty"" (cheerful and lively) + ""-flux"" (flow / constant motion) — evokes jaunty with a sense of flow / constant motion.",2026-07-23T22:08:39.207Z
917,"jauntyix.com",vibe,"""jaunty"" (cheerful and lively) + ""-ix"" (a crisp modern tail (like Netflix)) — evokes jaunty with a sense of a crisp modern tail.",2026-07-23T22:08:39.207Z
918,"jauntylume.com",vibe,"""jaunty"" (cheerful and lively) + ""-lume"" (light (from Latin lumen)) — evokes jaunty with a sense of light.",2026-07-23T22:08:39.207Z
919,"jauntymira.com",vibe,"""jaunty"" (cheerful and lively) + ""-mira"" (wonder (from Latin mirari)) — evokes jaunty with a sense of wonder.",2026-07-23T22:08:39.207Z
920,"jauntyora.com",vibe,"""jaunty"" (cheerful and lively) + ""-ora"" (an hour / a shining moment) — evokes jaunty with a sense of an hour / a shining moment.",2026-07-23T22:08:39.207Z
921,"jauntyova.com",vibe,"""jaunty"" (cheerful and lively) + ""-ova"" (new (from Latin novus)) — evokes jaunty with a sense of new.",2026-07-23T22:08:39.207Z
922,"jauntyrune.com",vibe,"""jaunty"" (cheerful and lively) + ""-rune"" (an ancient symbol of meaning) — evokes jaunty with a sense of an ancient symbol of meaning.",2026-07-23T22:08:39.207Z
923,"jauntysigil.com",vibe,"""jaunty"" (cheerful and lively) + ""-sigil"" (a symbol with power) — evokes jaunty with a sense of a symbol with power.",2026-07-23T22:08:39.207Z
924,"jauntyvel.com",vibe,"""jaunty"" (cheerful and lively) + ""-vel"" (swift and lively (from velocity)) — evokes jaunty with a sense of swift and lively.",2026-07-23T22:08:39.207Z
925,"jauntywave.com",vibe,"""jaunty"" (cheerful and lively) + ""-wave"" (a moving pulse) — evokes jaunty with a sense of a moving pulse.",2026-07-23T22:08:39.207Z
926,"luckycairn.com",vibe,"""lucky"" (fortunate) + ""-cairn"" (a stack of stones that marks a path) — evokes lucky with a sense of a stack of stones that marks a path.",2026-07-23T22:08:39.207Z
927,"luckymira.com",vibe,"""lucky"" (fortunate) + ""-mira"" (wonder (from Latin mirari)) — evokes lucky with a sense of wonder.",2026-07-23T22:08:39.207Z
928,"luckyova.com",vibe,"""lucky"" (fortunate) + ""-ova"" (new (from Latin novus)) — evokes lucky with a sense of new.",2026-07-23T22:08:39.207Z
929,"luckyvel.com",vibe,"""lucky"" (fortunate) + ""-vel"" (swift and lively (from velocity)) — evokes lucky with a sense of swift and lively.",2026-07-23T22:08:39.207Z
930,"mellowcairn.com",vibe,"""mellow"" (calm and easy) + ""-cairn"" (a stack of stones that marks a path) — evokes mellow with a sense of a stack of stones that marks a path.",2026-07-23T22:08:39.207Z
931,"melloweon.com",vibe,"""mellow"" (calm and easy) + ""-eon"" (an age / something lasting) — evokes mellow with a sense of an age / something lasting.",2026-07-23T22:08:39.207Z
932,"mellowflux.com",vibe,"""mellow"" (calm and easy) + ""-flux"" (flow / constant motion) — evokes mellow with a sense of flow / constant motion.",2026-07-23T22:08:39.207Z
933,"mellowova.com",vibe,"""mellow"" (calm and easy) + ""-ova"" (new (from Latin novus)) — evokes mellow with a sense of new.",2026-07-23T22:08:39.207Z
934,"mellowrune.com",vibe,"""mellow"" (calm and easy) + ""-rune"" (an ancient symbol of meaning) — evokes mellow with a sense of an ancient symbol of meaning.",2026-07-23T22:08:39.207Z
935,"mellowsigil.com",vibe,"""mellow"" (calm and easy) + ""-sigil"" (a symbol with power) — evokes mellow with a sense of a symbol with power.",2026-07-23T22:08:39.207Z
936,"mellowvel.com",vibe,"""mellow"" (calm and easy) + ""-vel"" (swift and lively (from velocity)) — evokes mellow with a sense of swift and lively.",2026-07-23T22:08:39.207Z
937,"merrycairn.com",vibe,"""merry"" (joyful) + ""-cairn"" (a stack of stones that marks a path) — evokes merry with a sense of a stack of stones that marks a path.",2026-07-23T22:08:39.207Z
938,"merryeon.com",vibe,"""merry"" (joyful) + ""-eon"" (an age / something lasting) — evokes merry with a sense of an age / something lasting.",2026-07-23T22:08:39.207Z
939,"merryflux.com",vibe,"""merry"" (joyful) + ""-flux"" (flow / constant motion) — evokes merry with a sense of flow / constant motion.",2026-07-23T22:08:39.207Z
940,"merryix.com",vibe,"""merry"" (joyful) + ""-ix"" (a crisp modern tail (like Netflix)) — evokes merry with a sense of a crisp modern tail.",2026-07-23T22:08:39.207Z
941,"merrymira.com",vibe,"""merry"" (joyful) + ""-mira"" (wonder (from Latin mirari)) — evokes merry with a sense of wonder.",2026-07-23T22:08:39.207Z
942,"merryrune.com",vibe,"""merry"" (joyful) + ""-rune"" (an ancient symbol of meaning) — evokes merry with a sense of an ancient symbol of meaning.",2026-07-23T22:08:39.207Z
943,"merrysigil.com",vibe,"""merry"" (joyful) + ""-sigil"" (a symbol with power) — evokes merry with a sense of a symbol with power.",2026-07-23T22:08:39.207Z
944,"merryvel.com",vibe,"""merry"" (joyful) + ""-vel"" (swift and lively (from velocity)) — evokes merry with a sense of swift and lively.",2026-07-23T22:08:39.207Z
945,"merrywave.com",vibe,"""merry"" (joyful) + ""-wave"" (a moving pulse) — evokes merry with a sense of a moving pulse.",2026-07-23T22:08:39.207Z
946,"niftyaura.com",vibe,"""nifty"" (clever and neat) + ""-aura"" (a glow or atmosphere) — evokes nifty with a sense of a glow or atmosphere.",2026-07-23T22:08:39.207Z
947,"niftycairn.com",vibe,"""nifty"" (clever and neat) + ""-cairn"" (a stack of stones that marks a path) — evokes nifty with a sense of a stack of stones that marks a path.",2026-07-23T22:08:39.207Z
948,"niftyeon.com",vibe,"""nifty"" (clever and neat) + ""-eon"" (an age / something lasting) — evokes nifty with a sense of an age / something lasting.",2026-07-23T22:08:39.207Z
949,"niftyix.com",vibe,"""nifty"" (clever and neat) + ""-ix"" (a crisp modern tail (like Netflix)) — evokes nifty with a sense of a crisp modern tail.",2026-07-23T22:08:39.207Z
950,"niftylume.com",vibe,"""nifty"" (clever and neat) + ""-lume"" (light (from Latin lumen)) — evokes nifty with a sense of light.",2026-07-23T22:08:39.207Z
951,"niftymira.com",vibe,"""nifty"" (clever and neat) + ""-mira"" (wonder (from Latin mirari)) — evokes nifty with a sense of wonder.",2026-07-23T22:08:39.207Z
952,"niftyova.com",vibe,"""nifty"" (clever and neat) + ""-ova"" (new (from Latin novus)) — evokes nifty with a sense of new.",2026-07-23T22:08:39.207Z
953,"niftyrune.com",vibe,"""nifty"" (clever and neat) + ""-rune"" (an ancient symbol of meaning) — evokes nifty with a sense of an ancient symbol of meaning.",2026-07-23T22:08:39.207Z
954,"niftysigil.com",vibe,"""nifty"" (clever and neat) + ""-sigil"" (a symbol with power) — evokes nifty with a sense of a symbol with power.",2026-07-23T22:08:39.207Z
955,"niftyvel.com",vibe,"""nifty"" (clever and neat) + ""-vel"" (swift and lively (from velocity)) — evokes nifty with a sense of swift and lively.",2026-07-23T22:08:39.207Z
956,"nimbuscairn.com",vibe,"""nimbus"" (a bright halo cloud) + ""-cairn"" (a stack of stones that marks a path) — evokes nimbus with a sense of a stack of stones that marks a path.",2026-07-23T22:08:39.207Z
957,"nimbuseon.com",vibe,"""nimbus"" (a bright halo cloud) + ""-eon"" (an age / something lasting) — evokes nimbus with a sense of an age / something lasting.",2026-07-23T22:08:39.207Z
958,"nimbusera.com",vibe,"""nimbus"" (a bright halo cloud) + ""-era"" (an age of its own) — evokes nimbus with a sense of an age of its own.",2026-07-23T22:08:39.207Z
959,"nimbusigil.com",vibe,"""nimbus"" (a bright halo cloud) + ""-sigil"" (a symbol with power) — evokes nimbus with a sense of a symbol with power.",2026-07-23T22:08:39.207Z
960,"nimbuslume.com",vibe,"""nimbus"" (a bright halo cloud) + ""-lume"" (light (from Latin lumen)) — evokes nimbus with a sense of light.",2026-07-23T22:08:39.207Z
961,"nimbusmira.com",vibe,"""nimbus"" (a bright halo cloud) + ""-mira"" (wonder (from Latin mirari)) — evokes nimbus with a sense of wonder.",2026-07-23T22:08:39.207Z
962,"nimbusova.com",vibe,"""nimbus"" (a bright halo cloud) + ""-ova"" (new (from Latin novus)) — evokes nimbus with a sense of new.",2026-07-23T22:08:39.207Z
963,"nimbusrune.com",vibe,"""nimbus"" (a bright halo cloud) + ""-rune"" (an ancient symbol of meaning) — evokes nimbus with a sense of an ancient symbol of meaning.",2026-07-23T22:08:39.207Z
964,"nimbusvel.com",vibe,"""nimbus"" (a bright halo cloud) + ""-vel"" (swift and lively (from velocity)) — evokes nimbus with a sense of swift and lively.",2026-07-23T22:08:39.207Z
965,"noodleari.com",vibe,"""noodle"" (to tinker playfully) + ""-ari"" (a maker or keeper) — evokes noodle with a sense of a maker or keeper.",2026-07-23T22:05:03.814Z
966,"noodleflux.com",vibe,"""noodle"" (to tinker playfully) + ""-flux"" (flow / constant motion) — evokes noodle with a sense of flow / constant motion.",2026-07-23T22:05:03.814Z
967,"noodleify.com",vibe,"""noodle"" (to tinker playfully) + ""-ify"" (to turn into) — evokes noodle with a sense of to turn into.",2026-07-23T22:05:03.814Z
968,"noodleika.com",vibe,"""noodle"" (to tinker playfully) + ""-ika"" (bright and quick (playful coinage)) — evokes noodle with a sense of bright and quick.",2026-07-23T22:05:03.814Z
969,"noodlelume.com",vibe,"""noodle"" (to tinker playfully) + ""-lume"" (light (from Latin lumen)) — evokes noodle with a sense of light.",2026-07-23T22:05:03.814Z
970,"noodleora.com",vibe,"""noodle"" (to tinker playfully) + ""-ora"" (an hour / a shining moment) — evokes noodle with a sense of an hour / a shining moment.",2026-07-23T22:05:03.814Z
971,"noodleoso.com",vibe,"""noodle"" (to tinker playfully) + ""-oso"" (full of (Spanish/Italian -oso)) — evokes noodle with a sense of full of.",2026-07-23T22:05:03.814Z
972,"noodleova.com",vibe,"""noodle"" (to tinker playfully) + ""-ova"" (new (from Latin novus)) — evokes noodle with a sense of new.",2026-07-23T22:05:03.814Z
973,"noodletto.com",vibe,"""noodle"" (to tinker playfully) + ""-etto"" (little one (Italian diminutive)) — evokes noodle with a sense of little one.",2026-07-23T22:05:03.814Z
974,"noodleura.com",vibe,"""noodle"" (to tinker playfully) + ""-aura"" (a glow or atmosphere) — evokes noodle with a sense of a glow or atmosphere.",2026-07-23T22:05:03.814Z
975,"noodlevel.com",vibe,"""noodle"" (to tinker playfully) + ""-vel"" (swift and lively (from velocity)) — evokes noodle with a sense of swift and lively.",2026-07-23T22:05:03.814Z
976,"noodleyx.com",vibe,"""noodle"" (to tinker playfully) + ""-yx"" (crystalline finish (like onyx)) — evokes noodle with a sense of crystalline finish.",2026-07-23T22:05:03.814Z
977,"panachecairn.com",vibe,"""panache"" (flair and style) + ""-cairn"" (a stack of stones that marks a path) — evokes panache with a sense of a stack of stones that marks a path.",2026-07-23T22:08:39.207Z
978,"panacheflux.com",vibe,"""panache"" (flair and style) + ""-flux"" (flow / constant motion) — evokes panache with a sense of flow / constant motion.",2026-07-23T22:08:39.207Z
979,"panacheix.com",vibe,"""panache"" (flair and style) + ""-ix"" (a crisp modern tail (like Netflix)) — evokes panache with a sense of a crisp modern tail.",2026-07-23T22:08:39.207Z
980,"panachelume.com",vibe,"""panache"" (flair and style) + ""-lume"" (light (from Latin lumen)) — evokes panache with a sense of light.",2026-07-23T22:08:39.207Z
981,"panachemira.com",vibe,"""panache"" (flair and style) + ""-mira"" (wonder (from Latin mirari)) — evokes panache with a sense of wonder.",2026-07-23T22:08:39.207Z
982,"panacheon.com",vibe,"""panache"" (flair and style) + ""-eon"" (an age / something lasting) — evokes panache with a sense of an age / something lasting.",2026-07-23T22:08:39.207Z
983,"panacheora.com",vibe,"""panache"" (flair and style) + ""-ora"" (an hour / a shining moment) — evokes panache with a sense of an hour / a shining moment.",2026-07-23T22:08:39.207Z
984,"panacheova.com",vibe,"""panache"" (flair and style) + ""-ova"" (new (from Latin novus)) — evokes panache with a sense of new.",2026-07-23T22:08:39.207Z
985,"panachera.com",vibe,"""panache"" (flair and style) + ""-era"" (an age of its own) — evokes panache with a sense of an age of its own.",2026-07-23T22:08:39.207Z
986,"panacherune.com",vibe,"""panache"" (flair and style) + ""-rune"" (an ancient symbol of meaning) — evokes panache with a sense of an ancient symbol of meaning.",2026-07-23T22:08:39.207Z
987,"panachesigil.com",vibe,"""panache"" (flair and style) + ""-sigil"" (a symbol with power) — evokes panache with a sense of a symbol with power.",2026-07-23T22:08:39.207Z
988,"panacheura.com",vibe,"""panache"" (flair and style) + ""-aura"" (a glow or atmosphere) — evokes panache with a sense of a glow or atmosphere.",2026-07-23T22:08:39.207Z
989,"panachevel.com",vibe,"""panache"" (flair and style) + ""-vel"" (swift and lively (from velocity)) — evokes panache with a sense of swift and lively.",2026-07-23T22:08:39.207Z
990,"panachewave.com",vibe,"""panache"" (flair and style) + ""-wave"" (a moving pulse) — evokes panache with a sense of a moving pulse.",2026-07-23T22:08:39.207Z
991,"peppyari.com",vibe,"""peppy"" (bouncy and upbeat) + ""-ari"" (a maker or keeper) — evokes peppy with a sense of a maker or keeper.",2026-07-23T22:05:03.814Z
992,"peppyeon.com",vibe,"""peppy"" (bouncy and upbeat) + ""-eon"" (an age / something lasting) — evokes peppy with a sense of an age / something lasting.",2026-07-23T22:05:03.814Z
993,"peppyetto.com",vibe,"""peppy"" (bouncy and upbeat) + ""-etto"" (little one (Italian diminutive)) — evokes peppy with a sense of little one.",2026-07-23T22:05:03.814Z
994,"peppyflux.com",vibe,"""peppy"" (bouncy and upbeat) + ""-flux"" (flow / constant motion) — evokes peppy with a sense of flow / constant motion.",2026-07-23T22:05:03.814Z
995,"peppyify.com",vibe,"""peppy"" (bouncy and upbeat) + ""-ify"" (to turn into) — evokes peppy with a sense of to turn into.",2026-07-23T22:05:03.814Z
996,"peppyika.com",vibe,"""peppy"" (bouncy and upbeat) + ""-ika"" (bright and quick (playful coinage)) — evokes peppy with a sense of bright and quick.",2026-07-23T22:05:03.814Z
997,"peppylume.com",vibe,"""peppy"" (bouncy and upbeat) + ""-lume"" (light (from Latin lumen)) — evokes peppy with a sense of light.",2026-07-23T22:05:03.814Z
998,"peppymira.com",vibe,"""peppy"" (bouncy and upbeat) + ""-mira"" (wonder (from Latin mirari, to marvel)) — evokes peppy with a sense of wonder.",2026-07-23T22:05:03.814Z
999,"peppyora.com",vibe,"""peppy"" (bouncy and upbeat) + ""-ora"" (an hour / a shining moment) — evokes peppy with a sense of an hour / a shining moment.",2026-07-23T22:05:03.814Z
1000,"peppyoso.com",vibe,"""peppy"" (bouncy and upbeat) + ""-oso"" (full of (Spanish/Italian -oso)) — evokes peppy with a sense of full of.",2026-07-23T22:05:03.814Z
